-- MySQL dump 10.13  Distrib 5.5.59, for Win64 (AMD64)
--
-- Host: localhost    Database: training_etracs_prov
-- ------------------------------------------------------
-- Server version	5.7.40-log

/*!40101 SET @OLD_CHARACTER_SET_CLIENT=@@CHARACTER_SET_CLIENT */;
/*!40101 SET @OLD_CHARACTER_SET_RESULTS=@@CHARACTER_SET_RESULTS */;
/*!40101 SET @OLD_COLLATION_CONNECTION=@@COLLATION_CONNECTION */;
/*!40101 SET NAMES utf8 */;
/*!40103 SET @OLD_TIME_ZONE=@@TIME_ZONE */;
/*!40103 SET TIME_ZONE='+00:00' */;
/*!40014 SET @OLD_UNIQUE_CHECKS=@@UNIQUE_CHECKS, UNIQUE_CHECKS=0 */;
/*!40014 SET @OLD_FOREIGN_KEY_CHECKS=@@FOREIGN_KEY_CHECKS, FOREIGN_KEY_CHECKS=0 */;
/*!40101 SET @OLD_SQL_MODE=@@SQL_MODE, SQL_MODE='NO_AUTO_VALUE_ON_ZERO' */;
/*!40111 SET @OLD_SQL_NOTES=@@SQL_NOTES, SQL_NOTES=0 */;

--
-- Current Database: `training_etracs_prov`
--

USE `training_etracs_prov`;

--
-- Dumping data for table `account`
--

LOCK TABLES `account` WRITE;
/*!40000 ALTER TABLE `account` DISABLE KEYS */;
INSERT INTO `account` VALUES ('DS','SRE','B4:DS','DEBT SERVICES','F_GF','group',325,326,2),('ES','SRE','B3:ES','ECONOMIC SERVICES','F_GF','group',243,324,2),('ESES','SRE','ESES','Economic Services','ES','group',244,323,3),('ESES01','SRE','ESES01','Office of the Provincial/City/Municipal Agriculturist','ESES','group',245,246,4),('ESES02','SRE','ESES02','Extension and on-site Research Services (BAEX)','ESES','group',247,248,4),('ESES03','SRE','ESES03','Demonstration/Farm Nurseries','ESES','group',249,250,4),('ESES04','SRE','ESES04','Operation of Farm Equipment Pool','ESES','group',251,252,4),('ESES05','SRE','ESES05','Quality Control of Agricultural Products','ESES','group',253,254,4),('ESES06','SRE','ESES06','Irrigation System','ESES','group',255,256,4),('ESES07','SRE','ESES07','Tourism Office','ESES','group',257,258,4),('ESES08','SRE','ESES08','Office of the Veterinarian','ESES','group',259,260,4),('ESES09','SRE','ESES09','Office of the Environment and Natural Resources Officer','ESES','group',261,262,4),('ESES10','SRE','ESES10','Office of the Provincial/City/Municipal Architect','ESES','group',263,264,4),('ESES11','SRE','ESES11','Office of the Provincial/City/Municipal Engineer','ESES','group',265,266,4),('ESES13','SRE','ESES13','Operation of Motor Pool','ESES','group',267,268,4),('ESES14','SRE','ESES14','Office of the Cooperatives Officer','ESES','group',269,270,4),('ESES15','SRE','ESES15','Others','ESES','group',271,272,4),('ESES16','SRE','ESES16','Operation of Economic Enterprise','ESES','group',273,306,4),('ESES1601','SRE','ESES1601','Operation of Waterworks System(Water Resource Development Office)','ESES16','group',274,275,5),('ESES1602','SRE','ESES1602','Operation of Electric Light and PowerSys. (Distribution,etc)','ESES16','group',276,277,5),('ESES1603','SRE','ESES1603','Operation of Telephone System (Communication)','ESES16','group',278,279,5),('ESES1604','SRE','ESES1604','Operation of Hospital','ESES16','group',280,281,5),('ESES1605','SRE','ESES1605','Operation of Markets (Economic Enterprise)','ESES16','group',282,283,5),('ESES1606','SRE','ESES1606','Operation of Slaughterhouse (Economic Enterprise)','ESES16','group',284,285,5),('ESES1607','SRE','ESES1607','Operation of Transportation System (Roads and Other Transport)','ESES16','group',286,287,5),('ESES1608','SRE','ESES1608','Operation of School (Economic Enterprise)','ESES16','group',288,289,5),('ESES1609','SRE','ESES1609','Operation of Cemeteries (Economic Enterprise)','ESES16','group',290,291,5),('ESES1610','SRE','ESES1610','Economic Development Programs (Printing)','ESES16','group',292,293,5),('ESES1611','SRE','ESES1611','Agricultural Development Projects','ESES16','group',294,295,5),('ESES1612','SRE','ESES1612','Tourism Projects (Hotels, etc.)','ESES16','group',296,297,5),('ESES1613','SRE','ESES1613','Commercial Development Projects (Trading, trade fair, etc)','ESES16','group',298,299,5),('ESES1614','SRE','ESES1614','Industrial Development Projects (Cottage Industry, etc)','ESES16','group',300,301,5),('ESES1615','SRE','ESES1615','Other Economic Development Projects (Canteen and Restaurant)','ESES16','group',302,303,5),('ESES1616','SRE','ESES1616','Other Economic Enterprises (Rent/Lease, Dormitory, Canteen, etc.)','ESES16','group',304,305,5),('ESES17','SRE','ESES17','20% Local Development Fund','ESES','group',307,308,4),('ESES18','SRE','ESES18','70% Local Disaster Risk Reduction and Management Fund','ESES','group',309,320,4),('ESES1801','SRE','ESES1801','Disaster Prevention and Mitigation','ESES18','group',310,311,5),('ESES1802','SRE','ESES1802','Disaster Preparedness','ESES18','group',312,313,5),('ESES1803','SRE','ESES1803','Disaster Response','ESES18','group',314,315,5),('ESES1804','SRE','ESES1804','Disaster Rehabilitation and Recovery','ESES18','group',316,317,5),('ESES1805','SRE','ESES1805','Procurement/Acquisition of Disaster Equipment for Disaster Response and Rescue Activities','ESES18','group',318,319,5),('ESES19','SRE','ESES19','30% Local Disaster Risk Reduction and Management Fund','ESES','group',321,322,4),('F_GF','SRE','1. GF','GENERAL FUND',NULL,'root',0,649,1),('F_SEF','SRE','F:SEF','Special Education Fund',NULL,'root',650,723,1),('GPS','SRE','B1:GPS','GENERAL PUBLIC SERVICES','F_GF','group',1,140,2),('GPSGPS','SRE','GPSGPS','General Public Services','GPS','group',2,139,3),('GPSGPS01','SRE','GPSGPS01','Office of the Governor/Mayor','GPSGPS','group',3,4,4),('GPSGPS02','SRE','GPSGPS02','Office of the Warden/Maintenance of the Prisoner','GPSGPS','group',5,6,4),('GPSGPS03','SRE','GPSGPS03','Civil Security','GPSGPS','group',7,8,4),('GPSGPS04','SRE','GPSGPS04','Barangay Secretariat/Barangay Office','GPSGPS','group',9,10,4),('GPSGPS05','SRE','GPSGPS05','Business Permit and Licensing Office','GPSGPS','group',11,12,4),('GPSGPS06','SRE','GPSGPS06','Office of the Vice Governor/Vice Mayor','GPSGPS','group',13,14,4),('GPSGPS07','SRE','GPSGPS07','Sangguniang Panlalawigan/Panlungsod/Pambayan','GPSGPS','group',15,16,4),('GPSGPS08','SRE','GPSGPS08','Support Services(Secretary to the Sanggunian)','GPSGPS','group',17,18,4),('GPSGPS09','SRE','GPSGPS09','Office of the Provincial/City/Municipal Administrator','GPSGPS','group',19,20,4),('GPSGPS10','SRE','GPSGPS10','Personnel Officer/Human Resource Management Office','GPSGPS','group',21,22,4),('GPSGPS11','SRE','GPSGPS11','Office of the Planning and Development Coordinator','GPSGPS','group',23,24,4),('GPSGPS12','SRE','GPSGPS12','Office of the Civil Registrar','GPSGPS','group',25,26,4),('GPSGPS13','SRE','GPSGPS13','General Services Office','GPSGPS','group',27,28,4),('GPSGPS14','SRE','GPSGPS14','Office of the Provincial/City/Municipal Budget Officer','GPSGPS','group',29,30,4),('GPSGPS15','SRE','GPSGPS15','Office of the Provincial/City/Municipal Accountant','GPSGPS','group',31,32,4),('GPSGPS16','SRE','GPSGPS16','Office of the Provincial/City/Municipal Treasurer','GPSGPS','group',33,34,4),('GPSGPS17','SRE','GPSGPS17','Office of the Provincial/City/Municipal Assessor','GPSGPS','group',35,36,4),('GPSGPS18','SRE','GPSGPS18','Office of the Provincial/City/Municipal Auditor','GPSGPS','group',37,38,4),('GPSGPS19','SRE','GPSGPS19','Office of the Information Officer','GPSGPS','group',39,40,4),('GPSGPS20','SRE','GPSGPS20','Information Services','GPSGPS','group',41,42,4),('GPSGPS21','SRE','GPSGPS21','Library Services','GPSGPS','group',43,44,4),('GPSGPS22','SRE','GPSGPS22','Office of the Legal Officer','GPSGPS','group',45,46,4),('GPSGPS23','SRE','GPSGPS23','Office of the Provincial/City/Municipal Prosecutor','GPSGPS','group',47,48,4),('GPSGPS24','SRE','GPSGPS24','Regional Trial Court','GPSGPS','group',49,50,4),('GPSGPS25','SRE','GPSGPS25','City/Municipal Trial Court','GPSGPS','group',51,52,4),('GPSGPS26','SRE','GPSGPS26','Office of the Registry of Deeds','GPSGPS','group',53,54,4),('GPSGPS27','SRE','GPSGPS27','Mining Claim Registrations','GPSGPS','group',55,56,4),('GPSGPS28','SRE','GPSGPS28','Police Department','GPSGPS','group',57,58,4),('GPSGPS29','SRE','GPSGPS29','Fire Protection Services','GPSGPS','group',59,60,4),('GPSGPS30','SRE','GPSGPS30','Others','GPSGPS','group',61,118,4),('GPSGPS3001','SRE','GPSGPS3001','Purchase of Debt Securities of Other Entities (Investment Outlay)','GPSGPS30','group',62,63,5),('GPSGPS3002','SRE','GPSGPS3002','Grant/Make Loan to Other Entities (Investment Outlay)','GPSGPS30','group',64,65,5),('GPSGPS3003','SRE','GPSGPS3003','Other Non-Operating Expenditures','GPSGPS30','group',66,117,5),('GPSGPS300301','SRE','GPSGPS300301','Purchase of Inventory','GPSGPS3003','group',67,68,6),('GPSGPS300302','SRE','GPSGPS300302','Disbursement of Trust Liabilities','GPSGPS3003','group',69,88,6),('GPSGPS300303','SRE','GPSGPS300303','Due to other NGAs','GPSGPS300302','group',70,71,7),('GPSGPS300304','SRE','GPSGPS300304','Due to other GOCCs','GPSGPS300302','group',72,73,7),('GPSGPS300305','SRE','GPSGPS300305','Due to other LGUs','GPSGPS300302','group',74,75,7),('GPSGPS300306','SRE','GPSGPS300306','Grant of Cash Advances','GPSGPS3003','group',89,90,6),('GPSGPS300307','SRE','GPSGPS300307','Payment of Prior Year Expenses Debited to PY Adj','GPSGPS3003','group',91,92,6),('GPSGPS300308','SRE','GPSGPS300308','Due to National Treasury','GPSGPS300302','group',76,77,7),('GPSGPS300309','SRE','GPSGPS300309','Due to BIR','GPSGPS300302','group',78,79,7),('GPSGPS300310','SRE','GPSGPS300310','Due to GSIS','GPSGPS300302','group',80,81,7),('GPSGPS300311','SRE','GPSGPS300311','Due to PAG-IBIG','GPSGPS300302','group',82,83,7),('GPSGPS300312','SRE','GPSGPS300312','Due to PhilHealth','GPSGPS300302','group',84,85,7),('GPSGPS300313','SRE','GPSGPS300313','Due to Officers and Employees','GPSGPS300302','group',86,87,7),('GPSGPS300314','SRE','GPSGPS300314','Intra-Agency Payables','GPSGPS3003','group',93,96,6),('GPSGPS300315','SRE','GPSGPS300315','Due to Other Fund','GPSGPS300314','group',94,95,7),('GPSGPS300316','SRE','GPSGPS300316','Other Current Liabilities','GPSGPS3003','group',97,106,6),('GPSGPS300317','SRE','GPSGPS300317','Guaranty Deposits Payable','GPSGPS300316','group',98,99,7),('GPSGPS300318','SRE','GPSGPS300318','Performance/Bidders/Bail Bonds Payable','GPSGPS300316','group',100,101,7),('GPSGPS300319','SRE','GPSGPS300319','Other Payables','GPSGPS300316','group',102,103,7),('GPSGPS300320','SRE','GPSGPS300320','Other Deferred Credits','GPSGPS300316','group',104,105,7),('GPSGPS300321','SRE','GPSGPS300321','Payable Accounts','GPSGPS3003','group',107,116,6),('GPSGPS300322','SRE','GPSGPS300322','Accounts Payable','GPSGPS300321','group',108,109,7),('GPSGPS300323','SRE','GPSGPS300323','Notes Payable','GPSGPS300321','group',110,111,7),('GPSGPS300324','SRE','GPSGPS300324','Dividend Payable','GPSGPS300321','group',112,113,7),('GPSGPS300325','SRE','GPSGPS300325','Interest Payable','GPSGPS300321','group',114,115,7),('GPSGPS31','SRE','GPSGPS31','20% Local Development Fund','GPSGPS','group',119,120,4),('GPSGPS32','SRE','GPSGPS32','Public Order & Safety Department','GPSGPS','group',121,122,4),('GPSGPS33','SRE','GPSGPS33','Aids to Barangay','GPSGPS','group',123,124,4),('GPSGPS34','SRE','GPSGPS34','70% Local Disaster Risk Reduction and Management Fund','GPSGPS','group',125,136,4),('GPSGPS3401','SRE','GPSGPS3401','Disaster Prevention and Mitigation','GPSGPS34','group',126,127,5),('GPSGPS3402','SRE','GPSGPS3402','Disaster Preparedness','GPSGPS34','group',128,129,5),('GPSGPS3403','SRE','GPSGPS3403','Disaster Response','GPSGPS34','group',130,131,5),('GPSGPS3404','SRE','GPSGPS3404','Disaster Rehabilitation and Recovery','GPSGPS34','group',132,133,5),('GPSGPS3405','SRE','GPSGPS3405','Procurement/Acquisition of Disaster Equipment for Disaster Response and Rescue Activities','GPSGPS34','group',134,135,5),('GPSGPS35','SRE','GPSGPS35','30% Local Disaster Risk Reduction and Management Fund','GPSGPS','group',137,138,4),('PI_AT','SRE','01','AMUSEMENT TAX','RS_TOB','item',390,391,5),('PI_BT1','SRE','01','MANUFACTURERS, ASSEMBLERS, ETC.','P_BT','item',369,370,6),('PI_BT10','SRE','10','OTHER BUSINESS TAXES','P_BT','item',387,388,6),('PI_BT2','SRE','02','WHOLESALERS, DISTRIBUTORS, ETC.','P_BT','item',371,372,6),('PI_BT3','SRE','03','EXPORTERS, MANUFACTURERS, DEALERS, ETC.','P_BT','item',373,374,6),('PI_BT4','SRE','04','RETAILERS','P_BT','item',375,376,6),('PI_BT5','SRE','05','CONTRACTORS AND OTHER INDEPENDENT CONTRACTORS','P_BT','item',377,378,6),('PI_BT6','SRE','06','BANKS & OTHER FINANCIAL INSTITUTIONS','P_BT','item',379,380,6),('PI_BT7','SRE','07','PEDDLERS','P_BT','item',381,382,6),('PI_BT8','SRE','08','PRINTING & PUBLICATION TAX','P_BT','item',383,384,6),('PI_BT9','SRE','09','TAX ON AMUSEMENT PLACES','P_BT','item',385,386,6),('PI_CIRCLRP','SRE','03','COLLECTION OF LOANS RECEIVABLES (PRINCIPAL)','RS_CIR','item',612,613,5),('PI_CIRPSA','SRE','01','PROCEEDS FROM SALE OF ASSETS','RS_CIR','item',608,609,5),('PI_CIRPSI','SRE','02','PROCEEDS FROM SALE OF DEBT SECURITIES OF OTHER ENTITIES','RS_CIR','item',610,611,5),('PI_ERGDAEGPGF','SRE','01','GAIN ON FOREX','P_ERGDAEGP','item',587,588,6),('PI_ERGDAEGPGSA','SRE','02','GAIN ON SALE OF ASSETS','P_ERGDAEGP','item',589,590,6),('PI_ERGDAEGPGSI','SRE','04','GAIN ON SALE OF INVESTMENTS','P_ERGDAEGP','item',593,594,6),('PI_ERGDAEGPPBP','SRE','03','PREMIUM ON BONDS PAYABLE','P_ERGDAEGP','item',591,592,6),('PI_ERGDAGDD','SRE','01','DOMESTIC','P_ERGDAGD','item',575,576,6),('PI_ERGDAGDF','SRE','02','FOREIGN','P_ERGDAGD','item',577,578,6),('PI_ERGDASIGOCC','SRE','02','SUBSIDY FROM GOCCS','P_ERGDASI','item',583,584,6),('PI_ERGDASIOSI','SRE','01','OTHER SUBSIDY INCOME','P_ERGDASI','item',581,582,6),('PI_FAPBT','SRE','05','FINES AND PENALTIES-BUSINESS TAXES','RS_TOB','item',398,399,5),('PI_FT','SRE','02','FRANCHISE TAX','RS_TOB','item',392,393,5),('PI_IFEEEECFEO','SRE','06','COMMUNICATION FACILITIES & EQUIPMENT OPERATIONS','P_IFEEEE','item',497,498,6),('PI_IFEEEECO','SRE','05','CEMETERY OPERATIONS','P_IFEEEE','item',495,496,6),('PI_IFEEEECRO','SRE','04','CANTEEN/RESTAURANT OPERATIONS','P_IFEEEE','item',493,494,6),('PI_IFEEEEDO','SRE','07','DORMITORY OPERATIONS','P_IFEEEE','item',499,500,6),('PI_IFEEEEFPEE','SRE','16','FINES AND PENALTIES-ECONOMIC ENTERPRISES','P_IFEEEE','item',517,518,6),('PI_IFEEEEHO','SRE','03','HOSPITAL OPERATIONS','P_IFEEEE','item',491,492,6),('PI_IFEEEEILRF','SRE','13','LEASE/RENTAL OF FACILITIES','P_IFEEEE','item',511,512,6),('PI_IFEEEEITB','SRE','14','TRADING BUSINESS','P_IFEEEE','item',513,514,6),('PI_IFEEEEMO','SRE','08','MARKET OPERATIONS','P_IFEEEE','item',501,502,6),('PI_IFEEEEOTE','SRE','15','OTHER ECONOMIC ENTERPRISES','P_IFEEEE','item',515,516,6),('PI_IFEEEEPI','SRE','17','PREPAID INCOME (PREPAID RENT)','P_IFEEEE','item',519,520,6),('PI_IFEEEEPPO','SRE','12','PRINTING & PUBLICATION OPERATIONS','P_IFEEEE','item',509,510,6),('PI_IFEEEESCH','SRE','01','SCHOOL OPERATIONS','P_IFEEEE','item',487,488,6),('PI_IFEEEESGD','SRE','02','POWER GENERATION/DISTRIBUTION','P_IFEEEE','item',489,490,6),('PI_IFEEEESLO','SRE','09','SLAUGHTERHOUSE OPERATIONS','P_IFEEEE','item',503,504,6),('PI_IFEEEETSO','SRE','10','TRANSPORTATION SYSTEM OPERATIONS','P_IFEEEE','item',505,506,6),('PI_IFEEEEWSO','SRE','11','WATERWORKS SYSTEM OPERATIONS','P_IFEEEE','item',507,508,6),('PI_ILTSF','SRE','01','SUBSIDY FROM LGUS','RS_ILT','item',600,601,5),('PI_ILTSOF','SRE','02','SUBSIDY FROM OTHER FUNDS','RS_ILT','item',602,603,5),('PI_IRACY','SRE','01','CURRENT YEAR','RS_IRA','item',542,543,5),('PI_IRAPY','SRE','02','PRIOR YEAR','RS_IRA','item',544,545,5),('PI_OIRDI','SRE','02','DIVIDEND INCOME','RS_OIR','item',526,527,5),('PI_OIRII','SRE','01','INTEREST INCOME','RS_OIR','item',524,525,5),('PI_OIROGIMMDA','SRE','01','REBATES ON MMDA CONTRIBUTION','P_OIROGI','item',529,530,6),('PI_OIROGIMO','SRE','03','MISCELLANEOUS - OTHERS','P_OIROGI','item',533,534,6),('PI_OIROGISCASGP','SRE','02','SALES OF CONFISCATED/ABANDONED/SEIZED GOODS & PROPERTIES','P_OIROGI','item',531,532,6),('PI_ONIRCIAR','SRE','03','COLLECTION FROM INTER-AGENCY RECEIVABLES','RS_ONIR','item',632,633,5),('PI_ONIRCOLA','SRE','04','OTHER RECEIVABLES','RS_ONIR','item',634,635,5),('PI_ONIRCOLRCV','SRE','01','COLLECTION RECEIVABLES','RS_ONIR','item',628,629,5),('PI_ONIRCPYI','SRE','05','COLLECTION OF PRIOR YEAR INCOME CREDITED TO PRIOR YEAR ADJUSTMENT','RS_ONIR','item',636,637,5),('PI_ONIRCTLGOCC','SRE','02','DUE FROM OTHER GOCCS','P_ONIRCTL','item',641,642,6),('PI_ONIRCTLLGU','SRE','03','DUE FROM LGUS','P_ONIRCTL','item',643,644,6),('PI_ONIRCTLNGA','SRE','01','DUE FROM OTHER NGAS','P_ONIRCTL','item',639,640,6),('PI_ONIRRCA','SRE','02','REFUND OF CASH ADVANCES','RS_ONIR','item',630,631,5),('PI_OSFNTCSE','SRE','02','SHARE FROM EVAT','RS_OSFNTC','item',562,563,5),('PI_OSFNTCSEZ','SRE','01','SHARE FROM ECONOMIC ZONE (RA 7227)','RS_OSFNTC','item',560,561,5),('PI_OSFNTCSNOTH','SRE','05','OTHERS','P_OSFNTCSNW','item',557,558,6),('PI_OSFNTCSNWFC','SRE','03','FORESTRY CHARGES','P_OSFNTCSNW','item',553,554,6),('PI_OSFNTCSNWMR','SRE','04','MINERAL RESERVATIONS','P_OSFNTCSNW','item',555,556,6),('PI_OSFNTCSNWMT','SRE','01','MINING TAXES','P_OSFNTCSNW','item',549,550,6),('PI_OSFNTCSNWOSE','SRE','02','UTILIZATION OF HYDROTHERMAL, GEOTHERMAL AND OTHER SOURCES OF ENERGY','P_OSFNTCSNW','item',551,552,6),('PI_OSFNTCSPPL','SRE','03','SHARE FROM PAGCOR/PCSO/LOTTO','RS_OSFNTC','item',564,565,5),('PI_OSFNTCSSTE','SRE','04','SHARE FROM TOBACCO EXCISE TAX (RA 7171)','RS_OSFNTC','item',566,567,5),('PI_OSFNTOTH','SRE','05','OTHERS','RS_OSFNTC','item',568,569,5),('PI_OTCTC','SRE','01','COMMUNITY TAX-CORPORATION','RS_OT','item',402,403,5),('PI_OTCTI','SRE','02','COMMUNITY TAX-INDIVIDUAL','RS_OT','item',404,405,5),('PI_OTFPOT','SRE','06','FINES AND PENALTIES-OTHER TAXES','RS_OT','item',412,413,5),('PI_OTOT','SRE','05','OTHER TAXES','RS_OT','item',410,411,5),('PI_OTPT','SRE','03','PROFESSIONAL TAX','RS_OT','item',406,407,5),('PI_OTRPTT','SRE','04','REAL PROPERTY TRANSFER TAX','RS_OT','item',408,409,5),('PI_RFFPPL','SRE','02','FINES AND PENALTIES-PERMITS AND LICENSES','RS_RF','item',446,447,5),('PI_RFIF','SRE','01','INSPECTION FEES','RS_RF','item',438,439,5),('PI_RFLABBF','SRE','03','BONDS FLOTATION','RS_RFLAB','item',622,623,5),('PI_RFLABLD','SRE','01','LOANS - DOMESTIC','RS_RFLAB','item',618,619,5),('PI_RFLABLF','SRE','02','LOANS - FOREIGN','RS_RFLAB','item',620,621,5),('PI_RFPL1','SRE','01','FEES ON WEIGHTS AND MEASURES','P_RFPL','item',419,420,6),('PI_RFPL2','SRE','02','FISHERY RENTAL FEES AND PRIVILEGE FEES','P_RFPL','item',421,422,6),('PI_RFPL3','SRE','03','FRANCHISING AND LICENSING FEES','P_RFPL','item',423,424,6),('PI_RFPL4','SRE','04','BUSINESS PERMIT FEES','P_RFPL','item',425,426,6),('PI_RFPL5','SRE','05','BUILDING PERMIT FEES','P_RFPL','item',427,428,6),('PI_RFPL6','SRE','06','ZONAL/LOCATION PERMIT FEES','P_RFPL','item',429,430,6),('PI_RFPL7','SRE','07','TRICYCLE OPERATORS PERMIT FEES','P_RFPL','item',431,432,6),('PI_RFPL8','SRE','08','OCCUPATIONAL FEES','P_RFPL','item',433,434,6),('PI_RFPL9','SRE','09','OTHER PERMITS & LICENSES','P_RFPL','item',435,436,6),('PI_RFRF1','SRE','01','CATTLE/ANIMAL REGISTRATION FEES','P_RFRF','item',441,442,6),('PI_RFRF2','SRE','02','CIVIL REGISTRATION FEES','P_RFRF','item',443,444,6),('PI_RPTBCY','SRE','01','CURRENT YEAR','P_RPTB','item',331,332,6),('PI_RPTBD','SRE','05','DISCOUNT','P_RPTB','item',339,340,6),('PI_RPTBFPCY','SRE','02','FINES AND PENALTIES-CURRENT YEAR','P_RPTB','item',333,334,6),('PI_RPTBFPPY','SRE','03','FINES AND PENALTIES-PRIOR YEAR/S','P_RPTB','item',335,336,6),('PI_RPTBPY','SRE','04','PRIOR YEAR/S','P_RPTB','item',337,338,6),('PI_RPTSEFCY','SRE','RPTSEFCY','Current Year','P_RPTSEF','item',655,656,6),('PI_RPTSEFD','SRE','RPTSEFD','Discount','P_RPTSEF','item',657,658,6),('PI_RPTSEFFPCY','SRE','RPTSEFFPCY','Fines and Penalties-Current Year','P_RPTSEF','item',659,660,6),('PI_RPTSEFFPPY','SRE','RPTSEFFPPY','Fines and Penalties-Prior Year/s','P_RPTSEF','item',661,662,6),('PI_RPTSEFPY','SRE','RPTSEFPY','Prior Year/s','P_RPTSEF','item',663,664,6),('PI_RPTSLILCY','SRE','RPTSLILCY','Current Year','P_RPTSLIL','item',343,344,6),('PI_RPTSLILD','SRE','RPTSLILD','Discount','P_RPTSLIL','item',345,346,6),('PI_RPTSLILFPCY','SRE','RPTSLILFPCY','Fines and Penalties-Current Year','P_RPTSLIL','item',347,348,6),('PI_RPTSLILFPPY','SRE','RPTSLILFPPY','Fines and Penalties-Prior Year/s','P_RPTSLIL','item',349,350,6),('PI_RPTSLILPY','SRE','RPTSLILPY','Prior Year/s','P_RPTSLIL','item',351,352,6),('PI_RPTSLLBPWPCY','SRE','RPTSLLBPWPCY','Current Year','P_RPTSLLBPWP','item',355,356,6),('PI_RPTSLLBPWPD','SRE','RPTSLLBPWPD','Discount','P_RPTSLLBPWP','item',357,358,6),('PI_RPTSLLBPWPFPCY','SRE','RPTSLLBPWPFPCY','Fines and Penalties-Current Year','P_RPTSLLBPWP','item',359,360,6),('PI_RPTSLLBPWPFPPY','SRE','RPTSLLBPWPFPPY','Fines and Penalties-Prior Year/s','P_RPTSLLBPWP','item',361,362,6),('PI_RPTSLLBPWPPY','SRE','RPTSLLBPWPPY','Prior Year/s','P_RPTSLLBPWP','item',363,364,6),('PI_SEFDGAGDD','SRE','SEFDGAGDD','Grants and Donations - Domestic','P_SEFDGA','item',667,668,6),('PI_SEFDGAGDF','SRE','SEFDGAGDF','Grants and Donations - Foreign','P_SEFDGA','item',669,670,6),('PI_SEFDGAOSI','SRE','SEFDGAOSI','Other Subsidy Income','P_SEFDGA','item',671,672,6),('PI_SEFILTSL','SRE','SEFILTSL','Subsidy from LGUs','P_SEFILT','item',675,676,6),('PI_SEFILTSOF','SRE','SEFILTSOF','Subsidy from Other Funds','P_SEFILT','item',677,678,6),('PI_SEFORII','SRE','SEFORII','Interest Income','P_SEFOR','item',681,682,6),('PI_SEFOROBI','SRE','SEFOROBI','Other Business Income (Miscellaneous)','P_SEFOR','item',683,684,6),('PI_SEFRLBLD','SRE','SEFRLBLD','Loans - Domestic','P_SEFRLB','item',687,688,6),('PI_SEFRLBLF','SRE','SEFRLBLF','Loans - Foreign','P_SEFRLB','item',689,690,6),('PI_SUCCFPC','SRE','01','POLICE CLEARANCE','P_SUCCCF','item',451,452,6),('PI_SUCFPSI','SRE','01','FINES AND PENALTIES-SERVICE INCOME','RS_SUC','item',460,461,5),('PI_SUCHC','SRE','03','HEALTH CERTIFICATE','P_SUCCCF','item',453,454,6),('PI_SUCHF','SRE','04','HOSPITAL FEES','RS_SUC','item',476,477,5),('PI_SUCLAE','SRE','02','LANDING AND AERONAUTICAL FEES','RS_SUC','item',472,473,5),('PI_SUCMDLF','SRE','05','MEDICAL, DENTAL AND LABORATORY FEES','RS_SUC','item',478,479,5),('PI_SUCMSF','SRE','06','MARKET & SLAUGHTERHOUSE FEES','RS_SUC','item',480,481,5),('PI_SUCOFGF','SRE','01','GARBAGE FEES','P_SUCOF','item',463,464,6),('PI_SUCOFOSI','SRE','04','OTHER SERVICE INCOME','P_SUCOF','item',465,466,6),('PI_SUCOFTF','SRE','03','TOLL FEES','P_SUCOF','item',467,468,6),('PI_SUCOFWF','SRE','02','WHARFAGE FEES','P_SUCOF','item',469,470,6),('PI_SUCOTC','SRE','04','OTHER CLEARANCE AND CERTIFICATION','P_SUCCCF','item',455,456,6),('PI_SUCPPF','SRE','07','PRINTING AND PUBLICATION FEES','RS_SUC','item',482,483,5),('PI_SUCPTF','SRE','03','PARKING AND TERMINAL FEES','RS_SUC','item',474,475,5),('PI_SUCSF','SRE','02','SECRETARY\'S FEES','P_SUCCCF','item',457,458,6),('PI_TDTV','SRE','03','TAX ON DELIVERY TRUCKS AND VANS','RS_TOB','item',394,395,5),('PI_TSGOQR','SRE','04','TAX ON SAND, GRAVEL & OTHER QUARRY RESOURCES','RS_TOB','item',396,397,5),('PPSAS-1','PPSAS','1','Assets',NULL,'root',0,673,1),('PPSAS-101','PPSAS','101','Cash','PPSAS-1','group',1,20,2),('PPSAS-10101','PPSAS','10101','Cash on Hand','PPSAS-101','group',2,7,3),('PPSAS-10101010','PPSAS','10101010','Cash Local Treasury','PPSAS-10101','item',3,4,4),('PPSAS-10101020','PPSAS','10101020','Petty Cash','PPSAS-10101','item',5,6,4),('PPSAS-10102','PPSAS','10102','Cash in Bank - Local Currency','PPSAS-101','group',8,13,3),('PPSAS-10102010','PPSAS','10102010','Cash in Bank - Local Currency, Current Account','PPSAS-10102','item',9,10,4),('PPSAS-10102020','PPSAS','10102020','Cash in Bank - Local Currency, Savings Account','PPSAS-10102','item',11,12,4),('PPSAS-10103','PPSAS','10103','Cash in Bank - Foreign Currency','PPSAS-101','group',14,19,3),('PPSAS-10103010','PPSAS','10103010','Cash in Bank - Foreign Currency, Current Account','PPSAS-10103','item',15,16,4),('PPSAS-10103020','PPSAS','10103020','Cash in Bank - Foreign Currency, Savings Account','PPSAS-10103','item',17,18,4),('PPSAS-102','PPSAS','102','Investments','PPSAS-1','group',21,76,2),('PPSAS-10201','PPSAS','10201','Investments in Time Deposits','PPSAS-102','group',22,29,3),('PPSAS-10201010','PPSAS','10201010','Cash in Bank -Local Currency, Time Deposits','PPSAS-10201','item',23,24,4),('PPSAS-10201020','PPSAS','10201020','Cash in Bank - Foreign Currency, Time Deposits','PPSAS-10201','item',25,26,4),('PPSAS-10201030','PPSAS','10201030','Treasury Bills','PPSAS-10201','item',27,28,4),('PPSAS-10202','PPSAS','10202','Financial  Assets at Fair Value Through Surplus or Deficit','PPSAS-102','group',30,35,3),('PPSAS-10202010','PPSAS','10202010','Financial Assets Held for Trading','PPSAS-10202','item',31,32,4),('PPSAS-10202020','PPSAS','10202020','Financial  Assets Designated at Fair Value Through Surplus or Deficit','PPSAS-10202','item',33,34,4),('PPSAS-10203','PPSAS','10203','Financial Assets - Held to Maturity','PPSAS-102','group',36,45,3),('PPSAS-10203010','PPSAS','10203010','Investments in Treasury Bills - Local','PPSAS-10203','item',37,38,4),('PPSAS-10203011','PPSAS','10203011','Allowance for Impairment - Investments in Treasury Bills - Local','PPSAS-10203','item',39,40,4),('PPSAS-10203020','PPSAS','10203020','Investments in  Bonds-Local','PPSAS-10203','item',41,42,4),('PPSAS-10203021','PPSAS','10203021','Allowance for Impairment - Investments in Bonds - Local','PPSAS-10203','item',43,44,4),('PPSAS-10204','PPSAS','10204','Financial Assets - Available for Sale','PPSAS-102','group',46,51,3),('PPSAS-10204010','PPSAS','10204010','Investments in Stocks','PPSAS-10204','item',47,48,4),('PPSAS-10204020','PPSAS','10204020','Investments in Bonds','PPSAS-10204','item',49,50,4),('PPSAS-10205','PPSAS','10205','Financial Assets - Others','PPSAS-102','group',52,65,3),('PPSAS-10205010','PPSAS','10205010','Deposits on Letters of Credit','PPSAS-10205','item',53,54,4),('PPSAS-10205011','PPSAS','10205011','Allowance for Impairment - Deposits in Letters of Credit','PPSAS-10205','item',55,56,4),('PPSAS-10205020','PPSAS','10205020','Guaranty Deposits','PPSAS-10205','item',57,58,4),('PPSAS-10205021','PPSAS','10205021','Allowance for Impairment - Guaranty Deposits','PPSAS-10205','item',59,60,4),('PPSAS-10205990','PPSAS','10205990','Other Investments','PPSAS-10205','item',61,62,4),('PPSAS-10205991','PPSAS','10205991','Allowance for Impairment - Other Investments','PPSAS-10205','item',63,64,4),('PPSAS-10206','PPSAS','10206','Investments in Joint Venture','PPSAS-102','group',66,71,3),('PPSAS-10206010','PPSAS','10206010','Investments in Joint Venture','PPSAS-10206','item',67,68,4),('PPSAS-10206011','PPSAS','10206011','Allowance for Impairment - Investments in Joint Venture','PPSAS-10206','item',69,70,4),('PPSAS-10207','PPSAS','10207','Sinking Fund','PPSAS-102','group',72,75,3),('PPSAS-10207010','PPSAS','10207010','Sinking Fund','PPSAS-10207','item',73,74,4),('PPSAS-103','PPSAS','103','Receivables','PPSAS-1','group',77,180,2),('PPSAS-10301','PPSAS','10301','Loans and Receivable Accounts','PPSAS-103','group',78,115,3),('PPSAS-10301010','PPSAS','10301010','Accounts Receivable','PPSAS-10301','item',79,80,4),('PPSAS-10301011','PPSAS','10301011','Allowance for Impairment - Accounts Receivable','PPSAS-10301','item',81,82,4),('PPSAS-10301020','PPSAS','10301020','Real Property Tax Receivable','PPSAS-10301','item',83,84,4),('PPSAS-10301021','PPSAS','10301021','Allowance for Impairment - RPT Receivable','PPSAS-10301','item',85,86,4),('PPSAS-10301030','PPSAS','10301030','Special Education Tax Receivable','PPSAS-10301','item',87,88,4),('PPSAS-10301031','PPSAS','10301031','Allowance for Impairment - SET Receivable','PPSAS-10301','item',89,90,4),('PPSAS-10301040','PPSAS','10301040','Notes Receivable','PPSAS-10301','item',91,92,4),('PPSAS-10301041','PPSAS','10301041','Allowance for Impairment - Notes Receivable','PPSAS-10301','item',93,94,4),('PPSAS-10301050','PPSAS','10301050','Loans Receivable - Government-Owned and/or Controlled Corporations','PPSAS-10301','item',95,96,4),('PPSAS-10301051','PPSAS','10301051','Allowance for Impairment - Loans Receivable - Government-Owned and/or Controlled Corporations','PPSAS-10301','item',97,98,4),('PPSAS-10301060','PPSAS','10301060','Loans Receivable - Local Government Units','PPSAS-10301','item',99,100,4),('PPSAS-10301061','PPSAS','10301061','Allowance for Impairment  - Loans Receivable - Local Government Units','PPSAS-10301','item',101,102,4),('PPSAS-10301070','PPSAS','10301070','Interests Receivable','PPSAS-10301','item',103,104,4),('PPSAS-10301071','PPSAS','10301071','Allowance for Impairment - Interests Receivable','PPSAS-10301','item',105,106,4),('PPSAS-10301080','PPSAS','10301080','Dividends Receivable','PPSAS-10301','item',107,108,4),('PPSAS-10301081','PPSAS','10301081','Allowance for Impairment - Dividends Receivable','PPSAS-10301','item',109,110,4),('PPSAS-10301990','PPSAS','10301990','Loans Receivable - Others','PPSAS-10301','item',111,112,4),('PPSAS-10301991','PPSAS','10301991','Allowance for Impairment - Loans Receivable - Others','PPSAS-10301','item',113,114,4),('PPSAS-10302','PPSAS','10302','Lease  Receivables','PPSAS-103','group',116,125,3),('PPSAS-10302010','PPSAS','10302010','Operating Lease  Receivable','PPSAS-10302','item',117,118,4),('PPSAS-10302011','PPSAS','10302011','Allowance for Impairment - Operating Lease Receivable','PPSAS-10302','item',119,120,4),('PPSAS-10302020','PPSAS','10302020','Finance Lease Receivable','PPSAS-10302','item',121,122,4),('PPSAS-10302021','PPSAS','10302021','Allowance for Impairment - Finance Lease Receivable','PPSAS-10302','item',123,124,4),('PPSAS-10303','PPSAS','10303','Inter-Agency Receivables','PPSAS-103','group',126,143,3),('PPSAS-10303010','PPSAS','10303010','Due from National Government Agencies','PPSAS-10303','item',127,128,4),('PPSAS-10303011','PPSAS','10303011','Allowance for Impairment - Due from National Government Agencies','PPSAS-10303','item',129,130,4),('PPSAS-10303020','PPSAS','10303020','Due from Government-Owned and/or Controlled Corporations','PPSAS-10303','item',131,132,4),('PPSAS-10303021','PPSAS','10303021','Allowance for Impairment - Due from GOCCs','PPSAS-10303','item',133,134,4),('PPSAS-10303030','PPSAS','10303030','Due from Local Government Units','PPSAS-10303','item',135,136,4),('PPSAS-10303031','PPSAS','10303031','Allowance for Impairment - Due from LGUs','PPSAS-10303','item',137,138,4),('PPSAS-10303040','PPSAS','10303040','Due from Joint Venture','PPSAS-10303','item',139,140,4),('PPSAS-10303041','PPSAS','10303041','Allowance for Impairment - Due from Joint Venture','PPSAS-10303','item',141,142,4),('PPSAS-10304','PPSAS','10304','Intra-Agency Receivables','PPSAS-103','group',144,151,3),('PPSAS-10304050','PPSAS','10304050','Due from Other Funds','PPSAS-10304','item',145,146,4),('PPSAS-10304060','PPSAS','10304060','Due from Special Accounts','PPSAS-10304','item',147,148,4),('PPSAS-10304070','PPSAS','10304070','Due from Local Economic Enterprise','PPSAS-10304','item',149,150,4),('PPSAS-10305','PPSAS','10305','Advances','PPSAS-103','group',152,161,3),('PPSAS-10305010','PPSAS','10305010','Advances for Operating Expenses','PPSAS-10305','item',153,154,4),('PPSAS-10305020','PPSAS','10305020','Advances for Payroll','PPSAS-10305','item',155,156,4),('PPSAS-10305030','PPSAS','10305030','Advances to Special Disbursing Officer','PPSAS-10305','item',157,158,4),('PPSAS-10305040','PPSAS','10305040','Advances for Officers and Employees','PPSAS-10305','item',159,160,4),('PPSAS-10306','PPSAS','10306','Other Receivables','PPSAS-103','group',162,179,3),('PPSAS-10306010','PPSAS','10306010','Receivables - Disallowances/Charges','PPSAS-10306','item',163,164,4),('PPSAS-10306011','PPSAS','10306011','Allowance for Impairment - Receivables- Disallowances/Charges','PPSAS-10306','item',165,166,4),('PPSAS-10306020','PPSAS','10306020','Due from Officers and Employees','PPSAS-10306','item',167,168,4),('PPSAS-10306021','PPSAS','10306021','Allowance for Impairment - Due from Officers and Employees','PPSAS-10306','item',169,170,4),('PPSAS-10306030','PPSAS','10306030','Due from Non-Government Organizations/People\'s Organizations','PPSAS-10306','item',171,172,4),('PPSAS-10306031','PPSAS','10306031','Allowance for Impairment - Due from Non-Government Organizations/People\'s Organizations','PPSAS-10306','item',173,174,4),('PPSAS-10306990','PPSAS','10306990','Other Receivables','PPSAS-10306','item',175,176,4),('PPSAS-10306991','PPSAS','10306991','Allowance for Impairment - Other Receivables','PPSAS-10306','item',177,178,4),('PPSAS-104','PPSAS','104','Inventories','PPSAS-1','group',181,246,2),('PPSAS-10401','PPSAS','10401','Inventory Held for Sale','PPSAS-104','group',182,185,3),('PPSAS-10401010','PPSAS','10401010','Merchandise Inventory','PPSAS-10401','item',183,184,4),('PPSAS-10402','PPSAS','10402','Inventory Held for Distribution','PPSAS-104','group',186,207,3),('PPSAS-10402010','PPSAS','10402010','Food Supplies for Distribution','PPSAS-10402','item',187,188,4),('PPSAS-10402020','PPSAS','10402020','Welfare Goods for Distribution','PPSAS-10402','item',189,190,4),('PPSAS-10402030','PPSAS','10402030','Drugs and Medicines for Distribution','PPSAS-10402','item',191,192,4),('PPSAS-10402040','PPSAS','10402040','Medical, Dental and Laboratory Supplies for Distribution','PPSAS-10402','item',193,194,4),('PPSAS-10402050','PPSAS','10402050','Agricultural and Marine Supplies for Distribution','PPSAS-10402','item',195,196,4),('PPSAS-10402060','PPSAS','10402060','Agricultural Produce for Distribution','PPSAS-10402','item',197,198,4),('PPSAS-10402070','PPSAS','10402070','Textbooks and Instructional Materials for Distribution','PPSAS-10402','item',199,200,4),('PPSAS-10402080','PPSAS','10402080','Construction Materials for Distribution','PPSAS-10402','item',201,202,4),('PPSAS-10402090','PPSAS','10402090','Property and Equipment for Distribution','PPSAS-10402','item',203,204,4),('PPSAS-10402990','PPSAS','10402990','Other Supplies and Materials for Distribution','PPSAS-10402','item',205,206,4),('PPSAS-10403','PPSAS','10403','Inventory Held for Manufacturing','PPSAS-104','group',208,215,3),('PPSAS-10403010','PPSAS','10403010','Raw Materials Inventory','PPSAS-10403','item',209,210,4),('PPSAS-10403020','PPSAS','10403020','Work-in-Process Inventory','PPSAS-10403','item',211,212,4),('PPSAS-10403030','PPSAS','10403030','Finished Goods Inventory','PPSAS-10403','item',213,214,4),('PPSAS-10404','PPSAS','10404','Inventory Held for Consumption','PPSAS-104','group',216,245,3),('PPSAS-10404010','PPSAS','10404010','Office Supplies Inventory','PPSAS-10404','item',217,218,4),('PPSAS-104040100','PPSAS','104040100','Textbooks and Instructional Materials Inventory','PPSAS-10404','item',219,220,4),('PPSAS-104040105','PPSAS','104040105','Prepayments and Deferred Charges','PPSAS-1','item',247,248,2),('PPSAS-104040110','PPSAS','104040110','Military, Police and Traffic Supplies Inventory','PPSAS-10404','item',221,222,4),('PPSAS-104040120','PPSAS','104040120','Chemical and Filtering Supplies Inventory','PPSAS-10404','item',223,224,4),('PPSAS-104040130','PPSAS','104040130','Construction Materials Inventory','PPSAS-10404','item',225,226,4),('PPSAS-10404020','PPSAS','10404020','Accountable Forms, Plates and Stickers','PPSAS-10404','item',227,228,4),('PPSAS-10404030','PPSAS','10404030','Non-Accountable Forms Inventory','PPSAS-10404','item',229,230,4),('PPSAS-10404040','PPSAS','10404040','Animal/Zoological Supplies Inventory','PPSAS-10404','item',231,232,4),('PPSAS-10404050','PPSAS','10404050','Food Supplies Inventory','PPSAS-10404','item',233,234,4),('PPSAS-10404060','PPSAS','10404060','Drugs and Medicines Inventory','PPSAS-10404','item',235,236,4),('PPSAS-10404070','PPSAS','10404070','Medical, Dental and Laboratory Supplies Inventory','PPSAS-10404','item',237,238,4),('PPSAS-10404080','PPSAS','10404080','Fuel, Oil and Lubricants Inventory','PPSAS-10404','item',239,240,4),('PPSAS-10404090','PPSAS','10404090','Agricultural and Marine Supplies Inventory','PPSAS-10404','item',241,242,4),('PPSAS-104040990','PPSAS','104040990','Other Supplies and Materials Inventory','PPSAS-10404','item',243,244,4),('PPSAS-105','PPSAS','105','Prepayments and Deferred Charges','PPSAS-1','group',249,268,2),('PPSAS-10501','PPSAS','10501','Prepayments','PPSAS-105','group',250,263,3),('PPSAS-10501010','PPSAS','10501010','Advances to Contractors','PPSAS-10501','item',251,252,4),('PPSAS-10501020','PPSAS','10501020','Prepaid Rent','PPSAS-10501','item',253,254,4),('PPSAS-10501030','PPSAS','10501030','Prepaid Registration','PPSAS-10501','item',255,256,4),('PPSAS-10501040','PPSAS','10501040','Prepaid Interest','PPSAS-10501','item',257,258,4),('PPSAS-10501050','PPSAS','10501050','Prepaid Insurance','PPSAS-10501','item',259,260,4),('PPSAS-10501990','PPSAS','10501990','Other Prepayments','PPSAS-10501','item',261,262,4),('PPSAS-10502','PPSAS','10502','Deferred Charges','PPSAS-105','group',264,267,3),('PPSAS-10502010','PPSAS','10502010','Discount on Advance Payments','PPSAS-10502','item',265,266,4),('PPSAS-106','PPSAS','106','Investment Property','PPSAS-1','group',269,284,2),('PPSAS-10601','PPSAS','10601','Land and Buildings','PPSAS-106','group',270,283,3),('PPSAS-10601010','PPSAS','10601010','Investment Property,  Land','PPSAS-10601','item',271,272,4),('PPSAS-10601011','PPSAS','10601011','Accumulated Impairment Losses - Investment Property,  Land','PPSAS-10601','item',273,274,4),('PPSAS-10601020','PPSAS','10601020','Investment Property, Buildings','PPSAS-10601','item',275,276,4),('PPSAS-10601021','PPSAS','10601021','Accumulated Depreciation - Investment Property, Buildings','PPSAS-10601','item',277,278,4),('PPSAS-10601022','PPSAS','10601022','Accumulated Impairment Losses - Investment Property,  Buildings','PPSAS-10601','item',279,280,4),('PPSAS-10601030','PPSAS','10601030','Construction in Progress - Investment Property, Buildings','PPSAS-10601','item',281,282,4),('PPSAS-107','PPSAS','107','Property, Plant and Equipment','PPSAS-1','group',285,634,2),('PPSAS-10701','PPSAS','10701','Land','PPSAS-107','group',286,291,3),('PPSAS-1070110','PPSAS','1070110','Land','PPSAS-10701','item',287,288,4),('PPSAS-1070111','PPSAS','1070111','Accumulated Impairment Losses - Land','PPSAS-10701','item',289,290,4),('PPSAS-10702','PPSAS','10702','Land Improvements','PPSAS-107','group',292,305,3),('PPSAS-10702010','PPSAS','10702010','Land Improvements,  Aquaculture Structures','PPSAS-10702','item',293,294,4),('PPSAS-10702011','PPSAS','10702011','Accumulated Depreciation - Land Improvements, Aquaculture Structures','PPSAS-10702','item',295,296,4),('PPSAS-10702012','PPSAS','10702012','Accumulated Impairment Losses - Land Improvements, Aquaculture Structures','PPSAS-10702','item',297,298,4),('PPSAS-10702990','PPSAS','10702990','Other Land Improvements','PPSAS-10702','item',299,300,4),('PPSAS-10702991','PPSAS','10702991','Accumulated Depreciation - Other Land Improvements','PPSAS-10702','item',301,302,4),('PPSAS-10702992','PPSAS','10702992','Accumulated Impairment Losses - Other Land Improvements','PPSAS-10702','item',303,304,4),('PPSAS-10703','PPSAS','10703','Infrastructure Assets','PPSAS-107','group',306,367,3),('PPSAS-10703010','PPSAS','10703010','Road Networks','PPSAS-10703','item',307,308,4),('PPSAS-10703011','PPSAS','10703011','Accumulated Depreciation - Road Networks','PPSAS-10703','item',309,310,4),('PPSAS-10703012','PPSAS','10703012','Accumulated Impairment Losses - Road Networks','PPSAS-10703','item',311,312,4),('PPSAS-10703020','PPSAS','10703020','Flood Control Systems','PPSAS-10703','item',313,314,4),('PPSAS-10703021','PPSAS','10703021','Accumulated Depreciation - Flood Control Systems','PPSAS-10703','item',315,316,4),('PPSAS-10703022','PPSAS','10703022','Accumulated Impairment Losses - Flood Control Systems','PPSAS-10703','item',317,318,4),('PPSAS-10703030','PPSAS','10703030','Sewer Systems','PPSAS-10703','item',319,320,4),('PPSAS-10703031','PPSAS','10703031','Accumulated Depreciation - Sewer Systems','PPSAS-10703','item',321,322,4),('PPSAS-10703032','PPSAS','10703032','Accumulated Impairment Losses - Sewer Systems','PPSAS-10703','item',323,324,4),('PPSAS-10703040','PPSAS','10703040','Water Supply Systems','PPSAS-10703','item',325,326,4),('PPSAS-10703041','PPSAS','10703041','Accumulated Depreciation - Water Supply Systems','PPSAS-10703','item',327,328,4),('PPSAS-10703042','PPSAS','10703042','Accumulated Impairment Losses - Water Supply Systems','PPSAS-10703','item',329,330,4),('PPSAS-10703050','PPSAS','10703050','Power Supply Systems','PPSAS-10703','item',331,332,4),('PPSAS-10703051','PPSAS','10703051','Accumulated Depreciation - Power Supply Systems','PPSAS-10703','item',333,334,4),('PPSAS-10703052','PPSAS','10703052','Accumulated Impairment Losses - Power Supply Systems','PPSAS-10703','item',335,336,4),('PPSAS-10703060','PPSAS','10703060','Communication Networks','PPSAS-10703','item',337,338,4),('PPSAS-10703061','PPSAS','10703061','Accumulated Depreciation - Communication Networks','PPSAS-10703','item',339,340,4),('PPSAS-10703062','PPSAS','10703062','Accumulated Impairment Losses - Communication Networks','PPSAS-10703','item',341,342,4),('PPSAS-10703070','PPSAS','10703070','Seaport Systems','PPSAS-10703','item',343,344,4),('PPSAS-10703071','PPSAS','10703071','Accumulated Depreciation - Seaport Systems','PPSAS-10703','item',345,346,4),('PPSAS-10703072','PPSAS','10703072','Accumulated Impairment Losses - Seaport Systems','PPSAS-10703','item',347,348,4),('PPSAS-10703080','PPSAS','10703080','Airport Systems','PPSAS-10703','item',349,350,4),('PPSAS-10703081','PPSAS','10703081','Accumulated Depreciation - Airport Systems','PPSAS-10703','item',351,352,4),('PPSAS-10703082','PPSAS','10703082','Accumulated Impairment Losses - Airport Systems','PPSAS-10703','item',353,354,4),('PPSAS-10703090','PPSAS','10703090','Parks, Plazas and Monuments','PPSAS-10703','item',355,356,4),('PPSAS-10703091','PPSAS','10703091','Accumulated Depreciation - Parks, Plazas and Monuments','PPSAS-10703','item',357,358,4),('PPSAS-10703092','PPSAS','10703092','Accumulated Impairment Losses - Parks, Plazas and Monuments','PPSAS-10703','item',359,360,4),('PPSAS-10703990','PPSAS','10703990','Other Infrastructure Assets','PPSAS-10703','item',361,362,4),('PPSAS-10703991','PPSAS','10703991','Accumulated Depreciation - Other Infrastructure Assets','PPSAS-10703','item',363,364,4),('PPSAS-10703992','PPSAS','10703992','Accumulated Impairment Losses - Other Infrastructure Assets','PPSAS-10703','item',365,366,4),('PPSAS-10704','PPSAS','10704','Buildings and Other Structures','PPSAS-107','group',368,411,3),('PPSAS-10704010','PPSAS','10704010','Buildings','PPSAS-10704','item',369,370,4),('PPSAS-10704011','PPSAS','10704011','Accumulated Depreciation - Buildings','PPSAS-10704','item',371,372,4),('PPSAS-10704012','PPSAS','10704012','Accumulated Impairment Losses - Buildings','PPSAS-10704','item',373,374,4),('PPSAS-10704020','PPSAS','10704020','School Buildings','PPSAS-10704','item',375,376,4),('PPSAS-10704021','PPSAS','10704021','Accumulated Depreciation - School Buildings','PPSAS-10704','item',377,378,4),('PPSAS-10704022','PPSAS','10704022','Accumulated Impairment Losses - School Buildings','PPSAS-10704','item',379,380,4),('PPSAS-10704030','PPSAS','10704030','Hospitals and Health Centers','PPSAS-10704','item',381,382,4),('PPSAS-10704031','PPSAS','10704031','Accumulated Depreciation - Hospitals and Health Centers','PPSAS-10704','item',383,384,4),('PPSAS-10704032','PPSAS','10704032','Accumulated Impairment Losses - Hospitals and Health Centers','PPSAS-10704','item',385,386,4),('PPSAS-10704040','PPSAS','10704040','Markets','PPSAS-10704','item',387,388,4),('PPSAS-10704041','PPSAS','10704041','Accumulated Depreciation - Markets','PPSAS-10704','item',389,390,4),('PPSAS-10704042','PPSAS','10704042','Accumulated Impairment Losses - Markets','PPSAS-10704','item',391,392,4),('PPSAS-10704050','PPSAS','10704050','Slaughterhouses','PPSAS-10704','item',393,394,4),('PPSAS-10704051','PPSAS','10704051','Accumulated Depreciation - Slaughterhouses','PPSAS-10704','item',395,396,4),('PPSAS-10704052','PPSAS','10704052','Accumulated Impairment Losses- Slaughterhouses','PPSAS-10704','item',397,398,4),('PPSAS-10704060','PPSAS','10704060','Hostels and Dormitories','PPSAS-10704','item',399,400,4),('PPSAS-10704061','PPSAS','10704061','Accumulated Depreciation - Hostels and Dormitories','PPSAS-10704','item',401,402,4),('PPSAS-10704062','PPSAS','10704062','Accumulated Impairment Losses - Hostels and Dormitories','PPSAS-10704','item',403,404,4),('PPSAS-10704990','PPSAS','10704990','Other Structures','PPSAS-10704','item',405,406,4),('PPSAS-10704991','PPSAS','10704991','Accumulated Depreciation - Other Structures','PPSAS-10704','item',407,408,4),('PPSAS-10704992','PPSAS','10704992','Accumulated Impairment Losses - Other Structures','PPSAS-10704','item',409,410,4),('PPSAS-10705','PPSAS','10705','Machinery  and Equipment','PPSAS-107','group',412,503,3),('PPSAS-10705010','PPSAS','10705010','Machinery','PPSAS-10705','item',413,414,4),('PPSAS-10705011','PPSAS','10705011','Accumulated Depreciation - Machinery','PPSAS-10705','item',415,416,4),('PPSAS-10705012','PPSAS','10705012','Accumulated Impairment Losses - Machinery','PPSAS-10705','item',417,418,4),('PPSAS-10705020','PPSAS','10705020','Office Equipment','PPSAS-10705','item',419,420,4),('PPSAS-10705021','PPSAS','10705021','Accumulated Depreciation - Office Equipment','PPSAS-10705','item',421,422,4),('PPSAS-10705022','PPSAS','10705022','Accumulated Impairment Losses - Office Equipment','PPSAS-10705','item',423,424,4),('PPSAS-10705030','PPSAS','10705030','Information and Communication Technology  Equipment','PPSAS-10705','item',425,426,4),('PPSAS-10705031','PPSAS','10705031','Accumulated Depreciation - Information and Communication Technology  Equipment','PPSAS-10705','item',427,428,4),('PPSAS-10705032','PPSAS','10705032','Accumulated Impairment Losses - Information and Communication Technology  Equipment','PPSAS-10705','item',429,430,4),('PPSAS-10705040','PPSAS','10705040','Agricultural and  Forestry Equipment','PPSAS-10705','item',431,432,4),('PPSAS-10705041','PPSAS','10705041','Accumulated Depreciation - Agricultural  and Forestry Equipment','PPSAS-10705','item',433,434,4),('PPSAS-10705042','PPSAS','10705042','Accumulated Impairment Losses - Agricultural  and Forestry Equipment','PPSAS-10705','item',435,436,4),('PPSAS-10705050','PPSAS','10705050','Marine and Fishery Equipment','PPSAS-10705','item',437,438,4),('PPSAS-10705051','PPSAS','10705051','Accumulated Depreciation - Marine and Fishery Equipment','PPSAS-10705','item',439,440,4),('PPSAS-10705052','PPSAS','10705052','Accumulated Impairment Losses - Marine and Fishery Equipment','PPSAS-10705','item',441,442,4),('PPSAS-10705060','PPSAS','10705060','Airport Equipment','PPSAS-10705','item',443,444,4),('PPSAS-10705061','PPSAS','10705061','Accumulated Depreciation - Airport Equipment','PPSAS-10705','item',445,446,4),('PPSAS-10705062','PPSAS','10705062','Accumulated Impairment Losses - Airport Equipment','PPSAS-10705','item',447,448,4),('PPSAS-10705070','PPSAS','10705070','Communication Equipment','PPSAS-10705','item',449,450,4),('PPSAS-10705071','PPSAS','10705071','Accumulated Depreciation - Communication Equipment','PPSAS-10705','item',451,452,4),('PPSAS-10705072','PPSAS','10705072','Accumulated Impairment Losses - Communication Equipment','PPSAS-10705','item',453,454,4),('PPSAS-10705080','PPSAS','10705080','Construction and Heavy Equipment','PPSAS-10705','item',455,456,4),('PPSAS-10705081','PPSAS','10705081','Accumulated Depreciation - Construction and Heavy Equipment','PPSAS-10705','item',457,458,4),('PPSAS-10705082','PPSAS','10705082','Accumulated Impairment Losses - Construction and Heavy Equipment','PPSAS-10705','item',459,460,4),('PPSAS-10705090','PPSAS','10705090','Disaster Response and Rescue Equipment','PPSAS-10705','item',461,462,4),('PPSAS-10705091','PPSAS','10705091','Accumulated Depreciation - Disaster Response and Rescue Equipment','PPSAS-10705','item',463,464,4),('PPSAS-10705092','PPSAS','10705092','Accumulated Impairment Losses - Disaster Response and Rescue Equipment','PPSAS-10705','item',465,466,4),('PPSAS-10705100','PPSAS','10705100','Military, Police and Security Equipment','PPSAS-10705','item',467,468,4),('PPSAS-10705101','PPSAS','10705101','Accumulated Depreciation - Military, Police and Security Equipment','PPSAS-10705','item',469,470,4),('PPSAS-10705102','PPSAS','10705102','Accumulated Impairment Losses - Military, Police and Security Equipment','PPSAS-10705','item',471,472,4),('PPSAS-10705110','PPSAS','10705110','Medical Equipment','PPSAS-10705','item',473,474,4),('PPSAS-10705111','PPSAS','10705111','Accumulated Depreciation - Medical Equipment','PPSAS-10705','item',475,476,4),('PPSAS-10705112','PPSAS','10705112','Accumulated Impairment Losses - Medical Equipment','PPSAS-10705','item',477,478,4),('PPSAS-10705120','PPSAS','10705120','Printing Equipment','PPSAS-10705','item',479,480,4),('PPSAS-10705121','PPSAS','10705121','Accumulated Depreciation - Printing Equipment','PPSAS-10705','item',481,482,4),('PPSAS-10705122','PPSAS','10705122','Accumulated Impairment Losses - Printing Equipment','PPSAS-10705','item',483,484,4),('PPSAS-10705130','PPSAS','10705130','Sports Equipment','PPSAS-10705','item',485,486,4),('PPSAS-10705131','PPSAS','10705131','Accumulated Depreciation - Sports Equipment','PPSAS-10705','item',487,488,4),('PPSAS-10705132','PPSAS','10705132','Accumulated Impairment Losses - Sports Equipment','PPSAS-10705','item',489,490,4),('PPSAS-10705140','PPSAS','10705140','Technical and Scientific  Equipment','PPSAS-10705','item',491,492,4),('PPSAS-10705141','PPSAS','10705141','Accumulated Depreciation - Technical and Scientific  Equipment','PPSAS-10705','item',493,494,4),('PPSAS-10705142','PPSAS','10705142','Accumulated Impairment Losses - Technical and Scientific  Equipment','PPSAS-10705','item',495,496,4),('PPSAS-10705990','PPSAS','10705990','Other Machinery and Equipment','PPSAS-10705','item',497,498,4),('PPSAS-10705991','PPSAS','10705991','Accumulated Depreciation - Other Machinery and Equipment','PPSAS-10705','item',499,500,4),('PPSAS-10705992','PPSAS','10705992','Accumulated Impairment Losses - Other Machinery and Equipment','PPSAS-10705','item',501,502,4),('PPSAS-10706','PPSAS','10706','Transportation Equipment','PPSAS-107','group',504,535,3),('PPSAS-10706010','PPSAS','10706010','Motor Vehicles','PPSAS-10706','item',505,506,4),('PPSAS-10706011','PPSAS','10706011','Accumulated Depreciation - Motor Vehicles','PPSAS-10706','item',507,508,4),('PPSAS-10706012','PPSAS','10706012','Accumulated Impairment Losses - Motor Vehicles','PPSAS-10706','item',509,510,4),('PPSAS-10706020','PPSAS','10706020','Trains','PPSAS-10706','item',511,512,4),('PPSAS-10706021','PPSAS','10706021','Accumulated Depreciation - Trains','PPSAS-10706','item',513,514,4),('PPSAS-10706022','PPSAS','10706022','Accumulated Impairment Losses - Trains','PPSAS-10706','item',515,516,4),('PPSAS-10706030','PPSAS','10706030','Aircrafts and Aircrafts Ground Equipment','PPSAS-10706','item',517,518,4),('PPSAS-10706031','PPSAS','10706031','Accumulated Depreciation - Aircrafts and Aircrafts Ground Equipment','PPSAS-10706','item',519,520,4),('PPSAS-10706032','PPSAS','10706032','Accumulated Impairment Losses - Aircrafts and Aircrafts Ground Equipment','PPSAS-10706','item',521,522,4),('PPSAS-10706040','PPSAS','10706040','Watercrafts','PPSAS-10706','item',523,524,4),('PPSAS-10706042','PPSAS','10706042','Accumulated Impairment Losses - Watercrafts','PPSAS-10706','item',525,526,4),('PPSAS-10706990','PPSAS','10706990','Other Transportation Equipment','PPSAS-10706','item',527,528,4),('PPSAS-10706991','PPSAS','10706991','Accumulated Depreciation - Other Transportation Equipment','PPSAS-10706','item',529,530,4),('PPSAS-10706992','PPSAS','10706992','Accumulated Impairment Losses - Other Transportation Equipment','PPSAS-10706','item',531,532,4),('PPSAS-10707','PPSAS','10707','Furniture, Fixtures and Books','PPSAS-107','group',536,549,3),('PPSAS-10707010','PPSAS','10707010','Furniture and Fixtures','PPSAS-10707','item',537,538,4),('PPSAS-10707011','PPSAS','10707011','Accumulated Depreciation - Furniture and Fixtures','PPSAS-10707','item',539,540,4),('PPSAS-10707012','PPSAS','10707012','Accumulated Impairment Losses - Furniture and Fixtures','PPSAS-10707','item',541,542,4),('PPSAS-10707020','PPSAS','10707020','Books','PPSAS-10707','item',543,544,4),('PPSAS-10707021','PPSAS','10707021','Accumulated Depreciation - Books','PPSAS-10707','item',545,546,4),('PPSAS-10707022','PPSAS','10707022','Accumulated Impairment Losses - Books','PPSAS-10707','item',547,548,4),('PPSAS-10708','PPSAS','10708','Leased Assets','PPSAS-107','group',550,579,3),('PPSAS-10708010','PPSAS','10708010','Leased Assets, Land','PPSAS-10708','item',551,552,4),('PPSAS-10708011','PPSAS','10708011','Accumulated Impairment Losses-Leased Assets, Land','PPSAS-10708','item',553,554,4),('PPSAS-10708020','PPSAS','10708020','Leased Assets,  Buildings and Other Structures','PPSAS-10708','item',555,556,4),('PPSAS-10708021','PPSAS','10708021','Accumulated Depreciation - Leased Assets,  Buildings and Other Structures','PPSAS-10708','item',557,558,4),('PPSAS-10708022','PPSAS','10708022','Accumulated Impairment Losses - Leased Assets, Buildings and Other Structures','PPSAS-10708','item',559,560,4),('PPSAS-10708030','PPSAS','10708030','Leased Assets,  Machinery and Equipment','PPSAS-10708','item',561,562,4),('PPSAS-10708031','PPSAS','10708031','Accumulated Depreciation - Leased Assets, Machinery and Equipment','PPSAS-10708','item',563,564,4),('PPSAS-10708032','PPSAS','10708032','Accumulated Impairment Losses - Leased Assets,  Machinery and Equipment','PPSAS-10708','item',565,566,4),('PPSAS-10708040','PPSAS','10708040','Leased Assets, Transportation Equipment','PPSAS-10708','item',567,568,4),('PPSAS-10708041','PPSAS','10708041','Accumulated Depreciation - Leased Assets, Transportation Equipment','PPSAS-10708','item',569,570,4),('PPSAS-10708042','PPSAS','10708042','Accumulated Impairment Losses - Leased Assets,  Transportation Equipment','PPSAS-10708','item',571,572,4),('PPSAS-10708990','PPSAS','10708990','Other Leased Assets','PPSAS-10708','item',573,574,4),('PPSAS-10708991','PPSAS','10708991','Accumulated Depreciation - Other Leased Assets','PPSAS-10708','item',575,576,4),('PPSAS-10708992','PPSAS','10708992','Accumulated Impairment Losses - Other Leased Assets','PPSAS-10708','item',577,578,4),('PPSAS-10709','PPSAS','10709','Leased Assets Improvements','PPSAS-107','group',580,599,3),('PPSAS-10709010','PPSAS','10709010','Leased Assets Improvements, Land','PPSAS-10709','item',581,582,4),('PPSAS-10709011','PPSAS','10709011','Accumulated Depreciation - Leased Assets Improvements, Land','PPSAS-10709','item',583,584,4),('PPSAS-10709012','PPSAS','10709012','Accumulated Impairment Losses - Leased Assets Improvements, Land','PPSAS-10709','item',585,586,4),('PPSAS-10709020','PPSAS','10709020','Leased Assets Improvements, Buildings','PPSAS-10709','item',587,588,4),('PPSAS-10709021','PPSAS','10709021','Accumulated Depreciation - Leased Assets Improvements, Buildings','PPSAS-10709','item',589,590,4),('PPSAS-10709022','PPSAS','10709022','Accumulated Impairment Losses - Leased Assets Improvements, Buildings','PPSAS-10709','item',591,592,4),('PPSAS-10709990','PPSAS','10709990','Other Leased Assets Improvements','PPSAS-10709','item',593,594,4),('PPSAS-10709991','PPSAS','10709991','Accumulated Depreciation - Other Leased Assets Improvements','PPSAS-10709','item',595,596,4),('PPSAS-10709992','PPSAS','10709992','Accumulated Impairment Losses - Other Leased Assets Improvements','PPSAS-10709','item',597,598,4),('PPSAS-10710','PPSAS','10710','Construction in Progress','PPSAS-107','group',600,611,3),('PPSAS-10710010','PPSAS','10710010','Construction in Progress - Land Improvements','PPSAS-10710','item',601,602,4),('PPSAS-10710020','PPSAS','10710020','Construction in Progress - Infrastructure Assets','PPSAS-10710','item',603,604,4),('PPSAS-10710030','PPSAS','10710030','Construction in Progress - Buildings and Other Structures','PPSAS-10710','item',605,606,4),('PPSAS-10710040','PPSAS','10710040','Construction in Progress - Leased Assets','PPSAS-10710','item',607,608,4),('PPSAS-10710050','PPSAS','10710050','Construction in Progress - Leased Assets Improvements','PPSAS-10710','item',609,610,4),('PPSAS-10711','PPSAS','10711','Service Concession Assets','PPSAS-107','group',612,619,3),('PPSAS-10711010','PPSAS','10711010','Service Concession Assets','PPSAS-10711','item',613,614,4),('PPSAS-10711011','PPSAS','10711011','Accumulated Depreciation - Service Concession Assets','PPSAS-10711','item',615,616,4),('PPSAS-10711012','PPSAS','10711012','Accumulated Impairment Losses - Service Concession Assets','PPSAS-10711','item',617,618,4),('PPSAS-10799','PPSAS','10799','Other Property, Plant and Equipment','PPSAS-107','group',620,633,3),('PPSAS-10799010','PPSAS','10799010','Work/Zoo Animals','PPSAS-10799','item',621,622,4),('PPSAS-10799011','PPSAS','10799011','Accumulated Depreciation - Work/Zoo Animals','PPSAS-10799','item',623,624,4),('PPSAS-10799012','PPSAS','10799012','Accumulated Impairment Losses - Work/Zoo Animals','PPSAS-10799','item',625,626,4),('PPSAS-10799990','PPSAS','10799990','Other Property, Plant and Equipment','PPSAS-10799','item',627,628,4),('PPSAS-10799991','PPSAS','10799991','Accumulated Depreciation - Other Property, Plant and Equipment','PPSAS-10799','item',629,630,4),('PPSAS-10799992','PPSAS','10799992','Accumulated Impairment Losses - Other Property, Plant and Equipment','PPSAS-10799','item',631,632,4),('PPSAS-108','PPSAS','108','Biological Assets','PPSAS-1','group',635,646,2),('PPSAS-10801','PPSAS','10801','Bearer Biological Assets','PPSAS-108','group',636,645,3),('PPSAS-10801010','PPSAS','10801010','Breeding Stocks','PPSAS-10801','item',637,638,4),('PPSAS-10801020','PPSAS','10801020','Plants and Trees','PPSAS-10801','item',639,640,4),('PPSAS-10801030','PPSAS','10801030','Aquaculture','PPSAS-10801','item',641,642,4),('PPSAS-10801990','PPSAS','10801990','Other Bearer Biological Assets','PPSAS-10801','item',643,644,4),('PPSAS-109','PPSAS','109','Intangible Assets','PPSAS-1','group',647,672,2),('PPSAS-10901','PPSAS','10901','Intangible Assets','PPSAS-109','group',648,667,3),('PPSAS-10901010','PPSAS','10901010','Patents/Copyrights','PPSAS-10901','item',649,650,4),('PPSAS-10901011','PPSAS','10901011','Accumulated Amortization - Patents/Copyrights','PPSAS-10901','item',651,652,4),('PPSAS-10901012','PPSAS','10901012','Accumulated Impairment - Patents/Copyrights','PPSAS-10901','item',653,654,4),('PPSAS-10901020','PPSAS','10901020','Computer Software','PPSAS-10901','item',655,656,4),('PPSAS-10901021','PPSAS','10901021','Accumulated Amortization - Computer Software','PPSAS-10901','item',657,658,4),('PPSAS-10901022','PPSAS','10901022','Accumulated Impairment - Computer Software','PPSAS-10901','item',659,660,4),('PPSAS-10901990','PPSAS','10901990','Other Intangible Assets','PPSAS-10901','item',661,662,4),('PPSAS-10901991','PPSAS','10901991','Accumulated Amortization - Other Intangible Assets','PPSAS-10901','item',663,664,4),('PPSAS-10901992','PPSAS','10901992','Accumulated Impairment - Other Intangible Assets','PPSAS-10901','item',665,666,4),('PPSAS-10902','PPSAS','10902','Service Concession Assets - Intangible Assets','PPSAS-109','group',668,671,3),('PPSAS-10902010','PPSAS','10902010','Service Concession Assets - Intangible Assets','PPSAS-10902','item',669,670,4),('PPSAS-2','PPSAS','2','Liabilities',NULL,'root',674,787,1),('PPSAS-201','PPSAS','201','Financial Liabilities','PPSAS-2','group',675,712,2),('PPSAS-20101','PPSAS','20101','Payables','PPSAS-201','group',676,699,3),('PPSAS-20101010','PPSAS','20101010','Accounts Payable','PPSAS-20101','item',677,678,4),('PPSAS-20101020','PPSAS','20101020','Due to Officers and Employees','PPSAS-20101','item',679,680,4),('PPSAS-20101040','PPSAS','20101040','Notes Payable','PPSAS-20101','item',681,682,4),('PPSAS-20101050','PPSAS','20101050','Interest Payable','PPSAS-20101','item',683,684,4),('PPSAS-20101060','PPSAS','20101060','Operating Lease Payable','PPSAS-20101','item',685,686,4),('PPSAS-20101070','PPSAS','20101070','Finance Lease Payable','PPSAS-20101','item',687,688,4),('PPSAS-20101080','PPSAS','20101080','Awards and Rewards Payable','PPSAS-20101','item',689,690,4),('PPSAS-20101090','PPSAS','20101090','Service Concession Arrangement Payable','PPSAS-20101','item',691,692,4),('PPSAS-20101100','PPSAS','20101100','Pension Benefits Payable','PPSAS-20101','item',693,694,4),('PPSAS-20101110','PPSAS','20101110','Leave Benefits Payable','PPSAS-20101','item',695,696,4),('PPSAS-20101120','PPSAS','20101120','Retirement Gratuity Payable','PPSAS-20101','item',697,698,4),('PPSAS-20102','PPSAS','20102','Bills/Bonds/Loans Payable','PPSAS-201','group',700,711,3),('PPSAS-20102020','PPSAS','20102020','Bonds Payable - Domestic','PPSAS-20102','item',701,702,4),('PPSAS-20102021','PPSAS','20102021','Discount on Bonds Payable - Domestic','PPSAS-20102','item',703,704,4),('PPSAS-20102022','PPSAS','20102022','Premium on Bonds Payable - Domestic','PPSAS-20102','item',705,706,4),('PPSAS-20102040','PPSAS','20102040','Loans Payable - Domestic','PPSAS-20102','item',707,708,4),('PPSAS-20102050','PPSAS','20102050','Loans Payable - Foreign','PPSAS-20102','item',709,710,4),('PPSAS-202','PPSAS','202','Inter-Agency Payables','PPSAS-2','group',713,732,2),('PPSAS-20201','PPSAS','20201','Inter-Agency Payables','PPSAS-202','group',714,731,3),('PPSAS-20201010','PPSAS','20201010','Due to BIR','PPSAS-20201','item',715,716,4),('PPSAS-20201020','PPSAS','20201020','Due to GSIS','PPSAS-20201','item',717,718,4),('PPSAS-20201030','PPSAS','20201030','Due to Pag-IBIG','PPSAS-20201','item',719,720,4),('PPSAS-20201040','PPSAS','20201040','Due to PhilHealth','PPSAS-20201','item',721,722,4),('PPSAS-20201050','PPSAS','20201050','Due to NGAs','PPSAS-20201','item',723,724,4),('PPSAS-20201060','PPSAS','20201060','Due to GOCCs','PPSAS-20201','item',725,726,4),('PPSAS-20201070','PPSAS','20201070','Due to LGUs','PPSAS-20201','item',727,728,4),('PPSAS-20201080','PPSAS','20201080','Due to Joint Venture','PPSAS-20201','item',729,730,4),('PPSAS-203','PPSAS','203','Intra-Agency Payables','PPSAS-2','group',733,742,2),('PPSAS-20301','PPSAS','20301','Intra-Agency Payables','PPSAS-203','group',734,741,3),('PPSAS-20301010','PPSAS','20301010','Due to Other Funds','PPSAS-20301','item',735,736,4),('PPSAS-20301020','PPSAS','20301020','Due to Special Accounts','PPSAS-20301','item',737,738,4),('PPSAS-20301030','PPSAS','20301030','Due to Local Economic Enterprises','PPSAS-20301','item',739,740,4),('PPSAS-204','PPSAS','204','Trust Liabilities','PPSAS-2','group',743,756,2),('PPSAS-20401','PPSAS','20401','Trust Liabilities','PPSAS-204','group',744,755,3),('PPSAS-20401010','PPSAS','20401010','Trust Liabilities','PPSAS-20401','item',745,746,4),('PPSAS-20401020','PPSAS','20401020','Trust Liabilities - Disaster Risk Reduction and Management Fund','PPSAS-20401','item',747,748,4),('PPSAS-20401030','PPSAS','20401030','Bail Bonds Payable','PPSAS-20401','item',749,750,4),('PPSAS-20401040','PPSAS','20401040','Guaranty/Security Deposits Payable','PPSAS-20401','item',751,752,4),('PPSAS-20401050','PPSAS','20401050','Customers\' Deposits Payable','PPSAS-20401','item',753,754,4),('PPSAS-205','PPSAS','205','Deferred Credits/Unearned Income','PPSAS-2','group',757,772,2),('PPSAS-20501','PPSAS','20501','Deferred Credits','PPSAS-205','group',758,771,3),('PPSAS-20501010','PPSAS','20501010','Deferred Real Property Tax','PPSAS-20501','item',759,760,4),('PPSAS-20501020','PPSAS','20501020','Deferred Special Education Tax','PPSAS-20501','item',761,762,4),('PPSAS-20501030','PPSAS','20501030','Deferred Finance Lease Revenue','PPSAS-20501','item',763,764,4),('PPSAS-20501040','PPSAS','20501040','Deferred Service Concession Revenue','PPSAS-20501','item',765,766,4),('PPSAS-20501050','PPSAS','20501050','Unearned Revenue - Investment Property','PPSAS-20501','item',767,768,4),('PPSAS-205010990','PPSAS','205010990','Other Deferred Credits','PPSAS-20501','item',769,770,4),('PPSAS-206','PPSAS','206','Provisions','PPSAS-2','group',773,780,2),('PPSAS-20601','PPSAS','20601','Provisions','PPSAS-206','group',774,779,3),('PPSAS-20601040','PPSAS','20601040','Termination Benefits','PPSAS-20601','item',775,776,4),('PPSAS-20601990','PPSAS','20601990','Other Provisions','PPSAS-20601','item',777,778,4),('PPSAS-299','PPSAS','299','Other Payables','PPSAS-2','group',781,786,2),('PPSAS-29999','PPSAS','29999','Other Payables','PPSAS-299','group',782,785,3),('PPSAS-29999990','PPSAS','29999990','Other Payables','PPSAS-29999','item',783,784,4),('PPSAS-3','PPSAS','3','Equity',NULL,'root',788,815,1),('PPSAS-301','PPSAS','301','Government Equity','PPSAS-3','group',789,796,2),('PPSAS-30101','PPSAS','30101','Government Equity','PPSAS-301','group',790,795,3),('PPSAS-30101010','PPSAS','30101010','Government Equity','PPSAS-30101','item',791,792,4),('PPSAS-30101020','PPSAS','30101020','Prior Period Adjustment','PPSAS-30101','item',793,794,4),('PPSAS-302','PPSAS','302','Intermediate Accounts','PPSAS-3','group',797,802,2),('PPSAS-30201','PPSAS','30201','Intermediate Accounts','PPSAS-302','group',798,801,3),('PPSAS-30201010','PPSAS','30201010','Income and Expense Summary','PPSAS-30201','item',799,800,4),('PPSAS-303','PPSAS','303','Equity in Joint Venture','PPSAS-3','group',803,808,2),('PPSAS-30301','PPSAS','30301','Equity in Joint Venture','PPSAS-303','group',804,807,3),('PPSAS-30301010','PPSAS','30301010','Equity in Joint Venture','PPSAS-30301','item',805,806,4),('PPSAS-304','PPSAS','304','Unrealized Gain/(Loss)','PPSAS-3','group',809,814,2),('PPSAS-30401','PPSAS','30401','Unrealized Gain/(Loss)','PPSAS-304','group',810,813,3),('PPSAS-30401010','PPSAS','30401010','Unrealized Gain/(Loss) from Changes in the Fair Value of Financial Assets','PPSAS-30401','item',811,812,4),('PPSAS-4','PPSAS','4','Income',NULL,'root',816,1049,1),('PPSAS-401','PPSAS','401','Tax Revenue','PPSAS-4','group',817,880,2),('PPSAS-40101','PPSAS','40101','Tax Revenue - Individual and Corporation','PPSAS-401','group',818,823,3),('PPSAS-40101020','PPSAS','40101020','Professional Tax','PPSAS-40101','item',819,820,4),('PPSAS-40101050','PPSAS','40101050','Community Tax','PPSAS-40101','item',821,822,4),('PPSAS-40102','PPSAS','40102','Tax Revenue - Property','PPSAS-401','group',824,839,3),('PPSAS-40102040','PPSAS','40102040','Real Property Tax- Basic','PPSAS-40102','item',825,826,4),('PPSAS-40102041','PPSAS','40102041','Discount on Real Property Tax- Basic','PPSAS-40102','item',827,828,4),('PPSAS-40102050','PPSAS','40102050','Special Education Tax','PPSAS-40102','item',829,830,4),('PPSAS-40102051','PPSAS','40102051','Discount on Special Education Tax','PPSAS-40102','item',831,832,4),('PPSAS-40102060','PPSAS','40102060','Special Levy on Idle Lands','PPSAS-40102','item',833,834,4),('PPSAS-40102070','PPSAS','40102070','Special Levy on Lands Benefited by Public Works Projects','PPSAS-40102','item',835,836,4),('PPSAS-40102080','PPSAS','40102080','Real Property Transfer Tax','PPSAS-40102','item',837,838,4),('PPSAS-40103','PPSAS','40103','Tax Revenue - Goods and Services','PPSAS-401','group',840,853,3),('PPSAS-40103030','PPSAS','40103030','Business Tax','PPSAS-40103','item',841,842,4),('PPSAS-40103040','PPSAS','40103040','Tax on Sand, Gravel and Other Quarry Products','PPSAS-40103','item',843,844,4),('PPSAS-40103050','PPSAS','40103050','Tax on Delivery  Trucks and Vans','PPSAS-40103','item',845,846,4),('PPSAS-40103060','PPSAS','40103060','Amusement Tax','PPSAS-40103','item',847,848,4),('PPSAS-40103070','PPSAS','40103070','Franchise Tax','PPSAS-40103','item',849,850,4),('PPSAS-40103080','PPSAS','40103080','Printing and Publication Tax','PPSAS-40103','item',851,852,4),('PPSAS-40104','PPSAS','40104','Tax Revenue - Others','PPSAS-401','group',854,857,3),('PPSAS-40104990','PPSAS','40104990','Other Taxes','PPSAS-40104','item',855,856,4),('PPSAS-40105','PPSAS','40105','Tax Revenue - Fines and Penalties','PPSAS-401','group',858,867,3),('PPSAS-40105010','PPSAS','40105010','Tax Revenue - Fines and Penalties - Taxes on Individual and Corporation','PPSAS-40105','item',859,860,4),('PPSAS-40105020','PPSAS','40105020','Tax Revenue - Fines and Penalties - Property Taxes','PPSAS-40105','item',861,862,4),('PPSAS-40105030','PPSAS','40105030','Tax Revenue - Fines and Penalties - Taxes on Goods and Services','PPSAS-40105','item',863,864,4),('PPSAS-40105040','PPSAS','40105040','Tax Revenue - Fines and Penalties - Other Taxes','PPSAS-40105','item',865,866,4),('PPSAS-40106','PPSAS','40106','Share from National Taxes','PPSAS-401','group',868,879,3),('PPSAS-40106010','PPSAS','40106010','Share from Internal Revenue Collections (IRA)','PPSAS-40106','item',869,870,4),('PPSAS-40106020','PPSAS','40106020','Share from Expanded Value Added Tax','PPSAS-40106','item',871,872,4),('PPSAS-40106030','PPSAS','40106030','Share from National Wealth','PPSAS-40106','item',873,874,4),('PPSAS-40106040','PPSAS','40106040','Share from Tobacco Excise Tax (RA 7171 and 8240)','PPSAS-40106','item',875,876,4),('PPSAS-40106050','PPSAS','40106050','Share from Economic Zones','PPSAS-40106','item',877,878,4),('PPSAS-402','PPSAS','402','Service and Business Income','PPSAS-4','group',881,968,2),('PPSAS-40201','PPSAS','40201','Service Income','PPSAS-402','group',882,909,3),('PPSAS-40201010','PPSAS','40201010','Permit Fees','PPSAS-40201','item',883,884,4),('PPSAS-40201020','PPSAS','40201020','Registration Fees','PPSAS-40201','item',885,886,4),('PPSAS-40201030','PPSAS','40201030','Registration Plates, Tags and Stickers Fees','PPSAS-40201','item',887,888,4),('PPSAS-40201040','PPSAS','40201040','Clearance and Certification Fees','PPSAS-40201','item',889,890,4),('PPSAS-40201070','PPSAS','40201070','Supervision and Regulation Enforcement Fees','PPSAS-40201','item',891,892,4),('PPSAS-40201100','PPSAS','40201100','Inspection Fees','PPSAS-40201','item',893,894,4),('PPSAS-40201110','PPSAS','40201110','Verification and Authentication Fees','PPSAS-40201','item',895,896,4),('PPSAS-40201130','PPSAS','40201130','Processing Fees','PPSAS-40201','item',897,898,4),('PPSAS-40201140','PPSAS','40201140','Occupation Fees','PPSAS-40201','item',899,900,4),('PPSAS-40201150','PPSAS','40201150','Fishery Rentals, Fees and Charges','PPSAS-40201','item',901,902,4),('PPSAS-40201160','PPSAS','40201160','Fees for Sealing  and Licensing of Weights and Measures','PPSAS-40201','item',903,904,4),('PPSAS-40201980','PPSAS','40201980','Fines and Penalties - Service Income','PPSAS-40201','item',905,906,4),('PPSAS-40201990','PPSAS','40201990','Other Service Income','PPSAS-40201','item',907,908,4),('PPSAS-40202','PPSAS','40202','Business Income','PPSAS-402','group',910,967,3),('PPSAS-40202010','PPSAS','40202010','School Fees','PPSAS-40202','item',911,912,4),('PPSAS-40202020','PPSAS','40202020','Affiliation Fees','PPSAS-40202','item',913,914,4),('PPSAS-40202040','PPSAS','40202040','Seminar/Training Fees','PPSAS-40202','item',915,916,4),('PPSAS-40202050','PPSAS','40202050','Rent Income','PPSAS-40202','item',917,918,4),('PPSAS-40202060','PPSAS','40202060','Communication Network Fees','PPSAS-40202','item',919,920,4),('PPSAS-40202070','PPSAS','40202070','Transportation System Fees','PPSAS-40202','item',921,922,4),('PPSAS-40202080','PPSAS','40202080','Road Network  Fees','PPSAS-40202','item',923,924,4),('PPSAS-40202090','PPSAS','40202090','Waterworks System Fees','PPSAS-40202','item',925,926,4),('PPSAS-40202100','PPSAS','40202100','Power Supply System Fees','PPSAS-40202','item',927,928,4),('PPSAS-40202110','PPSAS','40202110','Seaport  System Fees','PPSAS-40202','item',929,930,4),('PPSAS-40202120','PPSAS','40202120','Parking Fees','PPSAS-40202','item',931,932,4),('PPSAS-40202130','PPSAS','40202130','Receipts  from Operation of Hostels/Dormitories and Other Like Facilities','PPSAS-40202','item',933,934,4),('PPSAS-40202140','PPSAS','40202140','Receipts from Market Operations','PPSAS-40202','item',935,936,4),('PPSAS-40202150','PPSAS','40202150','Receipts from Slaughterhouse Operation','PPSAS-40202','item',937,938,4),('PPSAS-40202160','PPSAS','40202160','Receipts from Cemetery Operations','PPSAS-40202','item',939,940,4),('PPSAS-40202170','PPSAS','40202170','Receipts from Printing and Publication','PPSAS-40202','item',941,942,4),('PPSAS-40202180','PPSAS','40202180','Sales Revenue','PPSAS-40202','item',943,944,4),('PPSAS-40202181','PPSAS','40202181','Sales Discounts','PPSAS-40202','item',945,946,4),('PPSAS-40202190','PPSAS','40202190','Garbage Fees','PPSAS-40202','item',947,948,4),('PPSAS-40202200','PPSAS','40202200','Hospital Fees','PPSAS-40202','item',949,950,4),('PPSAS-40202210','PPSAS','40202210','Dividend Income','PPSAS-40202','item',951,952,4),('PPSAS-40202220','PPSAS','40202220','Interest Income','PPSAS-40202','item',953,954,4),('PPSAS-40202230','PPSAS','40202230','Service Concession Revenue','PPSAS-40202','item',955,956,4),('PPSAS-40202240','PPSAS','40202240','Other Service Concession Revenue','PPSAS-40202','item',957,958,4),('PPSAS-40202250','PPSAS','40202250','Lease Revenue','PPSAS-40202','item',959,960,4),('PPSAS-40202260','PPSAS','40202260','Share in the Profit of Joint Venture','PPSAS-40202','item',961,962,4),('PPSAS-40202980','PPSAS','40202980','Fines and Penalties - Business Income','PPSAS-40202','item',963,964,4),('PPSAS-40202990','PPSAS','40202990','Other Business Income','PPSAS-40202','item',965,966,4),('PPSAS-403','PPSAS','403','Transfers, Assistance and Subsidy','PPSAS-4','group',969,990,2),('PPSAS-40301','PPSAS','40301','Transfers, Assistance and Subsidy','PPSAS-403','group',970,983,3),('PPSAS-40301010','PPSAS','40301010','Subsidy from National Government','PPSAS-40301','item',971,972,4),('PPSAS-40301020','PPSAS','40301020','Subsidy  from Local Government Units','PPSAS-40301','item',973,974,4),('PPSAS-40301030','PPSAS','40301030','Subsidy from Government-Owned and/or Controlled Corporations','PPSAS-40301','item',975,976,4),('PPSAS-40301040','PPSAS','40301040','Subsidy from Other Funds','PPSAS-40301','item',977,978,4),('PPSAS-40301050','PPSAS','40301050','Subsidy from General Fund Proper/Other Special Accounts','PPSAS-40301','item',979,980,4),('PPSAS-40301060','PPSAS','40301060','Subsidy from Other Local Economic Enterprise','PPSAS-40301','item',981,982,4),('PPSAS-40302','PPSAS','40302','Transfers','PPSAS-403','group',984,989,3),('PPSAS-40302010','PPSAS','40302010','Transfers from General Fund of LGU Counterpart/Equity Share','PPSAS-40302','item',985,986,4),('PPSAS-40302020','PPSAS','40302020','Transfers from General Fund of Unspent DRRMF','PPSAS-40302','item',987,988,4),('PPSAS-404','PPSAS','404','Shares, Grants and Donations','PPSAS-4','group',991,1006,2),('PPSAS-40401','PPSAS','40401','Share','PPSAS-404','group',992,997,3),('PPSAS-404010','PPSAS','404010','Share from PAGCOR','PPSAS-40401','item',993,994,4),('PPSAS-40401020','PPSAS','40401020','Share from PCSO','PPSAS-40401','item',995,996,4),('PPSAS-40402','PPSAS','40402','Grants and Donations','PPSAS-404','group',998,1005,3),('PPSAS-40402010','PPSAS','40402010','Grants and Donations in Cash','PPSAS-40402','item',999,1000,4),('PPSAS-40402020','PPSAS','40402020','Grants and Donations in Kind','PPSAS-40402','item',1001,1002,4),('PPSAS-40402030','PPSAS','40402030','Grants from Concessionary loans','PPSAS-40402','item',1003,1004,4),('PPSAS-405','PPSAS','405','Gains','PPSAS-4','group',1007,1036,2),('PPSAS-40501','PPSAS','40501','Grains','PPSAS-405','group',1008,1035,3),('PPSAS-40501010','PPSAS','40501010','Gain from Changes in Fair Value of Financial Instruments','PPSAS-40501','item',1009,1010,4),('PPSAS-40501020','PPSAS','40501020','Gain on Foreign Exchange (FOREX)','PPSAS-40501','item',1011,1012,4),('PPSAS-40501030','PPSAS','40501030','Gain on Sale of Investments','PPSAS-40501','item',1013,1014,4),('PPSAS-40501040','PPSAS','40501040','Gain on Sale of Investment Property','PPSAS-40501','item',1015,1016,4),('PPSAS-40501050','PPSAS','40501050','Gain on Sale of Property, Plant and Equipment','PPSAS-40501','item',1017,1018,4),('PPSAS-40501060','PPSAS','40501060','Gain on Initial Recognition of Biological Assets','PPSAS-40501','item',1019,1020,4),('PPSAS-40501070','PPSAS','40501070','Gain on Sale of Biological Assets','PPSAS-40501','item',1021,1022,4),('PPSAS-40501080','PPSAS','40501080','Gain from Changes in Fair Value  Less Cost to Sell of Biological Assets Due to Physical Change','PPSAS-40501','item',1023,1024,4),('PPSAS-40501090','PPSAS','40501090','Gain from Changes in Fair Value  Less Cost to Sell of Biological Assets Due to Price Change','PPSAS-40501','item',1025,1026,4),('PPSAS-40501100','PPSAS','40501100','Gain from Initial Recognition of Agricultural Produce','PPSAS-40501','item',1027,1028,4),('PPSAS-40501110','PPSAS','40501110','Gain on Sale of Intangible Assets','PPSAS-40501','item',1029,1030,4),('PPSAS-40501120','PPSAS','40501120','Reversal of Impairment Losses','PPSAS-40501','item',1031,1032,4),('PPSAS-40501990','PPSAS','40501990','Other Gains','PPSAS-40501','item',1033,1034,4),('PPSAS-406','PPSAS','406','Miscellaneous Income','PPSAS-4','group',1037,1042,2),('PPSAS-40601','PPSAS','40601','Miscellaneous Income','PPSAS-406','group',1038,1041,3),('PPSAS-40601010','PPSAS','40601010','Miscellaneous Income','PPSAS-40601','item',1039,1040,4),('PPSAS-407','PPSAS','407','Other Non-Operating Income','PPSAS-4','group',1043,1048,2),('PPSAS-40701','PPSAS','40701','Sale of Assets','PPSAS-407','group',1044,1047,3),('PPSAS-40701010','PPSAS','40701010','Sale of Garnished/Confiscated/Abandoned/Seized Goods and Properties','PPSAS-40701','item',1045,1046,4),('PPSAS-41107060','PPSAS','41107060','Accumulated Depreciation - Watercrafts','PPSAS-10706','item',533,534,4),('PPSAS-5','PPSAS','5','Expenses',NULL,'root',1050,1405,1),('PPSAS-501','PPSAS','501','Personnel Services','PPSAS-5','group',1051,1114,2),('PPSAS-50101','PPSAS','50101','Salaries and Wages','PPSAS-501','group',1052,1057,3),('PPSAS-50101010','PPSAS','50101010','Salaries and Wages - Regular','PPSAS-50101','item',1053,1054,4),('PPSAS-50101020','PPSAS','50101020','Salaries and Wages - Casual/Contractual','PPSAS-50101','item',1055,1056,4),('PPSAS-50102','PPSAS','50102','Other Compensation','PPSAS-501','group',1058,1091,3),('PPSAS-50102010','PPSAS','50102010','Personal Economic Relief Allowance (PERA)','PPSAS-50102','item',1059,1060,4),('PPSAS-50102020','PPSAS','50102020','Representation Allowance (RA)','PPSAS-50102','item',1061,1062,4),('PPSAS-50102030','PPSAS','50102030','Transportation Allowance (TA)','PPSAS-50102','item',1063,1064,4),('PPSAS-50102040','PPSAS','50102040','Clothing/Uniform Allowance','PPSAS-50102','item',1065,1066,4),('PPSAS-50102050','PPSAS','50102050','Subsistence Allowance','PPSAS-50102','item',1067,1068,4),('PPSAS-50102060','PPSAS','50102060','Laundry  Allowance','PPSAS-50102','item',1069,1070,4),('PPSAS-50102070','PPSAS','50102070','Quarters Allowance','PPSAS-50102','item',1071,1072,4),('PPSAS-50102080','PPSAS','50102080','Productivity Incentive Allowance','PPSAS-50102','item',1073,1074,4),('PPSAS-50102090','PPSAS','50102090','Overseas Allowance','PPSAS-50102','item',1075,1076,4),('PPSAS-50102100','PPSAS','50102100','Honoraria','PPSAS-50102','item',1077,1078,4),('PPSAS-50102110','PPSAS','50102110','Hazard Pay','PPSAS-50102','item',1079,1080,4),('PPSAS-50102120','PPSAS','50102120','Longevity Pay','PPSAS-50102','item',1081,1082,4),('PPSAS-50102130','PPSAS','50102130','Overtime and Night Pay','PPSAS-50102','item',1083,1084,4),('PPSAS-50102140','PPSAS','50102140','Year End Bonus','PPSAS-50102','item',1085,1086,4),('PPSAS-50102150','PPSAS','50102150','Cash Gift','PPSAS-50102','item',1087,1088,4),('PPSAS-50102990','PPSAS','50102990','Other Bonuses and Allowances','PPSAS-50102','item',1089,1090,4),('PPSAS-50103','PPSAS','50103','Personnel Benefit Contributions','PPSAS-501','group',1092,1103,3),('PPSAS-50103010','PPSAS','50103010','Retirement and Life Insurance Premiums','PPSAS-50103','item',1093,1094,4),('PPSAS-50103020','PPSAS','50103020','Pag-IBIG Contributions','PPSAS-50103','item',1095,1096,4),('PPSAS-50103030','PPSAS','50103030','PhilHealth Contributions','PPSAS-50103','item',1097,1098,4),('PPSAS-50103040','PPSAS','50103040','Employees Compensation Insurance Premiums','PPSAS-50103','item',1099,1100,4),('PPSAS-50103050','PPSAS','50103050','Provident/Welfare Fund Contributions','PPSAS-50103','item',1101,1102,4),('PPSAS-50104','PPSAS','50104','Other Personnel Benefits','PPSAS-501','group',1104,1113,3),('PPSAS-50104010','PPSAS','50104010','Pension Benefits','PPSAS-50104','item',1105,1106,4),('PPSAS-50104020','PPSAS','50104020','Retirement Gratuity','PPSAS-50104','item',1107,1108,4),('PPSAS-50104030','PPSAS','50104030','Terminal Leave Benefits','PPSAS-50104','item',1109,1110,4),('PPSAS-50104990','PPSAS','50104990','Other Personnel Benefits','PPSAS-50104','item',1111,1112,4),('PPSAS-502','PPSAS','502','Maintenance and Other Operating Expenses','PPSAS-5','group',1115,1294,2),('PPSAS-50201','PPSAS','50201','Traveling Expenses','PPSAS-502','group',1116,1121,3),('PPSAS-50201010','PPSAS','50201010','Traveling Expenses - Local','PPSAS-50201','item',1117,1118,4),('PPSAS-50201020','PPSAS','50201020','Traveling Expenses - Foreign','PPSAS-50201','item',1119,1120,4),('PPSAS-50202','PPSAS','50202','Training and Scholarship Expenses','PPSAS-502','group',1122,1127,3),('PPSAS-50202010','PPSAS','50202010','Training Expenses','PPSAS-50202','item',1123,1124,4),('PPSAS-50202020','PPSAS','50202020','Scholarship Grants/Expenses','PPSAS-50202','item',1125,1126,4),('PPSAS-50203','PPSAS','50203','Supplies and Materials Expenses','PPSAS-502','group',1128,1157,3),('PPSAS-50203010','PPSAS','50203010','Office Supplies Expenses','PPSAS-50203','item',1129,1130,4),('PPSAS-50203020','PPSAS','50203020','Accountable Forms Expenses','PPSAS-50203','item',1131,1132,4),('PPSAS-50203030','PPSAS','50203030','Non-Accountable Forms Expenses','PPSAS-50203','item',1133,1134,4),('PPSAS-50203040','PPSAS','50203040','Animal/Zoological Supplies Expenses','PPSAS-50203','item',1135,1136,4),('PPSAS-50203050','PPSAS','50203050','Food Supplies Expenses','PPSAS-50203','item',1137,1138,4),('PPSAS-50203060','PPSAS','50203060','Welfare Goods Expenses','PPSAS-50203','item',1139,1140,4),('PPSAS-50203070','PPSAS','50203070','Drugs and Medicines Expenses','PPSAS-50203','item',1141,1142,4),('PPSAS-50203080','PPSAS','50203080','Medical, Dental and Laboratory Supplies Expenses','PPSAS-50203','item',1143,1144,4),('PPSAS-50203090','PPSAS','50203090','Fuel, Oil and Lubricants Expenses','PPSAS-50203','item',1145,1146,4),('PPSAS-50203100','PPSAS','50203100','Agricultural and Marine Supplies Expenses','PPSAS-50203','item',1147,1148,4),('PPSAS-50203110','PPSAS','50203110','Textbooks and Instructional Materials Expenses','PPSAS-50203','item',1149,1150,4),('PPSAS-50203120','PPSAS','50203120','Military, Police and Traffic Supplies Expenses','PPSAS-50203','item',1151,1152,4),('PPSAS-50203130','PPSAS','50203130','Chemical and Filtering Supplies Expenses','PPSAS-50203','item',1153,1154,4),('PPSAS-50203990','PPSAS','50203990','Other Supplies and Materials Expenses','PPSAS-50203','item',1155,1156,4),('PPSAS-50204','PPSAS','50204','Utility Expenses','PPSAS-502','group',1158,1163,3),('PPSAS-50204010','PPSAS','50204010','Water Expenses','PPSAS-50204','item',1159,1160,4),('PPSAS-50204020','PPSAS','50204020','Electricity Expenses','PPSAS-50204','item',1161,1162,4),('PPSAS-50205','PPSAS','50205','Communication Expenses','PPSAS-502','group',1164,1173,3),('PPSAS-50205010','PPSAS','50205010','Postage and Courier Services','PPSAS-50205','item',1165,1166,4),('PPSAS-50205020','PPSAS','50205020','Telephone Expenses','PPSAS-50205','item',1167,1168,4),('PPSAS-50205030','PPSAS','50205030','Internet Subscription Expenses','PPSAS-50205','item',1169,1170,4),('PPSAS-50205040','PPSAS','50205040','Cable, Satellite, Telegraph and Radio Expenses','PPSAS-50205','item',1171,1172,4),('PPSAS-50206','PPSAS','50206','Awards/Rewards and Prizes','PPSAS-502','group',1174,1179,3),('PPSAS-50206010','PPSAS','50206010','Awards/Rewards Expenses','PPSAS-50206','item',1175,1176,4),('PPSAS-50206020','PPSAS','50206020','Prizes','PPSAS-50206','item',1177,1178,4),('PPSAS-50207','PPSAS','50207','Survey, Research, Exploration and Development Expenses','PPSAS-502','group',1180,1185,3),('PPSAS-50207010','PPSAS','50207010','Survey Expenses','PPSAS-50207','item',1181,1182,4),('PPSAS-50207020','PPSAS','50207020','Research, Exploration and Development Expenses','PPSAS-50207','item',1183,1184,4),('PPSAS-50208','PPSAS','50208','Demolition/Relocation and Desilting/Dredging Expenses','PPSAS-502','group',1186,1191,3),('PPSAS-50208010','PPSAS','50208010','Demolition and Relocation Expenses','PPSAS-50208','item',1187,1188,4),('PPSAS-50208020','PPSAS','50208020','Desilting and Dredging Expenses','PPSAS-50208','item',1189,1190,4),('PPSAS-50209','PPSAS','50209','Generation, Transmission and Distribution Expenses','PPSAS-502','group',1192,1195,3),('PPSAS-50209010','PPSAS','50209010','Generation, Transmission and Distribution Expenses','PPSAS-50209','item',1193,1194,4),('PPSAS-50210','PPSAS','50210','Confidential, Intelligence and Extraordinary Expenses','PPSAS-502','group',1196,1203,3),('PPSAS-50210010','PPSAS','50210010','Confidential Expenses','PPSAS-50210','item',1197,1198,4),('PPSAS-50210020','PPSAS','50210020','Intelligence Expenses','PPSAS-50210','item',1199,1200,4),('PPSAS-50210030','PPSAS','50210030','Extraordinary and Miscellaneous Expenses','PPSAS-50210','item',1201,1202,4),('PPSAS-50211','PPSAS','50211','Professional Services','PPSAS-502','group',1204,1213,3),('PPSAS-50211010','PPSAS','50211010','Legal Services','PPSAS-50211','item',1205,1206,4),('PPSAS-50211020','PPSAS','50211020','Auditing Services','PPSAS-50211','item',1207,1208,4),('PPSAS-50211030','PPSAS','50211030','Consultancy Services','PPSAS-50211','item',1209,1210,4),('PPSAS-50211990','PPSAS','50211990','Other Professional Services','PPSAS-50211','item',1211,1212,4),('PPSAS-50212','PPSAS','50212','General Services','PPSAS-502','group',1214,1223,3),('PPSAS-50212010','PPSAS','50212010','Environment/Sanitary Services','PPSAS-50212','item',1215,1216,4),('PPSAS-50212020','PPSAS','50212020','Janitorial Services','PPSAS-50212','item',1217,1218,4),('PPSAS-50212030','PPSAS','50212030','Security Services','PPSAS-50212','item',1219,1220,4),('PPSAS-50212990','PPSAS','50212990','Other General Services','PPSAS-50212','item',1221,1222,4),('PPSAS-50213','PPSAS','50213','Repairs and Maintenance','PPSAS-502','group',1224,1245,3),('PPSAS-50213010','PPSAS','50213010','Repairs and Maintenance - Investment Property','PPSAS-50213','item',1225,1226,4),('PPSAS-50213020','PPSAS','50213020','Repairs and Maintenance - Land Improvements','PPSAS-50213','item',1227,1228,4),('PPSAS-50213030','PPSAS','50213030','Repairs and Maintenance - Infrastructure Assets','PPSAS-50213','item',1229,1230,4),('PPSAS-50213040','PPSAS','50213040','Repairs and Maintenance - Buildings and Other Structures','PPSAS-50213','item',1231,1232,4),('PPSAS-50213050','PPSAS','50213050','Repairs and Maintenance - Machinery and Equipment','PPSAS-50213','item',1233,1234,4),('PPSAS-50213060','PPSAS','50213060','Repairs and Maintenance - Transportation Equipment','PPSAS-50213','item',1235,1236,4),('PPSAS-50213070','PPSAS','50213070','Repairs and Maintenance - Furniture and  Fixtures','PPSAS-50213','item',1237,1238,4),('PPSAS-50213080','PPSAS','50213080','Repairs and Maintenance - Leased Assets','PPSAS-50213','item',1239,1240,4),('PPSAS-50213090','PPSAS','50213090','Repairs and Maintenance - Leased Assets Improvements','PPSAS-50213','item',1241,1242,4),('PPSAS-50213990','PPSAS','50213990','Repairs and Maintenance - Other Property, Plant and Equipment','PPSAS-50213','item',1243,1244,4),('PPSAS-50214','PPSAS','50214','Financial Assistance/Subsidy','PPSAS-502','group',1246,1259,3),('PPSAS-50214020','PPSAS','50214020','Subsidy to NGAs','PPSAS-50214','item',1247,1248,4),('PPSAS-50214030','PPSAS','50214030','Subsidy to Other Local Government Units','PPSAS-50214','item',1249,1250,4),('PPSAS-50214060','PPSAS','50214060','Subsidy to Other  Funds','PPSAS-50214','item',1251,1252,4),('PPSAS-50214070','PPSAS','50214070','Subsidy to General Fund Proper/Special Accounts','PPSAS-50214','item',1253,1254,4),('PPSAS-50214080','PPSAS','50214080','Subsidy to Local Economic Enterprises','PPSAS-50214','item',1255,1256,4),('PPSAS-50214990','PPSAS','50214990','Subsidies - Others','PPSAS-50214','item',1257,1258,4),('PPSAS-50215','PPSAS','50215','Transfers','PPSAS-502','group',1260,1265,3),('PPSAS-50215010','PPSAS','50215010','Transfers of Unspent Current Year DRRM Funds to the Trust Funds','PPSAS-50215','item',1261,1262,4),('PPSAS-50215020','PPSAS','50215020','Transfers for Project Equity Share /LGU Counterpart','PPSAS-50215','item',1263,1264,4),('PPSAS-50216','PPSAS','50216','Taxes, Insurance Premiums and Other Fees','PPSAS-502','group',1266,1273,3),('PPSAS-50216010','PPSAS','50216010','Taxes, Duties and Licenses','PPSAS-50216','item',1267,1268,4),('PPSAS-50216020','PPSAS','50216020','Fidelity Bond Premiums','PPSAS-50216','item',1269,1270,4),('PPSAS-50216030','PPSAS','50216030','Insurance Expenses','PPSAS-50216','item',1271,1272,4),('PPSAS-50299','PPSAS','50299','Other Maintenance and Operating Expenses','PPSAS-502','group',1274,1293,3),('PPSAS-50299010','PPSAS','50299010','Advertising Expenses','PPSAS-50299','item',1275,1276,4),('PPSAS-50299020','PPSAS','50299020','Printing and Publication Expenses','PPSAS-50299','item',1277,1278,4),('PPSAS-50299030','PPSAS','50299030','Representation Expenses','PPSAS-50299','item',1279,1280,4),('PPSAS-50299040','PPSAS','50299040','Transportation and Delivery Expenses','PPSAS-50299','item',1281,1282,4),('PPSAS-50299050','PPSAS','50299050','Rent Expenses','PPSAS-50299','item',1283,1284,4),('PPSAS-50299060','PPSAS','50299060','Membership Dues and Contributions to Organizations','PPSAS-50299','item',1285,1286,4),('PPSAS-50299070','PPSAS','50299070','Subscription Expenses','PPSAS-50299','item',1287,1288,4),('PPSAS-50299080','PPSAS','50299080','Donations','PPSAS-50299','item',1289,1290,4),('PPSAS-502990990','PPSAS','502990990','Other Maintenance and Operating Expenses','PPSAS-50299','item',1291,1292,4),('PPSAS-503','PPSAS','503','Financial Expenses','PPSAS-5','group',1295,1310,2),('PPSAS-50301','PPSAS','50301','Financial Expenses','PPSAS-503','group',1296,1309,3),('PPSAS-50301010','PPSAS','50301010','Management Supervision/Trusteeship Fees','PPSAS-50301','item',1297,1298,4),('PPSAS-50301020','PPSAS','50301020','Interest Expenses','PPSAS-50301','item',1299,1300,4),('PPSAS-50301030','PPSAS','50301030','Guarantee Fees','PPSAS-50301','item',1301,1302,4),('PPSAS-50301040','PPSAS','50301040','Bank Charges','PPSAS-50301','item',1303,1304,4),('PPSAS-50301050','PPSAS','50301050','Commitment Fees','PPSAS-50301','item',1305,1306,4),('PPSAS-50301990','PPSAS','50301990','Other Financial Charges','PPSAS-50301','item',1307,1308,4),('PPSAS-504','PPSAS','504','Direct Costs','PPSAS-5','group',1311,1324,2),('PPSAS-50401','PPSAS','50401','Cost of Goods Manufactured','PPSAS-504','group',1312,1319,3),('PPSAS-50401010','PPSAS','50401010','Direct Materials','PPSAS-50401','item',1313,1314,4),('PPSAS-50401020','PPSAS','50401020','Direct Labor','PPSAS-50401','item',1315,1316,4),('PPSAS-50401030','PPSAS','50401030','Manufacturing Overhead','PPSAS-50401','item',1317,1318,4),('PPSAS-50402','PPSAS','50402','Cost of Sales','PPSAS-504','group',1320,1323,3),('PPSAS-50402010','PPSAS','50402010','Cost of Sales','PPSAS-50402','item',1321,1322,4),('PPSAS-505','PPSAS','505','Non-Cash Expenses','PPSAS-5','group',1325,1404,2),('PPSAS-50501','PPSAS','50501','Depreciation','PPSAS-505','group',1326,1349,3),('PPSAS-50501010','PPSAS','50501010','Depreciation - Investment Property','PPSAS-50501','item',1327,1328,4),('PPSAS-50501020','PPSAS','50501020','Depreciation - Land Improvements','PPSAS-50501','item',1329,1330,4),('PPSAS-50501030','PPSAS','50501030','Depreciation - Infrastructure Assets','PPSAS-50501','item',1331,1332,4),('PPSAS-50501040','PPSAS','50501040','Depreciation - Buildings and Other Structures','PPSAS-50501','item',1333,1334,4),('PPSAS-50501050','PPSAS','50501050','Depreciation - Machinery  and Equipment','PPSAS-50501','item',1335,1336,4),('PPSAS-50501060','PPSAS','50501060','Depreciation - Transportation Equipment','PPSAS-50501','item',1337,1338,4),('PPSAS-50501070','PPSAS','50501070','Depreciation - Furniture, Fixtures and Books','PPSAS-50501','item',1339,1340,4),('PPSAS-50501080','PPSAS','50501080','Depreciation - Leased Assets','PPSAS-50501','item',1341,1342,4),('PPSAS-50501090','PPSAS','50501090','Depreciation - Leased Assets Improvements','PPSAS-50501','item',1343,1344,4),('PPSAS-50501100','PPSAS','50501100','Depreciation -Service Concession Assets','PPSAS-50501','item',1345,1346,4),('PPSAS-50501990','PPSAS','50501990','Depreciation - Other Property, Plant and Equipment','PPSAS-50501','item',1347,1348,4),('PPSAS-50502','PPSAS','50502','Amortization','PPSAS-505','group',1350,1353,3),('PPSAS-50502010','PPSAS','50502010','Amortization - Intangible Assets','PPSAS-50502','item',1351,1352,4),('PPSAS-50503','PPSAS','50503','Impairment Loss','PPSAS-505','group',1354,1375,3),('PPSAS-50503010','PPSAS','50503010','Impairment Loss - Financial Assets Held to Maturity','PPSAS-50503','item',1355,1356,4),('PPSAS-50503020','PPSAS','50503020','Impairment Loss - Loans and  Receivables','PPSAS-50503','item',1357,1358,4),('PPSAS-50503030','PPSAS','50503030','Impairment Loss - Lease Receivables','PPSAS-50503','item',1359,1360,4),('PPSAS-50503040','PPSAS','50503040','Impairment Loss - Investments in GOCCs','PPSAS-50503','item',1361,1362,4),('PPSAS-50503050','PPSAS','50503050','Impairment Loss - Investments in Joint Venture','PPSAS-50503','item',1363,1364,4),('PPSAS-50503060','PPSAS','50503060','Impairment Loss - Other Receivables','PPSAS-50503','item',1365,1366,4),('PPSAS-50503070','PPSAS','50503070','Impairment Loss - Inventories','PPSAS-50503','item',1367,1368,4),('PPSAS-50503080','PPSAS','50503080','Impairment Loss - Investment Property','PPSAS-50503','item',1369,1370,4),('PPSAS-50503090','PPSAS','50503090','Impairment Loss - Property, Plant and Equipment','PPSAS-50503','item',1371,1372,4),('PPSAS-50503100','PPSAS','50503100','Impairment Loss - Intangible Assets','PPSAS-50503','item',1373,1374,4),('PPSAS-50504','PPSAS','50504','Losses','PPSAS-505','group',1376,1399,3),('PPSAS-50504010','PPSAS','50504010','Loss on Foreign Exchange (FOREX)','PPSAS-50504','item',1377,1378,4),('PPSAS-50504020','PPSAS','50504020','Loss on Sale of Investments','PPSAS-50504','item',1379,1380,4),('PPSAS-50504030','PPSAS','50504030','Loss on Sale of Investment Property','PPSAS-50504','item',1381,1382,4),('PPSAS-50504040','PPSAS','50504040','Loss on Sale of Propery, Plant and Equipment','PPSAS-50504','item',1383,1384,4),('PPSAS-50504050','PPSAS','50504050','Loss on Sale of Biological Assets','PPSAS-50504','item',1385,1386,4),('PPSAS-50504060','PPSAS','50504060','Loss on Sale of Intangible Assets','PPSAS-50504','item',1387,1388,4),('PPSAS-50504070','PPSAS','50504070','Loss on Sale of Assets','PPSAS-50504','item',1389,1390,4),('PPSAS-50504080','PPSAS','50504080','Loss on Initial Recognition of Biological Assets','PPSAS-50504','item',1391,1392,4),('PPSAS-50504090','PPSAS','50504090','Loss of Assets','PPSAS-50504','item',1393,1394,4),('PPSAS-50504100','PPSAS','50504100','Loss on Guaranty','PPSAS-50504','item',1395,1396,4),('PPSAS-50504990','PPSAS','50504990','Other Losses','PPSAS-50504','item',1397,1398,4),('PPSAS-50505','PPSAS','50505','Grants','PPSAS-505','group',1400,1403,3),('PPSAS-50505010','PPSAS','50505010','Grants for Concessionary loans','PPSAS-50505','item',1401,1402,4),('P_BT','SRE','1.2.1','BUSINESS TAX','RS_TOB','group',368,389,5),('P_ERGDAEGP','SRE','4.1.3','EXTRAORDINARY GAINS AND PREMIUMS','RS_ERGDA','group',586,595,5),('P_ERGDAGD','SRE','4.1.1','GRANTS AND DONATIONS','RS_ERGDA','group',574,579,5),('P_ERGDASI','SRE','4.1.2','SUBSIDY INCOME','RS_ERGDA','group',580,585,5),('P_IFEEEE','SRE','2.3.1','RECEIPTS FROM ECONOMIC ENTERPRISES (BUSINESS INCOME)','RS_IFEE','group',486,521,5),('P_OIROGI','SRE','2.4.1','OTHER GENERAL INCOME (MISCELLANEOUS)','RS_OIR','group',528,535,5),('P_ONIRCTL','SRE','8.1.1','COLLECTION OF TRUST LIABILITIES','RS_ONIR','group',638,645,5),('P_OSFNTCSNW','SRE','01','SHARE FROM NATIONAL WEALTH','RS_OSFNTC','group',548,559,5),('P_RFPL','SRE','2.1.1','PERMITS AND LICENSES','RS_RF','group',418,437,5),('P_RFRF','SRE','2.1.2','REGISTRATION FEES','RS_RF','group',440,445,5),('P_RPTB','SRE','1.1.1','REAL PROPERTY TAX -BASIC','RS_RPT','group',330,341,5),('P_RPTSEF','SRE','P:RPTSEF','Special Education Fund','RS_SEF','group',654,665,5),('P_RPTSLIL','SRE','1.1.2','SPECIAL LEVY ON IDLE LANDS','RS_RPT','group',342,353,5),('P_RPTSLLBPWP','SRE','1.1.3','SPECIAL LEVY ON LAND BENEFITED BY PUBLIC WORKS PROJECTS','RS_RPT','group',354,365,5),('P_SEFDGA','SRE','P:SEFDGA','Donation/Grants/Aid','RS_SEF','group',666,673,5),('P_SEFILT','SRE','P:SEFILT','INTER-LOCAL TRANSFERS','RS_SEF','group',674,679,5),('P_SEFOR','SRE','P:SEFOR','Other Receipts','RS_SEF','group',680,685,5),('P_SEFRLB','SRE','P:SEFRLB','RECEIPTS FROM LOANS AND BORROWINGS (Payable)','RS_SEF','group',686,691,5),('P_SUCCCF','SRE','2.2.1','CLEARANCE AND CERTIFICATION FEES','RS_SUC','group',450,459,5),('P_SUCOF','SRE','2.2.2','OTHER FEES','RS_SUC','group',462,471,5),('REV2004-08-004','SRE-V254','004','LOCAL SOURCES',NULL,'root',4,307,1),('REV2004-08-005','SRE-V254','5','TAX REVENUES (6+22+39)','REV2004-08-004','group',215,306,2),('REV2004-08-006','SRE-V254','6','REAL PROPERTY TAX (7+12+17)','REV2004-08-005','group',274,305,3),('REV2004-08-007','SRE-V254','7','REAL PROPERTY TAX- BASIC (8+9+10+11)','REV2004-08-006','group',295,304,4),('REV2004-08-008','SRE-V254','8','CURRENT YEAR','REV2004-08-007','item',300,301,5),('REV2004-08-009','SRE-V254','9','FINES AND PENALTIES- CURRENT YEAR','REV2004-08-007','item',302,303,5),('REV2004-08-010','SRE-V254','10','PRIOR YEAR/S','REV2004-08-007','item',296,297,5),('REV2004-08-011','SRE-V254','11','FINES AND PENALTIES- PRIOR YEAR/S','REV2004-08-007','item',298,299,5),('REV2004-08-012','SRE-V254','12','SPECIAL LEVY ON IDLE LANDS (13+14+15+16)','REV2004-08-006','group',275,284,4),('REV2004-08-013','SRE-V254','13','CURRENT YEAR','REV2004-08-012','item',276,277,5),('REV2004-08-014','SRE-V254','14','FINES AND PENALTIES- CURRENT YEAR','REV2004-08-012','item',278,279,5),('REV2004-08-015','SRE-V254','15','PRIOR YEAR/S','REV2004-08-012','item',280,281,5),('REV2004-08-016','SRE-V254','16','FINES AND PENALTIES- PRIOR YEAR/S','REV2004-08-012','item',282,283,5),('REV2004-08-017','SRE-V254','17','SPECIAL LEVY ON LAND BENEFITED BY PUBLIC WORKS PROJECTS (18+19+20+21)','REV2004-08-006','group',285,294,4),('REV2004-08-018','SRE-V254','18','CURRENT YEAR','REV2004-08-017','item',286,287,5),('REV2004-08-019','SRE-V254','19','FINES AND PENALTIES- CURRENT YEAR','REV2004-08-017','item',288,289,5),('REV2004-08-020','SRE-V254','20','PRIOR YEAR/S','REV2004-08-017','item',290,291,5),('REV2004-08-021','SRE-V254','21','FINES AND PENALTIES- PRIOR YEAR/S','REV2004-08-017','item',292,293,5),('REV2004-08-022','SRE-V254','22','TAX ON BUSINESS (TOTAL OF LINE 23+24+35 TO 38)','REV2004-08-005','group',216,253,3),('REV2004-08-023','SRE-V254','23','AMUSEMENT TAX - (COCKFIT) MUNICIPAL SHARE','REV2004-08-022','item',217,218,4),('REV2004-08-024','SRE-V254','24','BUSINESS TAX (25 TO 33)','REV2004-08-022','group',221,244,4),('REV2004-08-025','SRE-V254','25','MANUFACTURERS, ASSEMBLERS, ETC.','REV2004-08-024','item',224,225,5),('REV2004-08-026','SRE-V254','26','WHOLESALERS, DISTRIBUTORS, ETC.','REV2004-08-024','item',226,227,5),('REV2004-08-027','SRE-V254','27','EXPORTERS, MANUFACTURERS, DEALERS, ETC.','REV2004-08-024','item',228,229,5),('REV2004-08-028','SRE-V254','28','RETAILERS','REV2004-08-024','item',230,231,5),('REV2004-08-029','SRE-V254','29','CONTRACTORS AND OTHER INDEPENDENT CONTRACTORS','REV2004-08-024','item',232,233,5),('REV2004-08-030','SRE-V254','30','BANKS & OTHER FINANCIAL INSTITUTIONS','REV2004-08-024','item',234,235,5),('REV2004-08-031','SRE-V254','31','PEDDLERS','REV2004-08-024','item',236,237,5),('REV2004-08-032','SRE-V254','32','PRINTING & PUBLICATION TAX','REV2004-08-024','item',238,239,5),('REV2004-08-033','SRE-V254','33','TAX ON AMUSEMENT PLACE','REV2004-08-024','item',240,241,5),('REV2004-08-034','SRE-V254','34','OTHER BUSINESS TAXES','REV2004-08-024','item',242,243,5),('REV2004-08-035','SRE-V254','35','FRANCHISE TAX','REV2004-08-022','item',245,246,4),('REV2004-08-036','SRE-V254','36','TAX ON DELIVERY TRUCKS AND VANS','REV2004-08-022','item',247,248,4),('REV2004-08-037','SRE-V254','37','TAX ON SAND,GRAVEL & OTHER QUARRY RESOURCES','REV2004-08-022','item',249,250,4),('REV2004-08-038','SRE-V254','38','FINES AND PENALTIES-BUSINESS TAXES','REV2004-08-022','item',251,252,4),('REV2004-08-039','SRE-V254','39','OTHER TAXES (TOTAL OF LINE 40 TO 45)','REV2004-08-005','group',254,273,3),('REV2004-08-040','SRE-V254','40','COMMUNITY TAX- CORPORATION','REV2004-08-039','item',259,260,4),('REV2004-08-041','SRE-V254','41','COMMUNITY TAX- INDIVIDUAL','REV2004-08-039','item',261,262,4),('REV2004-08-042','SRE-V254','42','PROFESSIONAL TAX','REV2004-08-039','item',263,266,4),('REV2004-08-043','SRE-V254','43','REAL PROPERTY TRANSFER TAX','REV2004-08-039','item',267,268,4),('REV2004-08-044','SRE-V254','44','OTHER TAXES ','REV2004-08-039','item',269,270,4),('REV2004-08-045','SRE-V254','45','FINES AND PENALTIES- OTHER TAXES','REV2004-08-039','item',271,272,4),('REV2004-08-046','SRE-V254','46','NON-TAX REVENUES (47+63+81+99)','REV2004-08-004','group',5,214,2),('REV2004-08-047','SRE-V254','47','REGULATORY FEES (PERMIT AND LICENSES) (48+58+61+62)','REV2004-08-046','group',6,71,3),('REV2004-08-048','SRE-V254','48','PERMIT AND LICENSES (49 TO 57) ','REV2004-08-047','group',7,54,4),('REV2004-08-049','SRE-V254','49','FEES ON WEIGHTS AND MEASURES','REV2004-08-048','item',8,9,5),('REV2004-08-050','SRE-V254','50','FISHERY RENTAL FEES AND PRIVILEGE FEES','REV2004-08-048','item',10,11,5),('REV2004-08-051','SRE-V254','51','FRANCHISING AND LICENSING FEES','REV2004-08-048','item',12,13,5),('REV2004-08-052','SRE-V254','52','BUSINESS PERMIT FEES ','REV2004-08-048','item',14,33,5),('REV2004-08-053','SRE-V254','53','BUILDING PERMIT FEES','REV2004-08-048','item',34,41,5),('REV2004-08-054','SRE-V254','54','ZONAL/LOCATION PERMIT FEES','REV2004-08-048','item',42,43,5),('REV2004-08-055','SRE-V254','55','TRICYCLE OPERATORS PERMIT FEES','REV2004-08-048','item',44,45,5),('REV2004-08-056','SRE-V254','56','OCCUPATIONAL FEES','REV2004-08-048','item',48,49,5),('REV2004-08-057','SRE-V254','57','OTHER PERMIT & LICENSES','REV2004-08-048','item',50,51,5),('REV2004-08-058','SRE-V254','58','REGISTRATION FEES (59+60)','REV2004-08-047','group',55,64,4),('REV2004-08-059','SRE-V254','59','CATTLE/ANIMAL REGISTRATION FEES','REV2004-08-058','item',56,57,5),('REV2004-08-060','SRE-V254','60','CIVIL REGISTRATION FEES','REV2004-08-058','item',58,63,5),('REV2004-08-061','SRE-V254','61','INSPECTION FEES','REV2004-08-047','item',65,66,4),('REV2004-08-062','SRE-V254','62','FINES AND PENALTIES-PERMITS AND LICENSES','REV2004-08-047','item',67,68,4),('REV2004-08-063','SRE-V254','63','SERVICE/USER CHARGES (SERVICE INCOME) (64+69+74 TO 80)','REV2004-08-046','group',72,117,3),('REV2004-08-064','SRE-V254','64','CLEARANCE AND CERTIFICATION FEES (65 TO 68)','REV2004-08-063','group',73,92,4),('REV2004-08-065','SRE-V254','65','POLICE CLEARANCE','REV2004-08-064','item',74,75,5),('REV2004-08-066','SRE-V254','66','SECRETARY\'S FEES','REV2004-08-064','item',76,79,5),('REV2004-08-067','SRE-V254','67','HEALTH CERTIFICATE','REV2004-08-064','item',80,81,5),('REV2004-08-068','SRE-V254','68','OTHER CLEARANCE & CERTS.','REV2004-08-064','item',82,91,5),('REV2004-08-069','SRE-V254','69','OTHER FEES (70 TO 73)','REV2004-08-063','group',93,102,4),('REV2004-08-070','SRE-V254','70','GARBAGE FEES','REV2004-08-069','item',94,95,5),('REV2004-08-071','SRE-V254','71','WHARFAGE FEES','REV2004-08-069','item',96,97,5),('REV2004-08-072','SRE-V254','72','TOLL FEES','REV2004-08-069','item',98,99,5),('REV2004-08-073','SRE-V254','73','OTHER SERVICE INCOME','REV2004-08-069','item',100,101,5),('REV2004-08-074','SRE-V254','74','FINES AND PENALTIES- SERVICE INCOME','REV2004-08-063','item',103,104,4),('REV2004-08-075','SRE-V254','75','LANDING AND AERONAUTICAL FEES','REV2004-08-063','item',105,106,4),('REV2004-08-076','SRE-V254','76','PARKING AND TERMINAL FEES','REV2004-08-063','item',107,108,4),('REV2004-08-077','SRE-V254','77','HOSPITAL FEES','REV2004-08-063','item',109,110,4),('REV2004-08-078','SRE-V254','78','MEDICAL, DENTAL AND LABORATORY FEES','REV2004-08-063','item',111,112,4),('REV2004-08-079','SRE-V254','79','MARKET & SLAUGHTERHOUSE FEES','REV2004-08-063','item',113,114,4),('REV2004-08-080','SRE-V254','80','PRINTING AND PUBLICATION FEES','REV2004-08-063','item',115,116,4),('REV2004-08-081','SRE-V254','81','INCOME FROM ECONOMIC ENTERPRISE (BUSINESS INCOME) (82)','REV2004-08-046','group',118,169,3),('REV2004-08-082','SRE-V254','82','INCOME FROM ECONOMIC ENTERPRISES (83 TO 98)','REV2004-08-081','group',119,168,4),('REV2004-08-083','SRE-V254','83','SCHOOL OPERATIONS','REV2004-08-082','item',120,121,5),('REV2004-08-084','SRE-V254','84','POWER GENERATION/ DISTRIBUTION','REV2004-08-082','item',122,123,5),('REV2004-08-085','SRE-V254','85','HOSPITAL OPERATIONS','REV2004-08-082','item',124,125,5),('REV2004-08-086','SRE-V254','86','CANTEEN/RESTAURANT OPERATIONS','REV2004-08-082','item',126,127,5),('REV2004-08-087','SRE-V254','87','CEMETERY OPERATIONS','REV2004-08-082','item',128,129,5),('REV2004-08-088','SRE-V254','88','COMMUNICATION FACILITIES & EQUIPMENT OPERATIONS','REV2004-08-082','item',130,131,5),('REV2004-08-089','SRE-V254','89','DORMITORY OPERATIONS ','REV2004-08-082','item',132,133,5),('REV2004-08-090','SRE-V254','90','MARKET OPERATIONS','REV2004-08-082','item',134,141,5),('REV2004-08-091','SRE-V254','91','SLAUGHTERHOUSE OPERATIONS','REV2004-08-082','item',142,143,5),('REV2004-08-092','SRE-V254','92','TRANSPORTATION SYSTEM OPERATIONS','REV2004-08-082','item',144,145,5),('REV2004-08-093','SRE-V254','93','WATERWORKS SYSTEM OPERATIONS','REV2004-08-082','item',146,153,5),('REV2004-08-094','SRE-V254','94','PRINTING & PUBLICATION OPERATIONS','REV2004-08-082','item',154,155,5),('REV2004-08-095','SRE-V254','95','INCOME FROM LEASE/RENTAL OF FACILITIES','REV2004-08-082','item',156,157,5),('REV2004-08-096','SRE-V254','96','INCOME FROM TRADING BUSINESS','REV2004-08-082','item',158,159,5),('REV2004-08-097','SRE-V254','97','OTHER ECONOMIC ENTERPRISES ','REV2004-08-082','item',160,165,5),('REV2004-08-098','SRE-V254','98','FINES AND PENALTIES- ECONOMIC ENTERPRISES','REV2004-08-082','item',166,167,5),('REV2004-08-099','SRE-V254','99','OTHER RECEIPTS (OTHER GENERAL INCOME) (100 TO 102)','REV2004-08-046','group',170,213,3),('REV2004-08-100','SRE-V254','100','INTEREST INCOME','REV2004-08-099','item',171,172,4),('REV2004-08-101','SRE-V254','101','DIVIDEND INCOME','REV2004-08-099','item',173,174,4),('REV2004-08-102','SRE-V254','102','OTHER GENERAL INCOME (MISCELLANEOUS) (103 TO 105)','REV2004-08-099','group',175,212,4),('REV2004-08-103','SRE-V254','103','REBATES ON MMDA CONTRIBUTION','REV2004-08-102','item',176,177,5),('REV2004-08-104','SRE-V254','426','SALES OF CONFISCATED/ABANDONED/SEIZED GOODS & PROPERTIES','REV2004-08-102','item',210,211,5),('REV2004-08-105','SRE-V254','105','OTHERS','REV2004-08-102','item',178,209,5),('REV2004-08-107','SRE-V254','107','EXTERNAL SOURCES',NULL,'root',308,375,1),('REV2004-08-108','SRE-V254','108','SHARE FROM NATIONAL TAX COLLECTION (109+112)','REV2004-08-107','group',309,316,2),('REV2004-08-109','SRE-V254','109','INTERNAL REVENUE ALLOTMENT (110+111)','REV2004-08-108','group',310,315,3),('REV2004-08-110','SRE-V254','110','CURRENT YEAR','REV2004-08-109','item',311,312,4),('REV2004-08-111','SRE-V254','111','PRIOR YEAR ','REV2004-08-109','item',313,314,4),('REV2004-08-112','SRE-V254','112','OTHER SHARES FROM NATIONAL TAX COLLECTION (113 TO 117)','REV2004-08-107','group',317,328,2),('REV2004-08-113','SRE-V254','113','SHARE FROM ECONOMIC ZONE (RA 7227)','REV2004-08-112','item',318,319,3),('REV2004-08-114','SRE-V254','114','SHARE FROM EVAT','REV2004-08-112','item',320,321,3),('REV2004-08-115','SRE-V254','115','SHARE FROM NATIONAL WEALTH ','REV2004-08-112','item',322,323,3),('REV2004-08-116','SRE-V254','116','SHARE FROM PAGCOR/PCSO/LOTTO','REV2004-08-112','item',324,325,3),('REV2004-08-117','SRE-V254','117','SHARE FROM TOBACCO EXCISE TAX','REV2004-08-112','item',326,327,3),('REV2004-08-118','SRE-V254','118','EXTRAORDINARY RECEIPTS/GRANTS/DONATIONS/AIDS (119+122+125)','REV2004-08-107','group',329,352,2),('REV2004-08-119','SRE-V254','119','GRANTS AND DONATIONS (120+121)','REV2004-08-118','group',330,335,3),('REV2004-08-120','SRE-V254','120','FOREIGN','REV2004-08-119','item',331,332,4),('REV2004-08-121','SRE-V254','121','DOMESTIC','REV2004-08-119','item',333,334,4),('REV2004-08-122','SRE-V254','122','SUBSIDY INCOME (123+124)','REV2004-08-118','group',336,341,3),('REV2004-08-123','SRE-V254','123','OTHER SUBSIDY INCOME','REV2004-08-122','item',337,338,4),('REV2004-08-124','SRE-V254','124','SUBSIDY FROM GOCCs','REV2004-08-122','item',339,340,4),('REV2004-08-125','SRE-V254','125','EXTRAORDINARY GAINS AND PREMIUMS (126 TO 129)','REV2004-08-118','group',342,351,3),('REV2004-08-126','SRE-V254','126','GAIN ON FOREX','REV2004-08-125','item',343,344,4),('REV2004-08-127','SRE-V254','127','GAIN ON SALE OF ASSETS','REV2004-08-125','item',345,346,4),('REV2004-08-128','SRE-V254','128','PREMIUM ON BONDS PAYABLE','REV2004-08-125','item',347,348,4),('REV2004-08-129','SRE-V254','129','GAIN ON SALE OF INVESTMENTS','REV2004-08-125','item',349,350,4),('REV2004-08-130','SRE-V254','130','INTER-LOCAL TRANSFERS (131 +132)','REV2004-08-107','group',353,358,2),('REV2004-08-131','SRE-V254','131','SUBSIDY FROM LGUs','REV2004-08-130','item',354,355,3),('REV2004-08-132','SRE-V254','132','SUBSIDY FROM OTHER FUNDS','REV2004-08-130','item',356,357,3),('REV2004-08-133','SRE-V254','133','CAPITAL/ INVESTMENT RECEIPTS (134 TO 136)','REV2004-08-107','group',359,366,2),('REV2004-08-134','SRE-V254','134','PROCEEDS FROM SALE OF ASSETS','REV2004-08-133','item',360,361,3),('REV2004-08-135','SRE-V254','135','PROCEEDS FROM SALE OF DEBT SECURITIES OF OTHER ENTITIES','REV2004-08-133','item',362,363,3),('REV2004-08-136','SRE-V254','136','COLLECTION OF LOANS RECEIVABLES (PRINCIPAL)','REV2004-08-133','item',364,365,3),('REV2004-08-137','SRE-V254','137','RECEIPTS FROM LOANS AND BORROWINGS (PAYABLE) (138 TO140)','REV2004-08-107','group',367,374,2),('REV2004-08-138','SRE-V254','138','LOANS- FOREIGN ','REV2004-08-137','item',368,369,3),('REV2004-08-139','SRE-V254','139','LOANS- DOMESTIC','REV2004-08-137','item',370,371,3),('REV2004-08-140','SRE-V254','140','BONDS FLOATATION','REV2004-08-137','item',372,373,3),('REV2004-08-143','SRE-V254','143','SPECIAL EDUCATION FUND',NULL,'root',376,419,1),('REV2004-08-144','SRE-V254','144','SPECIAL EDUCATION TAX (145 TO 148)','REV2004-08-143','group',377,386,2),('REV2004-08-145','SRE-V254','145','CURRENT YEAR','REV2004-08-144','item',378,379,3),('REV2004-08-146','SRE-V254','146','FINES AND PENALTIES-CURRENT YEAR','REV2004-08-144','item',380,381,3),('REV2004-08-147','SRE-V254','147','PRIOR YEAR/S','REV2004-08-144','item',382,383,3),('REV2004-08-148','SRE-V254','148','FINES AND PENALTIES-PRIOR YEAR/S','REV2004-08-144','item',384,385,3),('REV2004-08-149','SRE-V254','149','DONATION/GRANTS/AID(150)','REV2004-08-143','group',387,394,2),('REV2004-08-150','SRE-V254','150','GRANTS AND DONATIONS (151+152)','REV2004-08-149','group',388,393,3),('REV2004-08-151','SRE-V254','151','FOREIGN ','REV2004-08-150','item',389,390,4),('REV2004-08-152','SRE-V254','152','DOMESTIC','REV2004-08-150','item',391,392,4),('REV2004-08-153','SRE-V254','153','OTHER RECEIPTS (154+155)','REV2004-08-143','group',395,400,2),('REV2004-08-154','SRE-V254','154','INTEREST INCOME','REV2004-08-153','item',396,397,3),('REV2004-08-155','SRE-V254','155','OTHER BUSINESS INCOME (MISCELLANEOUS)','REV2004-08-153','item',398,399,3),('REV2004-08-156','SRE-V254','156','OTHER SUBSIDY INCOME','REV2004-08-156','group',NULL,NULL,NULL),('REV2004-08-157','SRE-V254','157','INTER-LOCAL TRANSFERS (158+159)','REV2004-08-143','item',401,406,2),('REV2004-08-158','SRE-V254','158','SUBSIDY FROM LGUs','REV2004-08-157','item',402,403,3),('REV2004-08-159','SRE-V254','159','SUBSIDY FROM OTHER FUNDS','REV2004-08-157','item',404,405,3),('REV2004-08-160','SRE-V254','160','RECEIPTS FROM LOANS AND BORROWINGS (PAYABLE) (161+162)','REV2004-08-143','group',407,412,2),('REV2004-08-161','SRE-V254','161','LOANS-FOREIGN','REV2004-08-160','item',408,409,3),('REV2004-08-162','SRE-V254','162','LAONS-DOMESTIC','REV2004-08-160','item',410,411,3),('REV2004-08-200','SRE-V254','200','INTER-AGENCY PAYABLES',NULL,'root',438,571,1),('RSH_ES','SRE','B','EXTERNAL SOURCES','F_GF','group',539,648,2),('RSH_LS','SRE','A','LOCAL SOURCES','F_GF','group',327,538,2),('RSH_SEF','SRE','C1:SEF','Special Education Fund','F_SEF','group',651,694,2),('RST_CIR','SRE','6.0','CAPITAL/INVESTMENT RECEIPTS','RSH_ES','group',606,615,3),('RST_ERGDA','SRE','4.0','EXTRAORDINARY RECEIPTS/GRANTS/DONATIONS/AIDS','RSH_ES','group',572,597,3),('RST_ILT','SRE','5.0','INTER-LOCAL TRANSFERS','RSH_ES','group',598,605,3),('RST_NTR','SRE','2.0','NON-TAX REVENUES','RSH_LS','group',416,537,3),('RST_ONIR','SRE','8.0','OTHER NON-INCOME RECEIPTS','RSH_ES','group',626,647,3),('RST_RFLAB','SRE','7.0','RECEIPTS FROM LOANS AND BORROWINGS (PAYABLE)','RSH_ES','group',616,625,3),('RST_SEF','SRE','RST:SEF','SPECIAL EDUCATION TAX','RSH_SEF','group',652,693,3),('RST_SFNTC','SRE','3.0','SHARE FROM NATIONAL TAX COLLECTION','RSH_ES','group',540,571,3),('RST_TR','SRE','1.0','TAX REVENUES','RSH_LS','group',328,415,3),('RS_CIR','SRE','6.1','CAPITAL/INVESTMENT RECEIPTS','RST_CIR','group',607,614,4),('RS_ERGDA','SRE','4.1','EXTRAORDINARY RECEIPTS/GRANTS/DONATIONS/AIDS','RST_ERGDA','group',573,596,4),('RS_IFEE','SRE','2.3','RECEIPTS FROM ECONOMIC ENTERPRISES','RST_NTR','group',485,522,4),('RS_ILT','SRE','5.1','INTER-LOCAL TRANSFERS','RST_ILT','group',599,604,4),('RS_IRA','SRE','3.1','INTERNAL REVENUE ALLOTMENT','RST_SFNTC','group',541,546,4),('RS_OIR','SRE','2.4','OTHER INCOME/RECEIPTS','RST_NTR','group',523,536,4),('RS_ONIR','SRE','8.1','OTHER NON-INCOME RECEIPTS','RST_ONIR','group',627,646,4),('RS_OSFNTC','SRE','3.2','OTHER SHARES FROM NATIONAL TAX COLLECTIONS','RST_SFNTC','group',547,570,4),('RS_OT','SRE','1.3','OTHER TAXES','RST_TR','group',401,414,4),('RS_RF','SRE','2.1','REGULATORY FEES','RST_NTR','group',417,448,4),('RS_RFLAB','SRE','7.1','RECEIPTS FROM LOANS AND BORROWINGS (PAYABLE)','RST_RFLAB','group',617,624,4),('RS_RPT','SRE','1.1','REAL PROPERTY TAX','RST_TR','group',329,366,4),('RS_SEF','SRE','RS:SEF','SPECIAL EDUCATION FUND','RST_SEF','group',653,692,4),('RS_SUC','SRE','2.2','SERVICE/USER CHARGES','RST_NTR','group',449,484,4),('RS_TOB','SRE','1.2','TAX ON BUSINESS','RST_TR','group',367,400,4),('SEF','SRE','D1:SEF','SPECIAL EDUCATION FUND','F_SEF','group',695,722,2),('SEFDOE','SRE','SEFDOE','Education, Culture & Sports/Manpower Development','SEF','group',696,721,3),('SEFDOE1','SRE','SEFDOE1','General Administration','SEFDOE','group',697,698,4),('SEFDOE10','SRE','SEFDOE10','Loan Amortization-Domestic(Debt Service-Principal)','SEFDOE','group',699,700,4),('SEFDOE11','SRE','SEFDOE11','Interest Payment-Domestic(Debt Service-Interest)','SEFDOE','group',701,702,4),('SEFDOE12','SRE','SEFDOE12','Others','SEFDOE','group',703,704,4),('SEFDOE2','SRE','SEFDOE2','Elementary School','SEFDOE','group',705,706,4),('SEFDOE3','SRE','SEFDOE3','Secondary School','SEFDOE','group',707,708,4),('SEFDOE4','SRE','SEFDOE4','University/College Education School','SEFDOE','group',709,710,4),('SEFDOE5','SRE','SEFDOE5','Vocational/Technical School','SEFDOE','group',711,712,4),('SEFDOE6','SRE','SEFDOE6','Adult Education','SEFDOE','group',713,714,4),('SEFDOE7','SRE','SEFDOE7','Education Subsidiary Services','SEFDOE','group',715,716,4),('SEFDOE8','SRE','SEFDOE8','Manpower Development Management Tool','SEFDOE','group',717,718,4),('SEFDOE9','SRE','SEFDOE9','Maintenance Of Sports Center, Athletic Fields, Playground','SEFDOE','group',719,720,4),('SRE-F:TF','SRE','F:TF','TRUST FUND',NULL,'root',724,753,1),('SRE-OTHER ACCOUNTS','SRE','OTHER ACCOUNTS','INACTIVE ACCOUNTS','SRE-OTHERS','group',755,758,2),('SRE-OTHER ITEMS','SRE','OTHER ITEMS','INACTIVE ACCOUNTS','SRE-OTHER ACCOUNTS','item',756,757,3),('SRE-OTHERS','SRE','OTHERS','INACTIVE ACCOUNTS',NULL,'root',754,759,1),('SRE-SEFDOE','SRE','SEFDOE','GENERAL PUBLIC SERVICES-TF',NULL,'detail',760,761,1),('SRE-TF','SRE','TF','TRUST FUND RECIEPTS',NULL,'detail',762,763,1),('SRE-TF01','SRE','TF01','GENERAL PUBLIC SERVICES','SRE-F:TF','group',725,728,2),('SRE-TF01.1','SRE','TF01.1','GENERAL PUBLIC SERVICES','SRE-TF01','item',726,727,3),('SRE-TF02','SRE','TF02','EDUCATION, CULTURE AND SPORTS/MANPOWER DEVELOPMENT','SRE-F:TF','group',729,732,2),('SRE-TF02.1','SRE','TF02.1','EDUCATION, CULTURE AND SPORTS/MANPOWER DEVELOPMENT','SRE-TF02','item',730,731,3),('SRE-TF03','SRE','TF03','HEALTH, NUTRITION AND POPULATION CONTROL','SRE-F:TF','group',733,736,2),('SRE-TF03.1','SRE','TF03.1','HEALTH, NUTRITION AND POPULATION CONTROL','SRE-TF03','item',734,735,3),('SRE-TF04','SRE','TF04','LABOR AND EMPLOYMENT','SRE-F:TF','group',737,740,2),('SRE-TF04.1','SRE','TF04.1','LABOR AND EMPLOYMENT','SRE-TF04','item',738,739,3),('SRE-TF05','SRE','TF05','HOUSING AND COMMUNITY DEVELOPMENT','SRE-F:TF','group',741,744,2),('SRE-TF05.1','SRE','TF05.1','HOUSING AND COMMUNITY DEVELOPMENT','SRE-TF05','item',742,743,3),('SRE-TF06','SRE','TF06','SOCIAL SERVICES AND SOCIAL WELFARE','SRE-F:TF','group',745,748,2),('SRE-TF06.1','SRE','TF06.1','SOCIAL SERVICES AND SOCIAL WELFARE','SRE-TF06','item',746,747,3),('SRE-TF07','SRE','TF07','ECONOMIC SERVICES','SRE-F:TF','group',749,752,2),('SRE-TF07.1','SRE','TF07.1','ECONOMIC SERVICES','SRE-TF07','item',750,751,3),('SRE-V254-001','SRE-V254','001','LOCAL SOURCES',NULL,'root',0,3,1),('SRE-V254-002','SRE-V254','002','TAX REVENUES','SRE-V254-001','group',1,2,2),('SRE-V254-150','SRE-V254','150','OTHER NON-INCOME RECEIPTS',NULL,'root',420,429,1),('SRE-V254-151','SRE-V254','151','COLLECTION RECEIVABLES',NULL,'item',430,431,1),('SRE-V254-152','SRE-V254','152','COLLECTION OF TRUST LIABILITIES','SRE-V254-150','group',421,428,2),('SRE-V254-152A','SRE-V254','152A','COLLECTION RECEIVABLES',NULL,'item',432,433,1),('SRE-V254-153','SRE-V254','153','DUE FROM OTHER NGAS','SRE-V254-152','item',422,423,3),('SRE-V254-154','SRE-V254','154','DUE FROM OTHER GOCCS','SRE-V254-152','item',424,425,3),('SRE-V254-155','SRE-V254','155','DUE FROM LGUS','SRE-V254-152','item',426,427,3),('SRE-V254-156','SRE-V254','156','REFUND OF CASH ADVANCES',NULL,'item',434,435,1),('SRE-V254-157','SRE-V254','157','COLLECTION OF RECEIVABLES',NULL,'item',436,437,1),('SRE-V254-170','SRE-V254','170','INTER-LOCAL TRANSFERS','REV2004-08-143','group',413,418,2),('SRE-V254-171','SRE-V254','171','SUBSIDY FROM LGUS','SRE-V254-170','item',414,415,3),('SRE-V254-172','SRE-V254','172','SUBSIDY FROM OTHER FUNDS','SRE-V254-170','item',416,417,3),('SRE-V254-500','SRE-V254','500','TRUST FUND RECEIPTS',NULL,'root',574,591,1),('SRE-V254-501','SRE-V254','501','TRUST FUND RECEIPTS','SRE-V254-500','group',575,590,2),('SRE-V254-502','SRE-V254','502','GENERAL PUBLIC SERVICES','SRE-V254-501','item',576,577,3),('SRE-V254-503','SRE-V254','503','EDUCATION, CULTURE AND SPORTS/MANPOWER DEVELOPMENT','SRE-V254-501','item',578,579,3),('SRE-V254-504','SRE-V254','504','HEALTH, NUTRITION, AND POPULATION CONTROL','SRE-V254-501','item',580,581,3),('SRE-V254-505','SRE-V254','505','LABOR AND EMPLOYMENT','SRE-V254-501','item',582,583,3),('SRE-V254-506','SRE-V254','506','HOUSING AND COMMUNITY DEVELOPMENT','SRE-V254-501','item',584,585,3),('SRE-V254-507','SRE-V254','507','SOCIAL SERVICES AND SOCIAL WELFARE','SRE-V254-501','item',586,587,3),('SRE-V254-508','SRE-V254','508','ECONOMIC SERVICES','SRE-V254-501','item',588,589,3),('SRE260177fd:147ecfbd3e2:-193c','SRE-V254','224','RPT BASIC 65% AND SEF 50%','SREGRP260177fd:147ecfbd3e2:-2c70','item',476,477,3),('SRE260177fd:147ecfbd3e2:-197f','SRE-V254','223','AMUSEMENT TAX 50%','SREGRP260177fd:147ecfbd3e2:-2c70','item',474,475,3),('SRE260177fd:147ecfbd3e2:-19be','SRE-V254','222','SAND AND GRAVEL 70%','SREGRP260177fd:147ecfbd3e2:-2c70','item',472,473,3),('SRE260177fd:147ecfbd3e2:-2b7b','SRE-V254','215','OTHER NGA\'S','SREGRP260177fd:147ecfbd3e2:-2c89','item',456,457,3),('SRE260177fd:147ecfbd3e2:-2bbe','SRE-V254','214','WITHOLDING TAX','SREGRP260177fd:147ecfbd3e2:-2c89','item',454,455,3),('SRE260177fd:147ecfbd3e2:-2c01','SRE-V254','213','OVER/UNDER REMITTANCE','SREGRP260177fd:147ecfbd3e2:-2c89','item',452,453,3),('SRE260177fd:147ecfbd3e2:-2c40','SRE-V254','212','SAMUPHAI','SREGRP260177fd:147ecfbd3e2:-2c89','item',450,451,3),('SRE260177fd:147ecfbd3e2:-2d24','SRE-V254','205','WAGES','SREGRP260177fd:147ecfbd3e2:-2e75','item',446,447,3),('SRE260177fd:147ecfbd3e2:-2d6e','SRE-V254','204','PERFORMANCE BOND','SREGRP260177fd:147ecfbd3e2:-2e75','item',444,445,3),('SRE260177fd:147ecfbd3e2:-2e1c','SRE-V254','203','LOAN RECEIVABLES','SREGRP260177fd:147ecfbd3e2:-2e75','item',442,443,3),('SRE260177fd:147ecfbd3e2:-2e49','SRE-V254','202','PLANT NOW PAY LATER','SREGRP260177fd:147ecfbd3e2:-2e75','item',440,441,3),('SREACCT-2b204415:16241e8720a:42e','SRE-V254','62','FINES AND PENALTIES - REGULATORY FEE','REV2004-08-047','item',69,70,4),('SREACCT-376b1bc:152384b95b4:-7188','SRE-V254','55-A','ANCHORAGE FEE','REV2004-08-048','item',46,47,5),('SREACCT204b8962:1515ad1f418:13ec','SRE-V254','301','(TRUST) PAYROLL FUND','SREGRP260177fd:147ecfbd3e2:-18b3','item',542,543,3),('SREACCT204b8962:1515ad1f418:142b','SRE-V254','302','(TRUST) REFUND','SREGRP260177fd:147ecfbd3e2:-18b3','item',544,545,3),('SREACCT204b8962:1515ad1f418:1457','SRE-V254','303','(TRUST) DUE TO OTHER NGA','SREGRP260177fd:147ecfbd3e2:-18b3','item',546,547,3),('SREACCT204b8962:1515ad1f418:147b','SRE-V254','304','(TRUST) DUE TO LGU','SREGRP260177fd:147ecfbd3e2:-18b3','item',548,549,3),('SREACCT204b8962:1515ad1f418:149f','SRE-V254','305','(TRUST) CASH BOND DEPOSIT','SREGRP260177fd:147ecfbd3e2:-18b3','item',550,551,3),('SREACCT204b8962:1515ad1f418:14c3','SRE-V254','306','(TRUST) OTHER PAYABLES','SREGRP260177fd:147ecfbd3e2:-18b3','item',552,553,3),('SREACCT204b8962:1515ad1f418:14e7','SRE-V254','307','(TRUST) BIDDING DOCS','SREGRP260177fd:147ecfbd3e2:-18b3','item',554,555,3),('SREACCT204b8962:1515ad1f418:150b','SRE-V254','308','(TRUST) ACCREDITATION FEES','SREGRP260177fd:147ecfbd3e2:-18b3','item',556,557,3),('SREACCT204b8962:1515ad1f418:58ab','SRE-V254','401','(SEF) REPLENISHMENT / TRANSFER','SREGRP260177fd:147ecfbd3e2:-18b3','item',558,559,3),('SREACCT204b8962:1515ad1f418:58cb','SRE-V254','402','(SEF) REFUND','SREGRP260177fd:147ecfbd3e2:-18b3','item',560,561,3),('SREACCT204b8962:1515ad1f418:58e7','SRE-V254','403','(SEF) PAYROLL FUND','SREGRP260177fd:147ecfbd3e2:-18b3','item',562,563,3),('SREACCT372b9b54:151510aa741:-6c60','SRE-V254','225','BARANGAY CTC SHARE','SREGRP260177fd:147ecfbd3e2:-2c70','item',478,539,3),('SREACCT54238067:15151bbc4f5:-4b3a','SRE-V254','39-2','OCCUPATION TAX','REV2004-08-039','item',257,258,4),('SREACCT54238067:15151bbc4f5:-4b67','SRE-V254','39-1','FRANCHISE TAX','REV2004-08-039','item',255,256,4),('SREACCT54238067:15151bbc4f5:-4e54','SRE-V254','23-1','AMUSEMENT TAX - (COCKFIT) PROVINCIAL SHARE','REV2004-08-022','item',219,220,4),('SREACCT54238067:15151bbc4f5:-6730','SRE-V254','24-1','BUSINESS TAX','REV2004-08-024','item',222,223,5),('SREACCT54238067:15151bbc4f5:3c65','SRE-V254','232','DUE TO NATIONAL AGENCY','REV2004-08-200','group',565,570,2),('SREACCT54238067:15151bbc4f5:3cac','SRE-V254','232-1','ANTI MORTEM','SREACCT54238067:15151bbc4f5:3c65','item',566,567,3),('SREACCT54238067:15151bbc4f5:3cec','SRE-V254','232-2','LIVESTOCK DEVT. FUND','SREACCT54238067:15151bbc4f5:3c65','item',568,569,3),('SREACCT54238067:15151bbc4f5:3fc2','SRE-V254','215-1','REFUNDS','SREGRP260177fd:147ecfbd3e2:-2c89','item',458,459,3),('SREACCT54238067:15151bbc4f5:3fea','SRE-V254','215-2','REPLENISHMENT / TRANSFER','SREGRP260177fd:147ecfbd3e2:-2c89','item',460,461,3),('SREACCT54238067:15151bbc4f5:400e','SRE-V254','215-3','PAYROLL FUND','SREGRP260177fd:147ecfbd3e2:-2c89','item',462,463,3),('SREACCT54238067:15151bbc4f5:402a','SRE-V254','215-4','PAYMENT (LOAN)','SREGRP260177fd:147ecfbd3e2:-2c89','item',464,465,3),('SREACCT54238067:15151bbc4f5:4046','SRE-V254','215-6','DUE TO PAG-IBIG','SREGRP260177fd:147ecfbd3e2:-2c89','item',466,467,3),('SREACCT54238067:15151bbc4f5:431e','SRE-V254','215-7','OTHER PAYABLES','SREGRP260177fd:147ecfbd3e2:-2c89','item',468,469,3),('SREACCT681bf708:15966c3082d:-44d2','SRE-V254','58','FIRE SAFETY - LOCAL','REV2004-08-048','item',52,53,5),('SREGRP260177fd:147ecfbd3e2:-18b3','SRE-V254','231','DUE TO OTHER FUNDS','REV2004-08-200','group',541,564,2),('SREGRP260177fd:147ecfbd3e2:-2c70','SRE-V254','221','DUE TO LGU\'S','REV2004-08-200','group',471,540,2),('SREGRP260177fd:147ecfbd3e2:-2c89','SRE-V254','211','DUE TO OTHER NGA\'S','REV2004-08-200','group',449,470,2),('SREGRP260177fd:147ecfbd3e2:-2e75','SRE-V254','201','OTHER RECEIVABLES','REV2004-08-200','group',439,448,2),('SS','SRE','B2:SS','SOCIAL SERVICES','F_GF','group',141,242,2),('SSDOES','SRE','SSDOES','Education, Culture & Sports/Manpower Development','SS','group',142,163,3),('SSDOES01','SRE','SSDOES01','General Administration','SSDOES','group',143,144,4),('SSDOES02','SRE','SSDOES02','Elementary School','SSDOES','group',145,146,4),('SSDOES03','SRE','SSDOES03','Secondary School','SSDOES','group',147,148,4),('SSDOES04','SRE','SSDOES04','University/College Education School','SSDOES','group',149,150,4),('SSDOES05','SRE','SSDOES05','Vocational/Technical School','SSDOES','group',151,152,4),('SSDOES06','SRE','SSDOES06','Adult Education','SSDOES','group',153,154,4),('SSDOES07','SRE','SSDOES07','Education Subsidiary Services','SSDOES','group',155,156,4),('SSDOES08','SRE','SSDOES08','Manpower Development Management Tool','SSDOES','group',157,158,4),('SSDOES09','SRE','SSDOES09','20% Local Development Fund','SSDOES','group',159,160,4),('SSDOES10','SRE','SSDOES10','Others','SSDOES','group',161,162,4),('SSHCD','SRE','SSHCD','Housing and Community Development','SS','group',164,187,3),('SSHCD01','SRE','SSHCD01','Housing Projects - General administration','SSHCD','group',165,166,4),('SSHCD02','SRE','SSHCD02','Street Cleaning','SSHCD','group',167,168,4),('SSHCD03','SRE','SSHCD03','Garbage Collections','SSHCD','group',169,170,4),('SSHCD04','SRE','SSHCD04','Sewerage and Drainage System','SSHCD','group',171,172,4),('SSHCD05','SRE','SSHCD05','Street Lighting - General Administration','SSHCD','group',173,174,4),('SSHCD06','SRE','SSHCD06','Community Development - General Administration','SSHCD','group',175,176,4),('SSHCD07','SRE','SSHCD07','Resettlement, Zonal Improvement, Urban Renewal, etc','SSHCD','group',177,178,4),('SSHCD08','SRE','SSHCD08','Beautification','SSHCD','group',179,180,4),('SSHCD09','SRE','SSHCD09','Maintenance of Plazas, Parks & Monuments','SSHCD','group',181,182,4),('SSHCD10','SRE','SSHCD10','20% Local Development Fund','SSHCD','group',183,184,4),('SSHCD11','SRE','SSHCD11','Others','SSHCD','group',185,186,4),('SSHNPC','SRE','SSHNPC','Health, Nutrition & Population Control','SS','group',188,207,3),('SSHNPC01','SRE','SSHNPC01','Office of the Health Officer','SSHNPC','group',189,194,4),('SSHNPC0101','SRE','SSHNPC0101','Field Projects (Immunization, Blood Donors,etc)','SSHNPC01','group',190,191,5),('SSHNPC0102','SRE','SSHNPC0102','Rural Health Unit (RHU)','SSHNPC01','group',192,193,5),('SSHNPC02','SRE','SSHNPC02','Day Care Clinic','SSHNPC','group',195,196,4),('SSHNPC03','SRE','SSHNPC03','Office of the Provincial/City/Municipal Hospital','SSHNPC','group',197,198,4),('SSHNPC04','SRE','SSHNPC04','Chest Clinic','SSHNPC','group',199,200,4),('SSHNPC05','SRE','SSHNPC05','Office of the Population Officer','SSHNPC','group',201,202,4),('SSHNPC06','SRE','SSHNPC06','20% Local Development Fund','SSHNPC','group',203,204,4),('SSHNPC07','SRE','SSHNPC07','Others','SSHNPC','group',205,206,4),('SSLE','SRE','SSLE','Labor and Employment','SS','group',208,213,3),('SSLE01','SRE','SSLE01','Labor and Employment','SSLE','group',209,210,4),('SSLE02','SRE','SSLE02','Others','SSLE','group',211,212,4),('SSSSSW','SRE','SSSSSW','Social Services and Social Welfare','SS','group',214,241,3),('SSSSSW01','SRE','SSSSSW01','Office of the Social Welfare and Development Officer','SSSSSW','group',215,216,4),('SSSSSW02','SRE','SSSSSW02','20% Local Development Fund','SSSSSW','group',217,218,4),('SSSSSW03','SRE','SSSSSW03','Others','SSSSSW','group',219,220,4),('SSSSSW04','SRE','SSSSSW04','70% Local Disaster Risk Reduction and Management Fund','SSSSSW','group',221,232,4),('SSSSSW0401','SRE','SSSSSW0401','Disaster Prevention and Mitigation','SSSSSW04','group',222,223,5),('SSSSSW0402','SRE','SSSSSW0402','Disaster Preparedness','SSSSSW04','group',224,225,5),('SSSSSW0403','SRE','SSSSSW0403','Disaster Response','SSSSSW04','group',226,227,5),('SSSSSW0404','SRE','SSSSSW0404','Disaster Rehabilitation and Recovery','SSSSSW04','group',228,229,5),('SSSSSW0405','SRE','SSSSSW0405','Procurement/Acquisition of Disaster Equipment for Disaster Response and Rescue Activities','SSSSSW04','group',230,231,5),('SSSSSW05','SRE','SSSSSW05','30% Local Disaster Risk Reduction and Management Fund','SSSSSW','group',233,234,4),('SSSSSW06','SRE','SSSSSW06','Senior Citizen','SSSSSW','group',235,236,4),('SSSSSW07','SRE','SSSSSW07','Budgetary Reserve','SSSSSW','group',237,238,4),('SSSSSW08','SRE','SSSSSW08','2% Extraordinary Expense','SSSSSW','group',239,240,4),('SUBACCT-52b6413d:15334a63bff:-153','SRE-V254','60-2','REGISTRATION FEES','REV2004-08-060','detail',61,62,6),('SUBACCT-52b6413d:15334a63bff:-1e65','SRE-V254','60-1','MARRIAGE','REV2004-08-060','detail',59,60,6),('SUBACCT-52b6413d:15334a63bff:-2080','SRE-V254','66-1','BIRTH CERT & OTHERS','REV2004-08-066','detail',77,78,6),('SUBACCT-52b6413d:15334a63bff:-23df','SRE-V254','68-4','SUBCRIPTION FEE','REV2004-08-068','detail',89,90,6),('SUBACCT-52b6413d:15334a63bff:-2416','SRE-V254','68-3','BREQS SERVICE FEE','REV2004-08-068','detail',87,88,6),('SUBACCT-52b6413d:15334a63bff:-2451','SRE-V254','68-2','COURT CLEARANCE','REV2004-08-068','detail',85,86,6),('SUBACCT-52b6413d:15334a63bff:-2488','SRE-V254','68-1','MAYOR\'S CLEARANCE','REV2004-08-068','detail',83,84,6),('SUBACCT-52b6413d:15334a63bff:-3b24','SRE-V254','52-9','MOTORELA REGISTRATION','REV2004-08-052','detail',31,32,6),('SUBACCT-52b6413d:15334a63bff:-4325','SRE-V254','90-3','MARKET CASH TICKETS','REV2004-08-090','detail',139,140,6),('SUBACCT-52b6413d:15334a63bff:-4358','SRE-V254','90-2','MARKET RENTALS / OTHERS','REV2004-08-090','detail',137,138,6),('SUBACCT-52b6413d:15334a63bff:-4387','SRE-V254','90-1','MARKET SLAUGHTER','REV2004-08-090','detail',135,136,6),('SUBACCT-52b6413d:15334a63bff:-6561','SRE-V254','97-2','RP CASH TICKETS','REV2004-08-097','detail',163,164,6),('SUBACCT-52b6413d:15334a63bff:-659a','SRE-V254','97-1','RP FEES','REV2004-08-097','detail',161,162,6),('SUBACCT-52b6413d:15334a63bff:-6b5e','SRE-V254','93-3','WATER PENALTY','REV2004-08-093','detail',151,152,6),('SUBACCT-52b6413d:15334a63bff:-6b91','SRE-V254','93-2','WATER METER','REV2004-08-093','detail',149,150,6),('SUBACCT-52b6413d:15334a63bff:-6bc0','SRE-V254','93-1','WATER BILL','REV2004-08-093','detail',147,148,6),('SUBACCT-52b6413d:15334a63bff:-7e91','SRE-V254','53-3','BUILDING PERMIT','REV2004-08-053','detail',39,40,6),('SUBACCT-52b6413d:15334a63bff:222f','SRE-V254','105-1','DUMPTRUCK RENTAL','REV2004-08-105','detail',179,180,6),('SUBACCT-52b6413d:15334a63bff:225e','SRE-V254','105-2','MIXER RENTAL','REV2004-08-105','detail',193,194,6),('SUBACCT-52b6413d:15334a63bff:2299','SRE-V254','105-3','LIGHTS & SOUNDS (GYM)','REV2004-08-105','detail',195,196,6),('SUBACCT-52b6413d:15334a63bff:22d8','SRE-V254','105-4','TENTS, TABLES & CHAIRS','REV2004-08-105','detail',197,198,6),('SUBACCT-52b6413d:15334a63bff:231b','SRE-V254','105-5','BACKHOE RENTAL','REV2004-08-105','detail',199,200,6),('SUBACCT-52b6413d:15334a63bff:235a','SRE-V254','105-6','ATM OFFSITE RENTAL','REV2004-08-105','detail',201,202,6),('SUBACCT-52b6413d:15334a63bff:23a1','SRE-V254','105-7','ROAD COMPACTOR','REV2004-08-105','detail',203,204,6),('SUBACCT-52b6413d:15334a63bff:23ec','SRE-V254','105-8','XEROX','REV2004-08-105','detail',205,206,6),('SUBACCT-52b6413d:15334a63bff:2437','SRE-V254','105-9','AGRI PRODUCTS','REV2004-08-105','detail',207,208,6),('SUBACCT-52b6413d:15334a63bff:2490','SRE-V254','105-10','COMMEMORATIVE BOOK','REV2004-08-105','detail',181,182,6),('SUBACCT-52b6413d:15334a63bff:3014','SRE-V254','105-11','SALE OF ACCOUNTABLE FORMS','REV2004-08-105','detail',183,184,6),('SUBACCT-52b6413d:15334a63bff:36a2','SRE-V254','105-12','MISCELLANEOUS OTHERS','REV2004-08-105','detail',185,186,6),('SUBACCT-52b6413d:15334a63bff:40be','SRE-V254','105-13','PNP - PENALTIES','REV2004-08-105','detail',187,188,6),('SUBACCT-52b6413d:15334a63bff:51fb','SRE-V254','105-14','OTHER RENTALS','REV2004-08-105','detail',189,190,6),('SUBACCT-5ded8d56:156356c018e:-7443','SRE-V254','105-15','FOUR WHEEL TRACTOR','REV2004-08-105','detail',191,192,6),('SUBACCT372b9b54:151510aa741:-616d','SRE-V254','225-20','CTC MANABA SHARE','SREACCT372b9b54:151510aa741:-6c60','detail',517,518,4),('SUBACCT372b9b54:151510aa741:-620a','SRE-V254','225-19','CTC MALINAO SHARE','SREACCT372b9b54:151510aa741:-6c60','detail',515,516,4),('SUBACCT372b9b54:151510aa741:-625d','SRE-V254','225-18','CTC LUNGSODAAN WEST SHARE','SREACCT372b9b54:151510aa741:-6c60','detail',513,514,4),('SUBACCT372b9b54:151510aa741:-62b0','SRE-V254','225-17','CTC LUNGSODAAN EAST SHARE','SREACCT372b9b54:151510aa741:-6c60','detail',511,512,4),('SUBACCT372b9b54:151510aa741:-6303','SRE-V254','225-16','CTC LIBERTAD SHARE','SREACCT372b9b54:151510aa741:-6c60','detail',509,510,4),('SUBACCT372b9b54:151510aa741:-6356','SRE-V254','225-15','CTC ESTACA SHARE','SREACCT372b9b54:151510aa741:-6c60','detail',507,508,4),('SUBACCT372b9b54:151510aa741:-63a9','SRE-V254','225-14','CTC DATAG SHARE','SREACCT372b9b54:151510aa741:-6c60','detail',505,506,4),('SUBACCT372b9b54:151510aa741:-63fc','SRE-V254','225-13','CTC CUPA SHARE','SREACCT372b9b54:151510aa741:-6c60','detail',503,504,4),('SUBACCT372b9b54:151510aa741:-644f','SRE-V254','225-12','CTC CAYAM SHARE','SREACCT372b9b54:151510aa741:-6c60','detail',501,502,4),('SUBACCT372b9b54:151510aa741:-64a2','SRE-V254','225-11','CTC CATMON SHARE','SREACCT372b9b54:151510aa741:-6c60','detail',499,500,4),('SUBACCT372b9b54:151510aa741:-64f5','SRE-V254','225-10','CTC CANDULAO SHARE','SREACCT372b9b54:151510aa741:-6c60','detail',497,498,4),('SUBACCT372b9b54:151510aa741:-6548','SRE-V254','225-09','CTC CANDANAS SHARE','SREACCT372b9b54:151510aa741:-6c60','detail',495,496,4),('SUBACCT372b9b54:151510aa741:-6593','SRE-V254','225-08','CTC CANAYAON WEST SHARE','SREACCT372b9b54:151510aa741:-6c60','detail',493,494,4),('SUBACCT372b9b54:151510aa741:-65da','SRE-V254','225-07','CTC CANAYAON EAST SHARE','SREACCT372b9b54:151510aa741:-6c60','detail',491,492,4),('SUBACCT372b9b54:151510aa741:-661d','SRE-V254','225-06','CTC CAMBUYO SHARE','SREACCT372b9b54:151510aa741:-6c60','detail',489,490,4),('SUBACCT372b9b54:151510aa741:-665e','SRE-V254','225-05','CTC CALMA SHARE','SREACCT372b9b54:151510aa741:-6c60','detail',487,488,4),('SUBACCT372b9b54:151510aa741:-6b29','SRE-V254','225-04','CTC CAGWANG SHARE','SREACCT372b9b54:151510aa741:-6c60','detail',485,486,4),('SUBACCT372b9b54:151510aa741:-6b60','SRE-V254','225-03','CTC BASIAO SHARE','SREACCT372b9b54:151510aa741:-6c60','detail',483,484,4),('SUBACCT372b9b54:151510aa741:-6b93','SRE-V254','225-02','CTC ANTIPOLO SHARE','SREACCT372b9b54:151510aa741:-6c60','detail',481,482,4),('SUBACCT372b9b54:151510aa741:-6bfa','SRE-V254','225-01','CTC ABIJILAN SHARE','SREACCT372b9b54:151510aa741:-6c60','detail',479,480,4),('SUBACCT54238067:15151bbc4f5:-196d','SRE-V254','52-8','DOG REGISTRATION','REV2004-08-052','detail',29,30,6),('SUBACCT54238067:15151bbc4f5:-1c18','SRE-V254','52-7','MOTORBOAT REGISTRATION','REV2004-08-052','detail',27,28,6),('SUBACCT54238067:15151bbc4f5:-1fca','SRE-V254','52-6','BICYCLE PERMIT','REV2004-08-052','detail',25,26,6),('SUBACCT54238067:15151bbc4f5:-2cf5','SRE-V254','52-5','EXHUMATION PERMIT','REV2004-08-052','detail',23,24,6),('SUBACCT54238067:15151bbc4f5:-2d30','SRE-V254','52-4','BURIAL PERMIT','REV2004-08-052','detail',21,22,6),('SUBACCT54238067:15151bbc4f5:-2d9d','SRE-V254','52-3','CUTTING PERMIT','REV2004-08-052','detail',19,20,6),('SUBACCT54238067:15151bbc4f5:-33d5','SRE-V254','53-2','OCCUPANCY PERMIT','REV2004-08-053','detail',37,38,6),('SUBACCT54238067:15151bbc4f5:-3404','SRE-V254','53-1','ELECTRICAL PERMIT','REV2004-08-053','detail',35,36,6),('SUBACCT54238067:15151bbc4f5:-3c1c','SRE-V254','52-2','SANITARY PERMIT','REV2004-08-052','detail',17,18,6),('SUBACCT54238067:15151bbc4f5:-3c4b','SRE-V254','52-1','MAYOR\'S PERMIT','REV2004-08-052','detail',15,16,6),('SUBACCT54238067:15151bbc4f5:-5dbd','SRE-V254','42-1','PTR (PROVINCE)','REV2004-08-042','detail',264,265,5),('SUBACCT54238067:15151bbc4f5:-7980','SRE-V254','225-30','CTC VICTORIA SHARE','SREACCT372b9b54:151510aa741:-6c60','detail',537,538,4),('SUBACCT54238067:15151bbc4f5:-79fb','SRE-V254','225-29','CTC ULBUJAN WEST SHARE','SREACCT372b9b54:151510aa741:-6c60','detail',535,536,4),('SUBACCT54238067:15151bbc4f5:-7a76','SRE-V254','225-28','CTC ULBUJAN EAST SAHRE','SREACCT372b9b54:151510aa741:-6c60','detail',533,534,4),('SUBACCT54238067:15151bbc4f5:-7af1','SRE-V254','225-27','CTC TOGBONGON SHARE','SREACCT372b9b54:151510aa741:-6c60','detail',531,532,4),('SUBACCT54238067:15151bbc4f5:-7b6c','SRE-V254','225-26','CTC TABUAN SHARE','SREACCT372b9b54:151510aa741:-6c60','detail',529,530,4),('SUBACCT54238067:15151bbc4f5:-7be7','SRE-V254','225-25','CTC SAMPONG SHARE','SREACCT372b9b54:151510aa741:-6c60','detail',527,528,4),('SUBACCT54238067:15151bbc4f5:-7c62','SRE-V254','225-24','CTC SACAON SHARE','SREACCT372b9b54:151510aa741:-6c60','detail',525,526,4),('SUBACCT54238067:15151bbc4f5:-7cdd','SRE-V254','225-23','CTC POBLACION WEST SHARE','SREACCT372b9b54:151510aa741:-6c60','detail',523,524,4),('SUBACCT54238067:15151bbc4f5:-7d90','SRE-V254','225-22','CTC POBLACION EAST SHARE','SREACCT372b9b54:151510aa741:-6c60','detail',521,522,4),('SUBACCT54238067:15151bbc4f5:-7e37','SRE-V254','225-21','CTC PASONG SHARE','SREACCT372b9b54:151510aa741:-6c60','detail',519,520,4);
/*!40000 ALTER TABLE `account` ENABLE KEYS */;
UNLOCK TABLES;

--
-- Dumping data for table `account_incometarget`
--

LOCK TABLES `account_incometarget` WRITE;
/*!40000 ALTER TABLE `account_incometarget` DISABLE KEYS */;
/*!40000 ALTER TABLE `account_incometarget` ENABLE KEYS */;
UNLOCK TABLES;

--
-- Dumping data for table `account_item_mapping`
--

LOCK TABLES `account_item_mapping` WRITE;
/*!40000 ALTER TABLE `account_item_mapping` DISABLE KEYS */;
/*!40000 ALTER TABLE `account_item_mapping` ENABLE KEYS */;
UNLOCK TABLES;

--
-- Dumping data for table `account_maingroup`
--

LOCK TABLES `account_maingroup` WRITE;
/*!40000 ALTER TABLE `account_maingroup` DISABLE KEYS */;
INSERT INTO `account_maingroup` VALUES ('NGAS','NGAS',1,'NGAS',NULL,NULL,NULL),('PPSAS','PPSAS',1,'PPSAS',NULL,NULL,0),('SRE','SRE',0,'SRE',NULL,NULL,NULL),('SRE-V254','SRE-V254',0,'SRE',NULL,NULL,0);
/*!40000 ALTER TABLE `account_maingroup` ENABLE KEYS */;
UNLOCK TABLES;

--
-- Dumping data for table `af`
--

LOCK TABLES `af` WRITE;
/*!40000 ALTER TABLE `af` DISABLE KEYS */;
INSERT INTO `af` VALUES ('0016','COMMUNITY TAX CERTIFICATE (INDIVIDUAL)','collection',8,1,0,'serial',NULL,NULL),('0017','COMMUNITY TAX (CORPORATE)','collection',8,0,0,'serial',NULL,NULL),('51','ACCOUNTABLE FORM #51','collection',7,1,0,'serial',NULL,NULL),('52','LARGE CATTLE TRANSFER','collection',7,1,0,'serial',NULL,NULL),('53','LARGE CATTLE OWNERSHIP','collection',7,1,0,'serial',NULL,NULL),('54','MARRIAGE LICENSE FEE','collection',7,1,0,'serial',NULL,NULL),('56','REAL PROPERTY TAX RECEIPT','collection',7,1,0,'serial',NULL,NULL),('57','SLAUGHTER PERMIT','collection',7,1,0,'serial',NULL,NULL),('58','BURIAL PERMIT FEE','collection',7,1,0,'serial',NULL,NULL),('907','COMMUNITY TAX(CORPORATE)','collection',8,1,0,'serial',NULL,NULL),('CT1','CASH TICKETS P1.00','collection',0,1,1,'cashticket',NULL,NULL),('CT10','CASH TICKETS P10.00','collection',0,1,10,'cashticket',NULL,NULL),('CT2','CASH TICKETS P2.00','collection',0,1,2,'cashticket',NULL,NULL),('CT5','CASH TICKETS P 5.00','collection',0,1,5,'cashticket',NULL,NULL);
/*!40000 ALTER TABLE `af` ENABLE KEYS */;
UNLOCK TABLES;

--
-- Dumping data for table `af_allocation`
--

LOCK TABLES `af_allocation` WRITE;
/*!40000 ALTER TABLE `af_allocation` DISABLE KEYS */;
/*!40000 ALTER TABLE `af_allocation` ENABLE KEYS */;
UNLOCK TABLES;

--
-- Dumping data for table `af_control`
--

LOCK TABLES `af_control` WRITE;
/*!40000 ALTER TABLE `af_control` DISABLE KEYS */;
/*!40000 ALTER TABLE `af_control` ENABLE KEYS */;
UNLOCK TABLES;

--
-- Dumping data for table `af_control_detail`
--

LOCK TABLES `af_control_detail` WRITE;
/*!40000 ALTER TABLE `af_control_detail` DISABLE KEYS */;
/*!40000 ALTER TABLE `af_control_detail` ENABLE KEYS */;
UNLOCK TABLES;

--
-- Dumping data for table `afrequest`
--

LOCK TABLES `afrequest` WRITE;
/*!40000 ALTER TABLE `afrequest` DISABLE KEYS */;
/*!40000 ALTER TABLE `afrequest` ENABLE KEYS */;
UNLOCK TABLES;

--
-- Dumping data for table `afrequestitem`
--

LOCK TABLES `afrequestitem` WRITE;
/*!40000 ALTER TABLE `afrequestitem` DISABLE KEYS */;
/*!40000 ALTER TABLE `afrequestitem` ENABLE KEYS */;
UNLOCK TABLES;

--
-- Dumping data for table `aftxn`
--

LOCK TABLES `aftxn` WRITE;
/*!40000 ALTER TABLE `aftxn` DISABLE KEYS */;
/*!40000 ALTER TABLE `aftxn` ENABLE KEYS */;
UNLOCK TABLES;

--
-- Dumping data for table `aftxn_type`
--

LOCK TABLES `aftxn_type` WRITE;
/*!40000 ALTER TABLE `aftxn_type` DISABLE KEYS */;
INSERT INTO `aftxn_type` VALUES ('BEGIN','BEGIN_BALANCE','OPEN',1),('COLLECTION','ISSUE','ISSUED',3),('FORWARD','FORWARD','ISSUED',2),('PURCHASE','PURCHASE_RECEIPT','OPEN',0),('RETURN_COLLECTION','RETURN','OPEN',7),('RETURN_SALE','RETURN','OPEN',8),('SALE','ISSUE','SOLD',4),('TRANSFER_COLLECTION','TRANSFER','ISSUED',5),('TRANSFER_SALE','TRANSFER','ISSUED',6);
/*!40000 ALTER TABLE `aftxn_type` ENABLE KEYS */;
UNLOCK TABLES;

--
-- Dumping data for table `aftxnitem`
--

LOCK TABLES `aftxnitem` WRITE;
/*!40000 ALTER TABLE `aftxnitem` DISABLE KEYS */;
/*!40000 ALTER TABLE `aftxnitem` ENABLE KEYS */;
UNLOCK TABLES;

--
-- Dumping data for table `afunit`
--

LOCK TABLES `afunit` WRITE;
/*!40000 ALTER TABLE `afunit` DISABLE KEYS */;
INSERT INTO `afunit` VALUES ('0016-STUB','0016','STUB',50,0.00,1,'cashreceipt-form:0016',NULL),('0017-STUB','0017','STUB',50,0.00,1,'cashreceipt-form:0017',NULL),('51-STUB','51','STUB',50,0.00,1,'cashreceipt:printout:51','cashreceiptdetail:printout:51'),('52-STUB','52','STUB',50,0.00,1,'cashreceipt-form:52',NULL),('53-STUB','53','STUB',50,0.00,1,'cashreceipt-form:53',NULL),('54-STUB','54','STUB',50,0.00,1,'cashreceipt-form:54',NULL),('56-STUB','56','STUB',50,0.00,1,'cashreceipt-form:56','cashreceiptdetail:printout:56'),('57-STUB','57','STUB',50,0.00,1,'cashreceipt-form:57',NULL),('58-STUB','58','STUB',50,0.00,1,'cashreceipt-form:58',NULL),('907-STUB','907','STUB',50,0.00,1,'cashreceipt-form:907',NULL),('CT1-PAD','CT1','PAD',2000,0.00,1,NULL,NULL),('CT10-PAD','CT10','PAD',2000,0.00,1,NULL,NULL),('CT2-PAD','CT2','PAD',1000,0.00,1,NULL,NULL),('CT5-PAD','CT5','PAD',2000,0.00,1,NULL,NULL);
/*!40000 ALTER TABLE `afunit` ENABLE KEYS */;
UNLOCK TABLES;

--
-- Dumping data for table `assessmentnotice`
--

LOCK TABLES `assessmentnotice` WRITE;
/*!40000 ALTER TABLE `assessmentnotice` DISABLE KEYS */;
/*!40000 ALTER TABLE `assessmentnotice` ENABLE KEYS */;
UNLOCK TABLES;

--
-- Dumping data for table `assessmentnotice_online`
--

LOCK TABLES `assessmentnotice_online` WRITE;
/*!40000 ALTER TABLE `assessmentnotice_online` DISABLE KEYS */;
/*!40000 ALTER TABLE `assessmentnotice_online` ENABLE KEYS */;
UNLOCK TABLES;

--
-- Dumping data for table `assessmentnoticeitem`
--

LOCK TABLES `assessmentnoticeitem` WRITE;
/*!40000 ALTER TABLE `assessmentnoticeitem` DISABLE KEYS */;
/*!40000 ALTER TABLE `assessmentnoticeitem` ENABLE KEYS */;
UNLOCK TABLES;

--
-- Dumping data for table `bank`
--

LOCK TABLES `bank` WRITE;
/*!40000 ALTER TABLE `bank` DISABLE KEYS */;
/*!40000 ALTER TABLE `bank` ENABLE KEYS */;
UNLOCK TABLES;

--
-- Dumping data for table `bankaccount`
--

LOCK TABLES `bankaccount` WRITE;
/*!40000 ALTER TABLE `bankaccount` DISABLE KEYS */;
/*!40000 ALTER TABLE `bankaccount` ENABLE KEYS */;
UNLOCK TABLES;

--
-- Dumping data for table `bankaccount_ledger`
--

LOCK TABLES `bankaccount_ledger` WRITE;
/*!40000 ALTER TABLE `bankaccount_ledger` DISABLE KEYS */;
/*!40000 ALTER TABLE `bankaccount_ledger` ENABLE KEYS */;
UNLOCK TABLES;

--
-- Dumping data for table `barangay`
--

LOCK TABLES `barangay` WRITE;
/*!40000 ALTER TABLE `barangay` DISABLE KEYS */;
/*!40000 ALTER TABLE `barangay` ENABLE KEYS */;
UNLOCK TABLES;

--
-- Dumping data for table `barcode_launcher`
--

LOCK TABLES `barcode_launcher` WRITE;
/*!40000 ALTER TABLE `barcode_launcher` DISABLE KEYS */;
INSERT INTO `barcode_launcher` VALUES ('56001',NULL,0,'RPTCOL','ACTIVE'),('PMO','default',1,NULL,'ACTIVE');
/*!40000 ALTER TABLE `barcode_launcher` ENABLE KEYS */;
UNLOCK TABLES;

--
-- Dumping data for table `batch_rpttaxcredit`
--

LOCK TABLES `batch_rpttaxcredit` WRITE;
/*!40000 ALTER TABLE `batch_rpttaxcredit` DISABLE KEYS */;
/*!40000 ALTER TABLE `batch_rpttaxcredit` ENABLE KEYS */;
UNLOCK TABLES;

--
-- Dumping data for table `batch_rpttaxcredit_ledger`
--

LOCK TABLES `batch_rpttaxcredit_ledger` WRITE;
/*!40000 ALTER TABLE `batch_rpttaxcredit_ledger` DISABLE KEYS */;
/*!40000 ALTER TABLE `batch_rpttaxcredit_ledger` ENABLE KEYS */;
UNLOCK TABLES;

--
-- Dumping data for table `batch_rpttaxcredit_ledger_posted`
--

LOCK TABLES `batch_rpttaxcredit_ledger_posted` WRITE;
/*!40000 ALTER TABLE `batch_rpttaxcredit_ledger_posted` DISABLE KEYS */;
/*!40000 ALTER TABLE `batch_rpttaxcredit_ledger_posted` ENABLE KEYS */;
UNLOCK TABLES;

--
-- Dumping data for table `batchcapture_collection`
--

LOCK TABLES `batchcapture_collection` WRITE;
/*!40000 ALTER TABLE `batchcapture_collection` DISABLE KEYS */;
/*!40000 ALTER TABLE `batchcapture_collection` ENABLE KEYS */;
UNLOCK TABLES;

--
-- Dumping data for table `batchcapture_collection_entry`
--

LOCK TABLES `batchcapture_collection_entry` WRITE;
/*!40000 ALTER TABLE `batchcapture_collection_entry` DISABLE KEYS */;
/*!40000 ALTER TABLE `batchcapture_collection_entry` ENABLE KEYS */;
UNLOCK TABLES;

--
-- Dumping data for table `batchcapture_collection_entry_item`
--

LOCK TABLES `batchcapture_collection_entry_item` WRITE;
/*!40000 ALTER TABLE `batchcapture_collection_entry_item` DISABLE KEYS */;
/*!40000 ALTER TABLE `batchcapture_collection_entry_item` ENABLE KEYS */;
UNLOCK TABLES;

--
-- Dumping data for table `batchgr`
--

LOCK TABLES `batchgr` WRITE;
/*!40000 ALTER TABLE `batchgr` DISABLE KEYS */;
/*!40000 ALTER TABLE `batchgr` ENABLE KEYS */;
UNLOCK TABLES;

--
-- Dumping data for table `batchgr_item`
--

LOCK TABLES `batchgr_item` WRITE;
/*!40000 ALTER TABLE `batchgr_item` DISABLE KEYS */;
/*!40000 ALTER TABLE `batchgr_item` ENABLE KEYS */;
UNLOCK TABLES;

--
-- Dumping data for table `batchgr_task`
--

LOCK TABLES `batchgr_task` WRITE;
/*!40000 ALTER TABLE `batchgr_task` DISABLE KEYS */;
/*!40000 ALTER TABLE `batchgr_task` ENABLE KEYS */;
UNLOCK TABLES;

--
-- Dumping data for table `billingstatement`
--

LOCK TABLES `billingstatement` WRITE;
/*!40000 ALTER TABLE `billingstatement` DISABLE KEYS */;
/*!40000 ALTER TABLE `billingstatement` ENABLE KEYS */;
UNLOCK TABLES;

--
-- Dumping data for table `billitem_txntype`
--

LOCK TABLES `billitem_txntype` WRITE;
/*!40000 ALTER TABLE `billitem_txntype` DISABLE KEYS */;
/*!40000 ALTER TABLE `billitem_txntype` ENABLE KEYS */;
UNLOCK TABLES;

--
-- Dumping data for table `bldgadditionalitem`
--

LOCK TABLES `bldgadditionalitem` WRITE;
/*!40000 ALTER TABLE `bldgadditionalitem` DISABLE KEYS */;
/*!40000 ALTER TABLE `bldgadditionalitem` ENABLE KEYS */;
UNLOCK TABLES;

--
-- Dumping data for table `bldgassesslevel`
--

LOCK TABLES `bldgassesslevel` WRITE;
/*!40000 ALTER TABLE `bldgassesslevel` DISABLE KEYS */;
/*!40000 ALTER TABLE `bldgassesslevel` ENABLE KEYS */;
UNLOCK TABLES;

--
-- Dumping data for table `bldgassesslevelrange`
--

LOCK TABLES `bldgassesslevelrange` WRITE;
/*!40000 ALTER TABLE `bldgassesslevelrange` DISABLE KEYS */;
/*!40000 ALTER TABLE `bldgassesslevelrange` ENABLE KEYS */;
UNLOCK TABLES;

--
-- Dumping data for table `bldgfloor`
--

LOCK TABLES `bldgfloor` WRITE;
/*!40000 ALTER TABLE `bldgfloor` DISABLE KEYS */;
/*!40000 ALTER TABLE `bldgfloor` ENABLE KEYS */;
UNLOCK TABLES;

--
-- Dumping data for table `bldgflooradditional`
--

LOCK TABLES `bldgflooradditional` WRITE;
/*!40000 ALTER TABLE `bldgflooradditional` DISABLE KEYS */;
/*!40000 ALTER TABLE `bldgflooradditional` ENABLE KEYS */;
UNLOCK TABLES;

--
-- Dumping data for table `bldgflooradditionalparam`
--

LOCK TABLES `bldgflooradditionalparam` WRITE;
/*!40000 ALTER TABLE `bldgflooradditionalparam` DISABLE KEYS */;
/*!40000 ALTER TABLE `bldgflooradditionalparam` ENABLE KEYS */;
UNLOCK TABLES;

--
-- Dumping data for table `bldgkind`
--

LOCK TABLES `bldgkind` WRITE;
/*!40000 ALTER TABLE `bldgkind` DISABLE KEYS */;
INSERT INTO `bldgkind` VALUES ('BK-1b32f87f:14ae618a9de:-6e52','APPROVED','MART','MINI MART'),('BK-2fc47da5:147dad8b0c1:-72f4','APPROVED','GRAN','GRANDSTAND'),('BK-2fc47da5:147dad8b0c1:-72fd','APPROVED','COLI','COLISEUM'),('BK-2fc47da5:147dad8b0c1:-7306','APPROVED','GYMN','GYMNASIUM'),('BK-2fc47da5:147dad8b0c1:-730f','APPROVED','BLAS','BLACK SMITH SHED'),('BK-2fc47da5:147dad8b0c1:-7318','APPROVED','WELS','WELDING SHOP'),('BK-2fc47da5:147dad8b0c1:-7321','APPROVED','LUMY','LUMBER YARD'),('BK-2fc47da5:147dad8b0c1:-732a','APPROVED','SAMB','SAW MILL BUILDING'),('BK-2fc47da5:147dad8b0c1:-7333','APPROVED','PACH','PACKING PLANT ( OPEN SHED )'),('BK-2fc47da5:147dad8b0c1:-733c','APPROVED','PACP','PACKING PLANT ( WITH FRUIT PATIO )'),('BK-2fc47da5:147dad8b0c1:-7345','APPROVED','FUNH','FUNERAL HOME'),('BK-2fc47da5:147dad8b0c1:-734e','APPROVED','INRE','INLAND RESORT'),('BK-2fc47da5:147dad8b0c1:-7357','APPROVED','SWIP','SWIMMING POOL'),('BK-2fc47da5:147dad8b0c1:-7360','APPROVED','GASP','GAS PLANT'),('BK-2fc47da5:147dad8b0c1:-7369','APPROVED','DISR','DISPLAY ROOM'),('BK-2fc47da5:147dad8b0c1:-7372','APPROVED','GASS','GASOLINE STATION'),('BK-2fc47da5:147dad8b0c1:-7447','APPROVED','OPES','OPEN SHED'),('BK-2fc47da5:147dad8b0c1:-7450','APPROVED','MULS','MULTIPURPOSE SHED'),('BK-2fc47da5:147dad8b0c1:-746d','APPROVED','TENC','TENNIS COURT CLOSE'),('BK-2fc47da5:147dad8b0c1:-7476','APPROVED','TENO','TENNIS COURT OPEN'),('BK-2fc47da5:147dad8b0c1:-747f','APPROVED','BASC','BASKETBALL COURT'),('BK-2fc47da5:147dad8b0c1:-7488','APPROVED','COCK','COCKPIT'),('BK-2fc47da5:147dad8b0c1:-7491','APPROVED','AREN','ARENA'),('BK-2fc47da5:147dad8b0c1:-749a','APPROVED','BILH','BILLIARD HALL'),('BK-2fc47da5:147dad8b0c1:-74a3','APPROVED','CLUH','CLUB HOUSE'),('BK-2fc47da5:147dad8b0c1:-74ac','APPROVED','PILO','PILOTA COURT'),('BK-2fc47da5:147dad8b0c1:-74b5','APPROVED','BOWL','BOWLING LANE'),('BK-2fc47da5:147dad8b0c1:-74be','APPROVED','RECH','RECREATIONAL HALL'),('BK-2fc47da5:147dad8b0c1:-74c7','APPROVED','HATC','HATCHERY'),('BK-2fc47da5:147dad8b0c1:-74d0','APPROVED','FENC','FENCE'),('BK-2fc47da5:147dad8b0c1:-74d9','APPROVED','CROC','CROCODILE CAGE'),('BK-2fc47da5:147dad8b0c1:-74e2','APPROVED','GREH','GREEN HOUSE'),('BK-2fc47da5:147dad8b0c1:-74eb','APPROVED','PIGG','PIGGERY'),('BK-2fc47da5:147dad8b0c1:-74f4','APPROVED','HOGH','HOG HOUSE'),('BK-2fc47da5:147dad8b0c1:-74fd','APPROVED','STAB','STABLE'),('BK-2fc47da5:147dad8b0c1:-7506','APPROVED','POUH','POULTRY HOUSE'),('BK-2fc47da5:147dad8b0c1:-750f','APPROVED','BARH','BARN HOUSE'),('BK-2fc47da5:147dad8b0c1:-7518','APPROVED','STAL','STALL'),('BK-2fc47da5:147dad8b0c1:-7521','APPROVED','SARI','SARI SARI STORE'),('BK-2fc47da5:147dad8b0c1:-752a','APPROVED','INDB','INDUSTRIAL BUILDING'),('BK-2fc47da5:147dad8b0c1:-7533','APPROVED','BAKE','BAKERY'),('BK-2fc47da5:147dad8b0c1:-753c','APPROVED','RICM','RICE MILL'),('BK-2fc47da5:147dad8b0c1:-7545','APPROVED','STOR','STORAGE'),('BK-2fc47da5:147dad8b0c1:-754e','APPROVED','BODE','BODEGA'),('BK-2fc47da5:147dad8b0c1:-7557','APPROVED','WARH','WAREHOUSE'),('BK-2fc47da5:147dad8b0c1:-7560','APPROVED','FACT','FACTORY'),('BK-2fc47da5:147dad8b0c1:-7569','APPROVED','REST','RESTAURANT'),('BK-2fc47da5:147dad8b0c1:-7572','APPROVED','MALL','MALL'),('BK-2fc47da5:147dad8b0c1:-757b','APPROVED','SHOP','SHOPPING CENTER'),('BK-2fc47da5:147dad8b0c1:-7584','APPROVED','MARK','MARKET'),('BK-2fc47da5:147dad8b0c1:-758d','APPROVED','THEA','THEATER'),('BK-2fc47da5:147dad8b0c1:-7596','APPROVED','COND','CONDOMINIUM'),('BK-2fc47da5:147dad8b0c1:-759f','APPROVED','BANK','BANK'),('BK-2fc47da5:147dad8b0c1:-75a8','APPROVED','PARB','PARKING BUILDING'),('BK-2fc47da5:147dad8b0c1:-75ba','APPROVED','HOSP','HOSPITAL'),('BK-2fc47da5:147dad8b0c1:-75c3','APPROVED','ASSH','ASSEMBLY HOUSE'),('BK-2fc47da5:147dad8b0c1:-75db','APPROVED','CHUR','CHURCH'),('BK-2fc47da5:147dad8b0c1:-75ed','APPROVED','GUAH','GUARD HOUSE'),('BK-2fc47da5:147dad8b0c1:-75f6','APPROVED','LAUH','LAUNDRY HOUSE'),('BK-2fc47da5:147dad8b0c1:-75ff','APPROVED','QUAR','QUARTER'),('BK-2fc47da5:147dad8b0c1:-7608','APPROVED','GARA','GARAGE'),('BK-2fc47da5:147dad8b0c1:-7611','APPROVED','ACCE','ACCESSORY BUILDING'),('BK-2fc47da5:147dad8b0c1:-761a','APPROVED','MINH','MINI HOSPITAL'),('BK-2fc47da5:147dad8b0c1:-7623','APPROVED','LYIN','LYING INN'),('BK-2fc47da5:147dad8b0c1:-762c','APPROVED','CLIN','CLINIC'),('BK-2fc47da5:147dad8b0c1:-7635','APPROVED','MOTE','MOTEL'),('BK-2fc47da5:147dad8b0c1:-763e','APPROVED','HOTE','HOTEL'),('BK-2fc47da5:147dad8b0c1:-7647','APPROVED','LODH','LODGING HOUSE'),('BK-2fc47da5:147dad8b0c1:-7650','APPROVED','BORH','BOARDING HOUSE'),('BK-2fc47da5:147dad8b0c1:-7659','APPROVED','APA2','APARTMENT'),('BK-2fc47da5:147dad8b0c1:-7662','APPROVED','APA1','DUPLEX APARTELLE'),('BK-2fc47da5:147dad8b0c1:-766b','APPROVED','TOWH','TOWN HOUSE'),('BK-2fc47da5:147dad8b0c1:-7674','APPROVED','ROWH','ROW HOUSE'),('BK-2fc47da5:147dad8b0c1:-767d','APPROVED','MUFD','MULTIPLE DWELLING'),('BK-2fc47da5:147dad8b0c1:-7688','APPROVED','TWFD','TWO FAMILY DWELLING'),('BK-2fc47da5:147dad8b0c1:-7691','APPROVED','ONFD','ONE FAMILY DWELLING'),('BK-38f70c63:14c69d45960:-757d','APPROVED','TINS','TIN SMITH SHED'),('BK-38f70c63:14c69d45960:-7a4a','APPROVED','LHOU','LABOR HOUSE'),('BK-38f70c63:14c69d45960:-7a56','APPROVED','PHOU','PUMP HOUSE'),('BK-38f70c63:14c69d45960:-7a62','APPROVED','HALL','HALL'),('BK-38f70c63:14c69d45960:-7a6e','APPROVED','WPSH','WATER PUMP SHED'),('BK-38f70c63:14c69d45960:-7a7a','APPROVED','BUNK','BUNK HOUSE'),('BK-38f70c63:14c69d45960:658','APPROVED','TARI','TARIMA MILL'),('BK-45a7cbe9:14c49ff9de2:-73b8','APPROVED','CHAP','CHAPEL'),('BK-45a7cbe9:14c4a43c968:-604d','APPROVED','PRKS','PUROK SHED'),('BK-4d44203a:14bc865709b:-7a1c','APPROVED','HEAL','HEALTH CENTER'),('BK-4d44203a:14bc865709b:-7a25','APPROVED','STAG','STAGE'),('BK-4d44203a:14bc865709b:-7a4d','APPROVED','DAYC','DAY CARE CENTER'),('BK-4d44203a:14bc865709b:1711','APPROVED','BARB','BARBER SHOP'),('BK-4d44203a:14bc865709b:171d','APPROVED','BEAU','BEAUTY SALON'),('BK-4d44203a:14bc865709b:1729','APPROVED','MASS','MASSAGE SPA'),('BK-53a6d50d:14c34ba226f:-54c1','APPROVED','SING','SINGLE DETACHED'),('BK-53a6d50d:14c34ba226f:6f62','APPROVED','CANT','CANTEEN'),('BK-53a6d50d:14c3573ab1a:-7be4','APPROVED','GARB','GARBAGE SHED'),('BK-68032f15:14b84d8b0da:-43a5','APPROVED','MOTO','MOTOR PARTS STORE'),('BK-68032f15:14b84d8b0da:-43ae','APPROVED','DRUG','DRUGSTORE'),('BK-7f011244:14b94d22ccb:-7cc3','APPROVED','MESS','MESS HALL'),('BK431e49c0:14b0a2d917e:-6e3a','APPROVED','EATE','EATERY'),('BK431e49c0:14b0a2d917e:-6e43','APPROVED','CARI','CARINDERIA'),('BK431e49c0:14b0a2d917e:-6e5e','APPROVED','HARD','HARDWARE'),('BK50bc78f6:14b83f170f5:9af','APPROVED','CONV','CONVENIENCE STORE'),('BK50bc78f6:14b83f170f5:9da','APPROVED','GROC','GROCERY'),('BK65bd4b24:147eee7380d:-1297','APPROVED','TERM','TERMINAL'),('BK65bd4b24:147eee7380d:-1680','APPROVED','OFFI','OFFICE'),('BK65bd4b24:147eee7380d:-26b8','APPROVED','SCHB','SCHOOL BUILDING');
/*!40000 ALTER TABLE `bldgkind` ENABLE KEYS */;
UNLOCK TABLES;

--
-- Dumping data for table `bldgkindbucc`
--

LOCK TABLES `bldgkindbucc` WRITE;
/*!40000 ALTER TABLE `bldgkindbucc` DISABLE KEYS */;
/*!40000 ALTER TABLE `bldgkindbucc` ENABLE KEYS */;
UNLOCK TABLES;

--
-- Dumping data for table `bldgrpu`
--

LOCK TABLES `bldgrpu` WRITE;
/*!40000 ALTER TABLE `bldgrpu` DISABLE KEYS */;
/*!40000 ALTER TABLE `bldgrpu` ENABLE KEYS */;
UNLOCK TABLES;

--
-- Dumping data for table `bldgrpu_assessment`
--

LOCK TABLES `bldgrpu_assessment` WRITE;
/*!40000 ALTER TABLE `bldgrpu_assessment` DISABLE KEYS */;
/*!40000 ALTER TABLE `bldgrpu_assessment` ENABLE KEYS */;
UNLOCK TABLES;

--
-- Dumping data for table `bldgrpu_land`
--

LOCK TABLES `bldgrpu_land` WRITE;
/*!40000 ALTER TABLE `bldgrpu_land` DISABLE KEYS */;
/*!40000 ALTER TABLE `bldgrpu_land` ENABLE KEYS */;
UNLOCK TABLES;

--
-- Dumping data for table `bldgrpu_structuraltype`
--

LOCK TABLES `bldgrpu_structuraltype` WRITE;
/*!40000 ALTER TABLE `bldgrpu_structuraltype` DISABLE KEYS */;
/*!40000 ALTER TABLE `bldgrpu_structuraltype` ENABLE KEYS */;
UNLOCK TABLES;

--
-- Dumping data for table `bldgrysetting`
--

LOCK TABLES `bldgrysetting` WRITE;
/*!40000 ALTER TABLE `bldgrysetting` DISABLE KEYS */;
/*!40000 ALTER TABLE `bldgrysetting` ENABLE KEYS */;
UNLOCK TABLES;

--
-- Dumping data for table `bldgstructure`
--

LOCK TABLES `bldgstructure` WRITE;
/*!40000 ALTER TABLE `bldgstructure` DISABLE KEYS */;
/*!40000 ALTER TABLE `bldgstructure` ENABLE KEYS */;
UNLOCK TABLES;

--
-- Dumping data for table `bldgtype`
--

LOCK TABLES `bldgtype` WRITE;
/*!40000 ALTER TABLE `bldgtype` DISABLE KEYS */;
/*!40000 ALTER TABLE `bldgtype` ENABLE KEYS */;
UNLOCK TABLES;

--
-- Dumping data for table `bldgtype_depreciation`
--

LOCK TABLES `bldgtype_depreciation` WRITE;
/*!40000 ALTER TABLE `bldgtype_depreciation` DISABLE KEYS */;
/*!40000 ALTER TABLE `bldgtype_depreciation` ENABLE KEYS */;
UNLOCK TABLES;

--
-- Dumping data for table `bldgtype_storeyadjustment`
--

LOCK TABLES `bldgtype_storeyadjustment` WRITE;
/*!40000 ALTER TABLE `bldgtype_storeyadjustment` DISABLE KEYS */;
/*!40000 ALTER TABLE `bldgtype_storeyadjustment` ENABLE KEYS */;
UNLOCK TABLES;

--
-- Dumping data for table `bldgtype_storeyadjustment_bldgkind`
--

LOCK TABLES `bldgtype_storeyadjustment_bldgkind` WRITE;
/*!40000 ALTER TABLE `bldgtype_storeyadjustment_bldgkind` DISABLE KEYS */;
/*!40000 ALTER TABLE `bldgtype_storeyadjustment_bldgkind` ENABLE KEYS */;
UNLOCK TABLES;

--
-- Dumping data for table `bldguse`
--

LOCK TABLES `bldguse` WRITE;
/*!40000 ALTER TABLE `bldguse` DISABLE KEYS */;
/*!40000 ALTER TABLE `bldguse` ENABLE KEYS */;
UNLOCK TABLES;

--
-- Dumping data for table `blkmarket`
--

LOCK TABLES `blkmarket` WRITE;
/*!40000 ALTER TABLE `blkmarket` DISABLE KEYS */;
/*!40000 ALTER TABLE `blkmarket` ENABLE KEYS */;
UNLOCK TABLES;

--
-- Dumping data for table `brgy_taxaccount_mapping`
--

LOCK TABLES `brgy_taxaccount_mapping` WRITE;
/*!40000 ALTER TABLE `brgy_taxaccount_mapping` DISABLE KEYS */;
/*!40000 ALTER TABLE `brgy_taxaccount_mapping` ENABLE KEYS */;
UNLOCK TABLES;

--
-- Dumping data for table `brgyshare`
--

LOCK TABLES `brgyshare` WRITE;
/*!40000 ALTER TABLE `brgyshare` DISABLE KEYS */;
/*!40000 ALTER TABLE `brgyshare` ENABLE KEYS */;
UNLOCK TABLES;

--
-- Dumping data for table `brgyshare_account_mapping`
--

LOCK TABLES `brgyshare_account_mapping` WRITE;
/*!40000 ALTER TABLE `brgyshare_account_mapping` DISABLE KEYS */;
/*!40000 ALTER TABLE `brgyshare_account_mapping` ENABLE KEYS */;
UNLOCK TABLES;

--
-- Dumping data for table `brgyshareitem`
--

LOCK TABLES `brgyshareitem` WRITE;
/*!40000 ALTER TABLE `brgyshareitem` DISABLE KEYS */;
/*!40000 ALTER TABLE `brgyshareitem` ENABLE KEYS */;
UNLOCK TABLES;

--
-- Dumping data for table `cancelannotation`
--

LOCK TABLES `cancelannotation` WRITE;
/*!40000 ALTER TABLE `cancelannotation` DISABLE KEYS */;
/*!40000 ALTER TABLE `cancelannotation` ENABLE KEYS */;
UNLOCK TABLES;

--
-- Dumping data for table `cancelledfaas`
--

LOCK TABLES `cancelledfaas` WRITE;
/*!40000 ALTER TABLE `cancelledfaas` DISABLE KEYS */;
/*!40000 ALTER TABLE `cancelledfaas` ENABLE KEYS */;
UNLOCK TABLES;

--
-- Dumping data for table `cancelledfaas_signatory`
--

LOCK TABLES `cancelledfaas_signatory` WRITE;
/*!40000 ALTER TABLE `cancelledfaas_signatory` DISABLE KEYS */;
/*!40000 ALTER TABLE `cancelledfaas_signatory` ENABLE KEYS */;
UNLOCK TABLES;

--
-- Dumping data for table `cancelledfaas_task`
--

LOCK TABLES `cancelledfaas_task` WRITE;
/*!40000 ALTER TABLE `cancelledfaas_task` DISABLE KEYS */;
/*!40000 ALTER TABLE `cancelledfaas_task` ENABLE KEYS */;
UNLOCK TABLES;

--
-- Dumping data for table `canceltdreason`
--

LOCK TABLES `canceltdreason` WRITE;
/*!40000 ALTER TABLE `canceltdreason` DISABLE KEYS */;
INSERT INTO `canceltdreason` VALUES ('CTDR-5288b48:1473337046c:-7de4','APPROVED','TDE','TOTAL DESTRUCTION',NULL),('CTDR-5288b48:1473337046c:-7df3','APPROVED','TD','TOTAL DEMOLITION',NULL),('CTDR-5288b48:1473337046c:-7e02','APPROVED','PD','PARTIAL DEMOLITION',NULL),('CTDR-6747af2c:14733405d23:-7fcb','APPROVED','CRE','COURT RESOLUTION','COURT ORDERS'),('CTDR4c59183a:14732e0c079:-7903','APPROVED','DU','DUPLICATION OF RECORDS',NULL);
/*!40000 ALTER TABLE `canceltdreason` ENABLE KEYS */;
UNLOCK TABLES;

--
-- Dumping data for table `cash_treasury_ledger`
--

LOCK TABLES `cash_treasury_ledger` WRITE;
/*!40000 ALTER TABLE `cash_treasury_ledger` DISABLE KEYS */;
/*!40000 ALTER TABLE `cash_treasury_ledger` ENABLE KEYS */;
UNLOCK TABLES;

--
-- Dumping data for table `cashbook_revolving_fund`
--

LOCK TABLES `cashbook_revolving_fund` WRITE;
/*!40000 ALTER TABLE `cashbook_revolving_fund` DISABLE KEYS */;
/*!40000 ALTER TABLE `cashbook_revolving_fund` ENABLE KEYS */;
UNLOCK TABLES;

--
-- Dumping data for table `cashreceipt`
--

LOCK TABLES `cashreceipt` WRITE;
/*!40000 ALTER TABLE `cashreceipt` DISABLE KEYS */;
/*!40000 ALTER TABLE `cashreceipt` ENABLE KEYS */;
UNLOCK TABLES;

--
-- Dumping data for table `cashreceipt_burial`
--

LOCK TABLES `cashreceipt_burial` WRITE;
/*!40000 ALTER TABLE `cashreceipt_burial` DISABLE KEYS */;
/*!40000 ALTER TABLE `cashreceipt_burial` ENABLE KEYS */;
UNLOCK TABLES;

--
-- Dumping data for table `cashreceipt_cancelseries`
--

LOCK TABLES `cashreceipt_cancelseries` WRITE;
/*!40000 ALTER TABLE `cashreceipt_cancelseries` DISABLE KEYS */;
/*!40000 ALTER TABLE `cashreceipt_cancelseries` ENABLE KEYS */;
UNLOCK TABLES;

--
-- Dumping data for table `cashreceipt_cashticket`
--

LOCK TABLES `cashreceipt_cashticket` WRITE;
/*!40000 ALTER TABLE `cashreceipt_cashticket` DISABLE KEYS */;
/*!40000 ALTER TABLE `cashreceipt_cashticket` ENABLE KEYS */;
UNLOCK TABLES;

--
-- Dumping data for table `cashreceipt_changelog`
--

LOCK TABLES `cashreceipt_changelog` WRITE;
/*!40000 ALTER TABLE `cashreceipt_changelog` DISABLE KEYS */;
/*!40000 ALTER TABLE `cashreceipt_changelog` ENABLE KEYS */;
UNLOCK TABLES;

--
-- Dumping data for table `cashreceipt_ctc_corporate`
--

LOCK TABLES `cashreceipt_ctc_corporate` WRITE;
/*!40000 ALTER TABLE `cashreceipt_ctc_corporate` DISABLE KEYS */;
/*!40000 ALTER TABLE `cashreceipt_ctc_corporate` ENABLE KEYS */;
UNLOCK TABLES;

--
-- Dumping data for table `cashreceipt_ctc_individual`
--

LOCK TABLES `cashreceipt_ctc_individual` WRITE;
/*!40000 ALTER TABLE `cashreceipt_ctc_individual` DISABLE KEYS */;
/*!40000 ALTER TABLE `cashreceipt_ctc_individual` ENABLE KEYS */;
UNLOCK TABLES;

--
-- Dumping data for table `cashreceipt_group`
--

LOCK TABLES `cashreceipt_group` WRITE;
/*!40000 ALTER TABLE `cashreceipt_group` DISABLE KEYS */;
/*!40000 ALTER TABLE `cashreceipt_group` ENABLE KEYS */;
UNLOCK TABLES;

--
-- Dumping data for table `cashreceipt_groupitem`
--

LOCK TABLES `cashreceipt_groupitem` WRITE;
/*!40000 ALTER TABLE `cashreceipt_groupitem` DISABLE KEYS */;
/*!40000 ALTER TABLE `cashreceipt_groupitem` ENABLE KEYS */;
UNLOCK TABLES;

--
-- Dumping data for table `cashreceipt_largecattleownership`
--

LOCK TABLES `cashreceipt_largecattleownership` WRITE;
/*!40000 ALTER TABLE `cashreceipt_largecattleownership` DISABLE KEYS */;
/*!40000 ALTER TABLE `cashreceipt_largecattleownership` ENABLE KEYS */;
UNLOCK TABLES;

--
-- Dumping data for table `cashreceipt_largecattletransfer`
--

LOCK TABLES `cashreceipt_largecattletransfer` WRITE;
/*!40000 ALTER TABLE `cashreceipt_largecattletransfer` DISABLE KEYS */;
/*!40000 ALTER TABLE `cashreceipt_largecattletransfer` ENABLE KEYS */;
UNLOCK TABLES;

--
-- Dumping data for table `cashreceipt_marriage`
--

LOCK TABLES `cashreceipt_marriage` WRITE;
/*!40000 ALTER TABLE `cashreceipt_marriage` DISABLE KEYS */;
/*!40000 ALTER TABLE `cashreceipt_marriage` ENABLE KEYS */;
UNLOCK TABLES;

--
-- Dumping data for table `cashreceipt_reprint_log`
--

LOCK TABLES `cashreceipt_reprint_log` WRITE;
/*!40000 ALTER TABLE `cashreceipt_reprint_log` DISABLE KEYS */;
/*!40000 ALTER TABLE `cashreceipt_reprint_log` ENABLE KEYS */;
UNLOCK TABLES;

--
-- Dumping data for table `cashreceipt_rpt`
--

LOCK TABLES `cashreceipt_rpt` WRITE;
/*!40000 ALTER TABLE `cashreceipt_rpt` DISABLE KEYS */;
/*!40000 ALTER TABLE `cashreceipt_rpt` ENABLE KEYS */;
UNLOCK TABLES;

--
-- Dumping data for table `cashreceipt_rpt_share_forposting`
--

LOCK TABLES `cashreceipt_rpt_share_forposting` WRITE;
/*!40000 ALTER TABLE `cashreceipt_rpt_share_forposting` DISABLE KEYS */;
/*!40000 ALTER TABLE `cashreceipt_rpt_share_forposting` ENABLE KEYS */;
UNLOCK TABLES;

--
-- Dumping data for table `cashreceipt_rpt_share_forposting_repost`
--

LOCK TABLES `cashreceipt_rpt_share_forposting_repost` WRITE;
/*!40000 ALTER TABLE `cashreceipt_rpt_share_forposting_repost` DISABLE KEYS */;
/*!40000 ALTER TABLE `cashreceipt_rpt_share_forposting_repost` ENABLE KEYS */;
UNLOCK TABLES;

--
-- Dumping data for table `cashreceipt_share`
--

LOCK TABLES `cashreceipt_share` WRITE;
/*!40000 ALTER TABLE `cashreceipt_share` DISABLE KEYS */;
/*!40000 ALTER TABLE `cashreceipt_share` ENABLE KEYS */;
UNLOCK TABLES;

--
-- Dumping data for table `cashreceipt_slaughter`
--

LOCK TABLES `cashreceipt_slaughter` WRITE;
/*!40000 ALTER TABLE `cashreceipt_slaughter` DISABLE KEYS */;
/*!40000 ALTER TABLE `cashreceipt_slaughter` ENABLE KEYS */;
UNLOCK TABLES;

--
-- Dumping data for table `cashreceipt_void`
--

LOCK TABLES `cashreceipt_void` WRITE;
/*!40000 ALTER TABLE `cashreceipt_void` DISABLE KEYS */;
/*!40000 ALTER TABLE `cashreceipt_void` ENABLE KEYS */;
UNLOCK TABLES;

--
-- Dumping data for table `cashreceiptitem`
--

LOCK TABLES `cashreceiptitem` WRITE;
/*!40000 ALTER TABLE `cashreceiptitem` DISABLE KEYS */;
/*!40000 ALTER TABLE `cashreceiptitem` ENABLE KEYS */;
UNLOCK TABLES;

--
-- Dumping data for table `cashreceiptitem_discount`
--

LOCK TABLES `cashreceiptitem_discount` WRITE;
/*!40000 ALTER TABLE `cashreceiptitem_discount` DISABLE KEYS */;
/*!40000 ALTER TABLE `cashreceiptitem_discount` ENABLE KEYS */;
UNLOCK TABLES;

--
-- Dumping data for table `cashreceiptpayment_creditmemo`
--

LOCK TABLES `cashreceiptpayment_creditmemo` WRITE;
/*!40000 ALTER TABLE `cashreceiptpayment_creditmemo` DISABLE KEYS */;
/*!40000 ALTER TABLE `cashreceiptpayment_creditmemo` ENABLE KEYS */;
UNLOCK TABLES;

--
-- Dumping data for table `cashreceiptpayment_noncash`
--

LOCK TABLES `cashreceiptpayment_noncash` WRITE;
/*!40000 ALTER TABLE `cashreceiptpayment_noncash` DISABLE KEYS */;
/*!40000 ALTER TABLE `cashreceiptpayment_noncash` ENABLE KEYS */;
UNLOCK TABLES;

--
-- Dumping data for table `cashreceipts`
--

LOCK TABLES `cashreceipts` WRITE;
/*!40000 ALTER TABLE `cashreceipts` DISABLE KEYS */;
/*!40000 ALTER TABLE `cashreceipts` ENABLE KEYS */;
UNLOCK TABLES;

--
-- Dumping data for table `certification`
--

LOCK TABLES `certification` WRITE;
/*!40000 ALTER TABLE `certification` DISABLE KEYS */;
/*!40000 ALTER TABLE `certification` ENABLE KEYS */;
UNLOCK TABLES;

--
-- Dumping data for table `checkpayment`
--

LOCK TABLES `checkpayment` WRITE;
/*!40000 ALTER TABLE `checkpayment` DISABLE KEYS */;
/*!40000 ALTER TABLE `checkpayment` ENABLE KEYS */;
UNLOCK TABLES;

--
-- Dumping data for table `checkpayment_deadchecks`
--

LOCK TABLES `checkpayment_deadchecks` WRITE;
/*!40000 ALTER TABLE `checkpayment_deadchecks` DISABLE KEYS */;
/*!40000 ALTER TABLE `checkpayment_deadchecks` ENABLE KEYS */;
UNLOCK TABLES;

--
-- Dumping data for table `checkpayment_dishonored`
--

LOCK TABLES `checkpayment_dishonored` WRITE;
/*!40000 ALTER TABLE `checkpayment_dishonored` DISABLE KEYS */;
/*!40000 ALTER TABLE `checkpayment_dishonored` ENABLE KEYS */;
UNLOCK TABLES;

--
-- Dumping data for table `citizenship`
--

LOCK TABLES `citizenship` WRITE;
/*!40000 ALTER TABLE `citizenship` DISABLE KEYS */;
/*!40000 ALTER TABLE `citizenship` ENABLE KEYS */;
UNLOCK TABLES;

--
-- Dumping data for table `city`
--

LOCK TABLES `city` WRITE;
/*!40000 ALTER TABLE `city` DISABLE KEYS */;
/*!40000 ALTER TABLE `city` ENABLE KEYS */;
UNLOCK TABLES;

--
-- Dumping data for table `collectiongroup`
--

LOCK TABLES `collectiongroup` WRITE;
/*!40000 ALTER TABLE `collectiongroup` DISABLE KEYS */;
/*!40000 ALTER TABLE `collectiongroup` ENABLE KEYS */;
UNLOCK TABLES;

--
-- Dumping data for table `collectiongroup_account`
--

LOCK TABLES `collectiongroup_account` WRITE;
/*!40000 ALTER TABLE `collectiongroup_account` DISABLE KEYS */;
/*!40000 ALTER TABLE `collectiongroup_account` ENABLE KEYS */;
UNLOCK TABLES;

--
-- Dumping data for table `collectiongroup_org`
--

LOCK TABLES `collectiongroup_org` WRITE;
/*!40000 ALTER TABLE `collectiongroup_org` DISABLE KEYS */;
/*!40000 ALTER TABLE `collectiongroup_org` ENABLE KEYS */;
UNLOCK TABLES;

--
-- Dumping data for table `collectiontype`
--

LOCK TABLES `collectiontype` WRITE;
/*!40000 ALTER TABLE `collectiontype` DISABLE KEYS */;
INSERT INTO `collectiontype` VALUES ('COLLTYPE-1661ce9a:141381a540a:-7f63','ACTIVE','GENERAL_COLLECTION','General Collection','51','misc',1,NULL,1,1,-100,NULL,NULL,NULL,NULL,NULL,0,NULL,1,0,0,NULL,NULL,NULL),('COLLTYPE-2f40c15f:14099cdf4a1:-7f59','INACTIVE','LARGE_CATTLE_OWNERSHIP','LARGE CATTLE OWNERSHIP','53','lco',1,NULL,1,1,95,NULL,NULL,NULL,NULL,NULL,0,NULL,0,0,0,NULL,NULL,NULL),('COLLTYPE-2f40c15f:14099cdf4a1:-7f81','INACTIVE','LARGE_CATTLE_TRANSFER','LARGE CATTLE TRANSFER','52','lct',1,NULL,0,1,95,NULL,NULL,NULL,NULL,NULL,0,NULL,0,0,0,NULL,NULL,NULL),('COLLTYPE-2f40c15f:14099cdf4a1:-7f96','INACTIVE','BURIAL_PERMIT','BURIAL_PERMIT','58','burial',1,NULL,1,1,100,NULL,NULL,NULL,NULL,NULL,0,NULL,0,0,0,NULL,NULL,NULL),('COLLTYPE-2f40c15f:14099cdf4a1:-7fb0','INACTIVE','MARRIAGE','MARRIAGE LICENSE','54','marriage',1,NULL,1,1,100,NULL,NULL,NULL,NULL,NULL,0,NULL,0,0,0,NULL,NULL,NULL),('COLLTYPE-348d26cc:1662a1e93ea:-7cd7','ACTIVE','RPT_COMPROMISE','Compromise Agreement','56','rptcompromise',0,NULL,1,1,0,NULL,NULL,NULL,NULL,NULL,0,NULL,0,0,0,NULL,NULL,NULL),('COLLTYPE-4f7fe298:150db7012ed:449','ACTIVE','CT5','CASH TICKETS 5','CT5','cashticket',1,NULL,0,1,0,NULL,NULL,NULL,NULL,NULL,0,NULL,0,0,0,NULL,NULL,NULL),('COLLTYPE-5e8bc58e:1675e68e400:-7d56','ACTIVE','RPT_BATCH','RPT BATCH COLLECTION','56','rptbatch',0,NULL,1,0,0,NULL,NULL,NULL,NULL,NULL,0,NULL,0,0,0,NULL,NULL,NULL),('COLLTYPE-CT10','ACTIVE','CT10','CASH TICKET 10','CT10','cashticket',0,NULL,0,1,0,NULL,NULL,NULL,NULL,NULL,0,NULL,0,0,0,NULL,NULL,NULL),('COLLTYPE3ddf177:15f2bfcf1e5:-2eba','ACTIVE','CT2','CASH TICKETS 2','CT2','cashticket',1,NULL,0,1,0,NULL,NULL,NULL,NULL,NULL,0,NULL,0,0,0,NULL,NULL,NULL),('COLLTYPE72d38523:14297f447b4:-70fb','ACTIVE','TRUST_FUND','TRUST_FUND','51','misc',1,NULL,1,1,100,NULL,NULL,NULL,NULL,NULL,0,NULL,0,0,0,NULL,NULL,NULL),('RPTCOL','ACTIVE','REAL_PROPERTY_TAX','Real Property Collection','56','rpt',1,NULL,1,1,-8,NULL,NULL,NULL,NULL,NULL,0,NULL,0,0,0,NULL,NULL,NULL);
/*!40000 ALTER TABLE `collectiontype` ENABLE KEYS */;
UNLOCK TABLES;

--
-- Dumping data for table `collectiontype_account`
--

LOCK TABLES `collectiontype_account` WRITE;
/*!40000 ALTER TABLE `collectiontype_account` DISABLE KEYS */;
/*!40000 ALTER TABLE `collectiontype_account` ENABLE KEYS */;
UNLOCK TABLES;

--
-- Dumping data for table `collectiontype_org`
--

LOCK TABLES `collectiontype_org` WRITE;
/*!40000 ALTER TABLE `collectiontype_org` DISABLE KEYS */;
/*!40000 ALTER TABLE `collectiontype_org` ENABLE KEYS */;
UNLOCK TABLES;

--
-- Dumping data for table `collectionvoucher`
--

LOCK TABLES `collectionvoucher` WRITE;
/*!40000 ALTER TABLE `collectionvoucher` DISABLE KEYS */;
/*!40000 ALTER TABLE `collectionvoucher` ENABLE KEYS */;
UNLOCK TABLES;

--
-- Dumping data for table `collectionvoucher_fund`
--

LOCK TABLES `collectionvoucher_fund` WRITE;
/*!40000 ALTER TABLE `collectionvoucher_fund` DISABLE KEYS */;
/*!40000 ALTER TABLE `collectionvoucher_fund` ENABLE KEYS */;
UNLOCK TABLES;

--
-- Dumping data for table `consolidatedland`
--

LOCK TABLES `consolidatedland` WRITE;
/*!40000 ALTER TABLE `consolidatedland` DISABLE KEYS */;
/*!40000 ALTER TABLE `consolidatedland` ENABLE KEYS */;
UNLOCK TABLES;

--
-- Dumping data for table `consolidation`
--

LOCK TABLES `consolidation` WRITE;
/*!40000 ALTER TABLE `consolidation` DISABLE KEYS */;
/*!40000 ALTER TABLE `consolidation` ENABLE KEYS */;
UNLOCK TABLES;

--
-- Dumping data for table `consolidation_task`
--

LOCK TABLES `consolidation_task` WRITE;
/*!40000 ALTER TABLE `consolidation_task` DISABLE KEYS */;
/*!40000 ALTER TABLE `consolidation_task` ENABLE KEYS */;
UNLOCK TABLES;

--
-- Dumping data for table `consolidationaffectedrpu`
--

LOCK TABLES `consolidationaffectedrpu` WRITE;
/*!40000 ALTER TABLE `consolidationaffectedrpu` DISABLE KEYS */;
/*!40000 ALTER TABLE `consolidationaffectedrpu` ENABLE KEYS */;
UNLOCK TABLES;

--
-- Dumping data for table `creditmemo`
--

LOCK TABLES `creditmemo` WRITE;
/*!40000 ALTER TABLE `creditmemo` DISABLE KEYS */;
/*!40000 ALTER TABLE `creditmemo` ENABLE KEYS */;
UNLOCK TABLES;

--
-- Dumping data for table `creditmemoitem`
--

LOCK TABLES `creditmemoitem` WRITE;
/*!40000 ALTER TABLE `creditmemoitem` DISABLE KEYS */;
/*!40000 ALTER TABLE `creditmemoitem` ENABLE KEYS */;
UNLOCK TABLES;

--
-- Dumping data for table `creditmemotype`
--

LOCK TABLES `creditmemotype` WRITE;
/*!40000 ALTER TABLE `creditmemotype` DISABLE KEYS */;
/*!40000 ALTER TABLE `creditmemotype` ENABLE KEYS */;
UNLOCK TABLES;

--
-- Dumping data for table `creditmemotype_account`
--

LOCK TABLES `creditmemotype_account` WRITE;
/*!40000 ALTER TABLE `creditmemotype_account` DISABLE KEYS */;
/*!40000 ALTER TABLE `creditmemotype_account` ENABLE KEYS */;
UNLOCK TABLES;

--
-- Dumping data for table `deposit_fund_transfer`
--

LOCK TABLES `deposit_fund_transfer` WRITE;
/*!40000 ALTER TABLE `deposit_fund_transfer` DISABLE KEYS */;
/*!40000 ALTER TABLE `deposit_fund_transfer` ENABLE KEYS */;
UNLOCK TABLES;

--
-- Dumping data for table `depositslip`
--

LOCK TABLES `depositslip` WRITE;
/*!40000 ALTER TABLE `depositslip` DISABLE KEYS */;
/*!40000 ALTER TABLE `depositslip` ENABLE KEYS */;
UNLOCK TABLES;

--
-- Dumping data for table `depositvoucher`
--

LOCK TABLES `depositvoucher` WRITE;
/*!40000 ALTER TABLE `depositvoucher` DISABLE KEYS */;
/*!40000 ALTER TABLE `depositvoucher` ENABLE KEYS */;
UNLOCK TABLES;

--
-- Dumping data for table `depositvoucher_fund`
--

LOCK TABLES `depositvoucher_fund` WRITE;
/*!40000 ALTER TABLE `depositvoucher_fund` DISABLE KEYS */;
/*!40000 ALTER TABLE `depositvoucher_fund` ENABLE KEYS */;
UNLOCK TABLES;

--
-- Dumping data for table `district`
--

LOCK TABLES `district` WRITE;
/*!40000 ALTER TABLE `district` DISABLE KEYS */;
/*!40000 ALTER TABLE `district` ENABLE KEYS */;
UNLOCK TABLES;

--
-- Dumping data for table `draftremittance`
--

LOCK TABLES `draftremittance` WRITE;
/*!40000 ALTER TABLE `draftremittance` DISABLE KEYS */;
/*!40000 ALTER TABLE `draftremittance` ENABLE KEYS */;
UNLOCK TABLES;

--
-- Dumping data for table `draftremittanceitem`
--

LOCK TABLES `draftremittanceitem` WRITE;
/*!40000 ALTER TABLE `draftremittanceitem` DISABLE KEYS */;
/*!40000 ALTER TABLE `draftremittanceitem` ENABLE KEYS */;
UNLOCK TABLES;

--
-- Dumping data for table `eftpayment`
--

LOCK TABLES `eftpayment` WRITE;
/*!40000 ALTER TABLE `eftpayment` DISABLE KEYS */;
/*!40000 ALTER TABLE `eftpayment` ENABLE KEYS */;
UNLOCK TABLES;

--
-- Dumping data for table `entity`
--

LOCK TABLES `entity` WRITE;
/*!40000 ALTER TABLE `entity` DISABLE KEYS */;
/*!40000 ALTER TABLE `entity` ENABLE KEYS */;
UNLOCK TABLES;

--
-- Dumping data for table `entity_address`
--

LOCK TABLES `entity_address` WRITE;
/*!40000 ALTER TABLE `entity_address` DISABLE KEYS */;
/*!40000 ALTER TABLE `entity_address` ENABLE KEYS */;
UNLOCK TABLES;

--
-- Dumping data for table `entity_ctc`
--

LOCK TABLES `entity_ctc` WRITE;
/*!40000 ALTER TABLE `entity_ctc` DISABLE KEYS */;
/*!40000 ALTER TABLE `entity_ctc` ENABLE KEYS */;
UNLOCK TABLES;

--
-- Dumping data for table `entity_fingerprint`
--

LOCK TABLES `entity_fingerprint` WRITE;
/*!40000 ALTER TABLE `entity_fingerprint` DISABLE KEYS */;
/*!40000 ALTER TABLE `entity_fingerprint` ENABLE KEYS */;
UNLOCK TABLES;

--
-- Dumping data for table `entity_mapping`
--

LOCK TABLES `entity_mapping` WRITE;
/*!40000 ALTER TABLE `entity_mapping` DISABLE KEYS */;
/*!40000 ALTER TABLE `entity_mapping` ENABLE KEYS */;
UNLOCK TABLES;

--
-- Dumping data for table `entity_reconciled`
--

LOCK TABLES `entity_reconciled` WRITE;
/*!40000 ALTER TABLE `entity_reconciled` DISABLE KEYS */;
/*!40000 ALTER TABLE `entity_reconciled` ENABLE KEYS */;
UNLOCK TABLES;

--
-- Dumping data for table `entity_reconciled_txn`
--

LOCK TABLES `entity_reconciled_txn` WRITE;
/*!40000 ALTER TABLE `entity_reconciled_txn` DISABLE KEYS */;
/*!40000 ALTER TABLE `entity_reconciled_txn` ENABLE KEYS */;
UNLOCK TABLES;

--
-- Dumping data for table `entity_relation`
--

LOCK TABLES `entity_relation` WRITE;
/*!40000 ALTER TABLE `entity_relation` DISABLE KEYS */;
/*!40000 ALTER TABLE `entity_relation` ENABLE KEYS */;
UNLOCK TABLES;

--
-- Dumping data for table `entity_relation_type`
--

LOCK TABLES `entity_relation_type` WRITE;
/*!40000 ALTER TABLE `entity_relation_type` DISABLE KEYS */;
INSERT INTO `entity_relation_type` VALUES ('AUNT','F','NEPHEW/NIECE','NEPHEW','NIECE'),('BROTHER','M','SIBLING','BROTHER','SISTER'),('COUSIN',NULL,'COUSIN','COUSIN','COUSIN'),('DAUGHTER','F','PARENT','FATHER','MOTHER'),('FATHER','M','CHILD','SON','DAUGHTER'),('GRANDDAUGHTER','F','GRANDPARENT','GRANDFATHER','GRANDMOTHER'),('GRANDSON','M','GRANDPARENT','GRANDFATHER','GRANDMOTHER'),('HUSBAND','M','SPOUSE','SPOUSE','WIFE'),('MOTHER','F','CHILD','SON','DAUGHTER'),('NEPHEW','M','UNCLE/AUNT','UNCLE','AUNT'),('NIECE','F','UNCLE/AUNT','UNCLE','AUNT'),('SISTER','F','SIBLING','BROTHER','SISTER'),('SON','M','PARENT','FATHER','MOTHER'),('SPOUSE',NULL,'SPOUSE','HUSBAND','WIFE'),('UNCLE','M','NEPHEW/NIECE','NEPHEW','NIECE'),('WIFE','F','SPOUSE','HUSBAND','SPOUSE');
/*!40000 ALTER TABLE `entity_relation_type` ENABLE KEYS */;
UNLOCK TABLES;

--
-- Dumping data for table `entitycontact`
--

LOCK TABLES `entitycontact` WRITE;
/*!40000 ALTER TABLE `entitycontact` DISABLE KEYS */;
/*!40000 ALTER TABLE `entitycontact` ENABLE KEYS */;
UNLOCK TABLES;

--
-- Dumping data for table `entityid`
--

LOCK TABLES `entityid` WRITE;
/*!40000 ALTER TABLE `entityid` DISABLE KEYS */;
/*!40000 ALTER TABLE `entityid` ENABLE KEYS */;
UNLOCK TABLES;

--
-- Dumping data for table `entityidcard`
--

LOCK TABLES `entityidcard` WRITE;
/*!40000 ALTER TABLE `entityidcard` DISABLE KEYS */;
/*!40000 ALTER TABLE `entityidcard` ENABLE KEYS */;
UNLOCK TABLES;

--
-- Dumping data for table `entityindividual`
--

LOCK TABLES `entityindividual` WRITE;
/*!40000 ALTER TABLE `entityindividual` DISABLE KEYS */;
/*!40000 ALTER TABLE `entityindividual` ENABLE KEYS */;
UNLOCK TABLES;

--
-- Dumping data for table `entityjuridical`
--

LOCK TABLES `entityjuridical` WRITE;
/*!40000 ALTER TABLE `entityjuridical` DISABLE KEYS */;
/*!40000 ALTER TABLE `entityjuridical` ENABLE KEYS */;
UNLOCK TABLES;

--
-- Dumping data for table `entitymember`
--

LOCK TABLES `entitymember` WRITE;
/*!40000 ALTER TABLE `entitymember` DISABLE KEYS */;
/*!40000 ALTER TABLE `entitymember` ENABLE KEYS */;
UNLOCK TABLES;

--
-- Dumping data for table `entitymultiple`
--

LOCK TABLES `entitymultiple` WRITE;
/*!40000 ALTER TABLE `entitymultiple` DISABLE KEYS */;
/*!40000 ALTER TABLE `entitymultiple` ENABLE KEYS */;
UNLOCK TABLES;

--
-- Dumping data for table `entityprofile`
--

LOCK TABLES `entityprofile` WRITE;
/*!40000 ALTER TABLE `entityprofile` DISABLE KEYS */;
/*!40000 ALTER TABLE `entityprofile` ENABLE KEYS */;
UNLOCK TABLES;

--
-- Dumping data for table `examiner_finding`
--

LOCK TABLES `examiner_finding` WRITE;
/*!40000 ALTER TABLE `examiner_finding` DISABLE KEYS */;
/*!40000 ALTER TABLE `examiner_finding` ENABLE KEYS */;
UNLOCK TABLES;

--
-- Dumping data for table `exemptiontype`
--

LOCK TABLES `exemptiontype` WRITE;
/*!40000 ALTER TABLE `exemptiontype` DISABLE KEYS */;
INSERT INTO `exemptiontype` VALUES ('CH','APPROVED','CH','CHARITABLE',3),('CO','APPROVED','CO','COOPERATIVE',51),('ED','APPROVED','ED','EDUCATIONAL',4),('ET-4a163839:14b503bd402:-691b','APPROVED','CC','CANAL / CREEK',55),('ET41101959:14b19901f42:-6584','APPROVED','CE','CEMETERY',56),('ET65ce3399:1674e92d986:-7108','APPROVED','NI','NIA',19),('ET65ce3399:1674e92d986:-7130','APPROVED','MA','MANGROVE',10),('GO','APPROVED','GO','GOVERNMENT',1),('OT','APPROVED','OT','OTHERS',50),('RB','APPROVED','RB','RIVER BED',52),('RD','APPROVED','RD','ROADS',53),('RE','APPROVED','RE','RELIGIOUS',2),('TE','APPROVED','TE','TELECOM',54);
/*!40000 ALTER TABLE `exemptiontype` ENABLE KEYS */;
UNLOCK TABLES;

--
-- Dumping data for table `faas`
--

LOCK TABLES `faas` WRITE;
/*!40000 ALTER TABLE `faas` DISABLE KEYS */;
/*!40000 ALTER TABLE `faas` ENABLE KEYS */;
UNLOCK TABLES;

--
-- Dumping data for table `faas_affectedrpu`
--

LOCK TABLES `faas_affectedrpu` WRITE;
/*!40000 ALTER TABLE `faas_affectedrpu` DISABLE KEYS */;
/*!40000 ALTER TABLE `faas_affectedrpu` ENABLE KEYS */;
UNLOCK TABLES;

--
-- Dumping data for table `faas_list`
--

LOCK TABLES `faas_list` WRITE;
/*!40000 ALTER TABLE `faas_list` DISABLE KEYS */;
/*!40000 ALTER TABLE `faas_list` ENABLE KEYS */;
UNLOCK TABLES;

--
-- Dumping data for table `faas_previous`
--

LOCK TABLES `faas_previous` WRITE;
/*!40000 ALTER TABLE `faas_previous` DISABLE KEYS */;
/*!40000 ALTER TABLE `faas_previous` ENABLE KEYS */;
UNLOCK TABLES;

--
-- Dumping data for table `faas_requested_series`
--

LOCK TABLES `faas_requested_series` WRITE;
/*!40000 ALTER TABLE `faas_requested_series` DISABLE KEYS */;
/*!40000 ALTER TABLE `faas_requested_series` ENABLE KEYS */;
UNLOCK TABLES;

--
-- Dumping data for table `faas_restriction`
--

LOCK TABLES `faas_restriction` WRITE;
/*!40000 ALTER TABLE `faas_restriction` DISABLE KEYS */;
/*!40000 ALTER TABLE `faas_restriction` ENABLE KEYS */;
UNLOCK TABLES;

--
-- Dumping data for table `faas_restriction_type`
--

LOCK TABLES `faas_restriction_type` WRITE;
/*!40000 ALTER TABLE `faas_restriction_type` DISABLE KEYS */;
INSERT INTO `faas_restriction_type` VALUES ('BOUNDARY_CONFLICT','Boundary Conflict',4,1),('BSP_GSP','BSP / GSP',9,1),('CARP','Under CARP',1,0),('RED_AREAS','Red Areas',3,1),('RESTRICTED','Restricted',9,1),('RP_NIA','RP / NIA',5,1),('TELECOM','Telecom',6,1),('UNDER_LITIGATION','Under Litigation',2,0),('UNDETERMINED','Undermined',7,1),('UNLOCATED_OWNER','Unlocated Owner',8,1);
/*!40000 ALTER TABLE `faas_restriction_type` ENABLE KEYS */;
UNLOCK TABLES;

--
-- Dumping data for table `faas_signatory`
--

LOCK TABLES `faas_signatory` WRITE;
/*!40000 ALTER TABLE `faas_signatory` DISABLE KEYS */;
/*!40000 ALTER TABLE `faas_signatory` ENABLE KEYS */;
UNLOCK TABLES;

--
-- Dumping data for table `faas_sketch`
--

LOCK TABLES `faas_sketch` WRITE;
/*!40000 ALTER TABLE `faas_sketch` DISABLE KEYS */;
/*!40000 ALTER TABLE `faas_sketch` ENABLE KEYS */;
UNLOCK TABLES;

--
-- Dumping data for table `faas_stewardship`
--

LOCK TABLES `faas_stewardship` WRITE;
/*!40000 ALTER TABLE `faas_stewardship` DISABLE KEYS */;
/*!40000 ALTER TABLE `faas_stewardship` ENABLE KEYS */;
UNLOCK TABLES;

--
-- Dumping data for table `faas_task`
--

LOCK TABLES `faas_task` WRITE;
/*!40000 ALTER TABLE `faas_task` DISABLE KEYS */;
/*!40000 ALTER TABLE `faas_task` ENABLE KEYS */;
UNLOCK TABLES;

--
-- Dumping data for table `faas_txntype`
--

LOCK TABLES `faas_txntype` WRITE;
/*!40000 ALTER TABLE `faas_txntype` DISABLE KEYS */;
INSERT INTO `faas_txntype` VALUES ('CC','Change Classification',0,1,0,'RC',0,0,0,1,NULL,1,NULL,NULL),('CD','Change Depreciation',0,1,0,'DP',0,0,0,1,NULL,1,NULL,NULL),('CE','Correction of Entry',0,1,1,'DP',1,0,1,1,NULL,1,NULL,NULL),('CK','Change Kind',0,1,1,'DP',1,1,1,1,'',0,0,0),('CS','Consolidation',1,1,1,'CS',1,0,1,1,'consolidation',1,NULL,NULL),('CT','Change Taxability',0,1,0,'DP',0,0,0,1,NULL,1,NULL,NULL),('CTD','Cancellation',0,0,0,'DP',0,0,0,0,NULL,1,NULL,NULL),('DC','Data Capture',1,1,1,'DC',1,1,1,1,NULL,0,NULL,NULL),('GR','General Revision',0,1,1,'GR',0,0,1,1,NULL,0,NULL,NULL),('MC','Multiple Claim',1,1,1,'DP',1,1,1,1,NULL,0,NULL,NULL),('MCS','Multiple Claim Settlement',0,1,1,'DP',0,0,0,0,'mcsettlement',0,NULL,NULL),('ND','New Discovery',1,1,1,'DC',1,1,1,1,NULL,0,NULL,NULL),('RE','Reassessment',0,1,0,'DP',0,1,0,1,NULL,1,NULL,NULL),('RS','Resection',0,1,1,'DP',0,0,0,1,NULL,0,NULL,NULL),('RV','Revision',0,1,1,'RV',1,1,1,1,NULL,1,NULL,NULL),('SD','Subdivision',1,1,1,'SD',1,0,1,1,'subdivision',1,NULL,NULL),('TR','Transfer of Ownership',0,1,1,'TR',1,0,1,1,NULL,1,NULL,NULL),('TRC','Transfer with Correction',0,1,1,'TR',1,0,1,1,NULL,1,NULL,NULL),('TRE','Transfer with Reassessment',0,1,0,'TR',1,0,1,1,NULL,1,NULL,NULL);
/*!40000 ALTER TABLE `faas_txntype` ENABLE KEYS */;
UNLOCK TABLES;

--
-- Dumping data for table `faas_txntype_attribute`
--

LOCK TABLES `faas_txntype_attribute` WRITE;
/*!40000 ALTER TABLE `faas_txntype_attribute` DISABLE KEYS */;
/*!40000 ALTER TABLE `faas_txntype_attribute` ENABLE KEYS */;
UNLOCK TABLES;

--
-- Dumping data for table `faas_txntype_attribute_type`
--

LOCK TABLES `faas_txntype_attribute_type` WRITE;
/*!40000 ALTER TABLE `faas_txntype_attribute_type` DISABLE KEYS */;
/*!40000 ALTER TABLE `faas_txntype_attribute_type` ENABLE KEYS */;
UNLOCK TABLES;

--
-- Dumping data for table `faasannotation`
--

LOCK TABLES `faasannotation` WRITE;
/*!40000 ALTER TABLE `faasannotation` DISABLE KEYS */;
/*!40000 ALTER TABLE `faasannotation` ENABLE KEYS */;
UNLOCK TABLES;

--
-- Dumping data for table `faasannotation_faas`
--

LOCK TABLES `faasannotation_faas` WRITE;
/*!40000 ALTER TABLE `faasannotation_faas` DISABLE KEYS */;
/*!40000 ALTER TABLE `faasannotation_faas` ENABLE KEYS */;
UNLOCK TABLES;

--
-- Dumping data for table `faasannotationtype`
--

LOCK TABLES `faasannotationtype` WRITE;
/*!40000 ALTER TABLE `faasannotationtype` DISABLE KEYS */;
INSERT INTO `faasannotationtype` VALUES ('CCJ','CIVIL CASE JUDGEMENT'),('MOA','MEMORANDUM OF AGREEMENT'),('MT','MORTGAGE'),('NAC','NOTICE OF ADVERSE CLAIM'),('NOA','NOTICE OF ATTACHMENT'),('NOAL','NOTICE OF ATTACHMENT/LEVY UPON REALTY'),('NB','NOTICE OF BOND'),('NOL','NOTICE OF LEVY'),('NOLES','NOTICE OF LIS PENDENS'),('NOS','NOTICE OF SHERIFF\'S'),('OFC','ORDER FROM THE COURT'),('SR','SHERIFF\'S CERTIFICATE OF SALE'),('SLVY','SHERIFF\'S NOTICE OF LEVY UPON REAL PROPERTY'),('UL','UNDER LITIGATION'),('WL','WARRANT OF LEVY');
/*!40000 ALTER TABLE `faasannotationtype` ENABLE KEYS */;
UNLOCK TABLES;

--
-- Dumping data for table `faasbacktax`
--

LOCK TABLES `faasbacktax` WRITE;
/*!40000 ALTER TABLE `faasbacktax` DISABLE KEYS */;
/*!40000 ALTER TABLE `faasbacktax` ENABLE KEYS */;
UNLOCK TABLES;

--
-- Dumping data for table `faasupdate`
--

LOCK TABLES `faasupdate` WRITE;
/*!40000 ALTER TABLE `faasupdate` DISABLE KEYS */;
/*!40000 ALTER TABLE `faasupdate` ENABLE KEYS */;
UNLOCK TABLES;

--
-- Dumping data for table `fund`
--

LOCK TABLES `fund` WRITE;
/*!40000 ALTER TABLE `fund` DISABLE KEYS */;
INSERT INTO `fund` VALUES ('GENERAL',NULL,'ACTIVE','01','GENERAL-PROPER','subfund',1,1,'GENERAL','GENERAL'),('SEF',NULL,'ACTIVE','02','SEF-PROPER','subfund',1,1,'SEF','SEF'),('TRUST',NULL,'ACTIVE','03','TRUST-PROPER','subfund',1,1,'TRUST','TRUST');
/*!40000 ALTER TABLE `fund` ENABLE KEYS */;
UNLOCK TABLES;

--
-- Dumping data for table `fundgroup`
--

LOCK TABLES `fundgroup` WRITE;
/*!40000 ALTER TABLE `fundgroup` DISABLE KEYS */;
INSERT INTO `fundgroup` VALUES ('GENERAL','GENERAL',0),('SEF','SEF',1),('TRUST','TRUST',2);
/*!40000 ALTER TABLE `fundgroup` ENABLE KEYS */;
UNLOCK TABLES;

--
-- Dumping data for table `government_property`
--

LOCK TABLES `government_property` WRITE;
/*!40000 ALTER TABLE `government_property` DISABLE KEYS */;
/*!40000 ALTER TABLE `government_property` ENABLE KEYS */;
UNLOCK TABLES;

--
-- Dumping data for table `holiday`
--

LOCK TABLES `holiday` WRITE;
/*!40000 ALTER TABLE `holiday` DISABLE KEYS */;
/*!40000 ALTER TABLE `holiday` ENABLE KEYS */;
UNLOCK TABLES;

--
-- Dumping data for table `income_ledger`
--

LOCK TABLES `income_ledger` WRITE;
/*!40000 ALTER TABLE `income_ledger` DISABLE KEYS */;
/*!40000 ALTER TABLE `income_ledger` ENABLE KEYS */;
UNLOCK TABLES;

--
-- Dumping data for table `income_summary`
--

LOCK TABLES `income_summary` WRITE;
/*!40000 ALTER TABLE `income_summary` DISABLE KEYS */;
/*!40000 ALTER TABLE `income_summary` ENABLE KEYS */;
UNLOCK TABLES;

--
-- Dumping data for table `interfund_transfer_ledger`
--

LOCK TABLES `interfund_transfer_ledger` WRITE;
/*!40000 ALTER TABLE `interfund_transfer_ledger` DISABLE KEYS */;
/*!40000 ALTER TABLE `interfund_transfer_ledger` ENABLE KEYS */;
UNLOCK TABLES;

--
-- Dumping data for table `itemaccount`
--

LOCK TABLES `itemaccount` WRITE;
/*!40000 ALTER TABLE `itemaccount` DISABLE KEYS */;
INSERT INTO `itemaccount` VALUES ('CASH_IN_TREASURY','ACTIVE','-','CASH_IN_TREASURY',NULL,'CASH_IN_TREASURY',NULL,NULL,NULL,0.00,'ANY',NULL,NULL,NULL,0,0,0),('IA-10a60e7f:1579cde4629:-7c78','ACTIVE','4-02-02-140','LOT RENTAL(MARKET)',NULL,'REVENUE','GENERAL','01','GENERAL-PROPER',0.00,'ANY',NULL,NULL,NULL,0,0,0),('IA-12a42a28:13c17863f49:-77e9','ACTIVE','4-01-01-020','PROFESSIONAL TAX RECEIPTS',NULL,'REVENUE','TRUST','03','TRUST-PROPER',300.00,'ANY',NULL,NULL,NULL,0,0,0),('IA-13b5be19:1419fa6f719:-7d49','ACTIVE','4-01-03-030-01','TAX ON DISTILLERS',NULL,'REVENUE','GENERAL','01','GENERAL-PROPER',0.00,'ANY',NULL,NULL,NULL,0,0,0),('IA-13b5be19:1419fa6f719:-7d52','ACTIVE','4-01-03-030','BUSINESS TAX-MANUFACTURERS',NULL,'REVENUE','GENERAL','01','GENERAL-PROPER',0.00,'ANY',NULL,NULL,NULL,0,0,0),('IA-13b5be19:1419fa6f719:-7dfd','ACTIVE','4-02-01-990','HEALTH SERVICE FEE',NULL,'REVENUE','GENERAL','01','GENERAL-PROPER',0.00,'ANY',NULL,NULL,NULL,0,0,0),('IA-1522516f:145de437c50:-7b16','ACTIVE','4-02-01-040-05','CLEARANCE TO TRANSPORT',NULL,'REVENUE','GENERAL','01','GENERAL-PROPER',0.00,'ANY',NULL,NULL,NULL,0,0,0),('IA-16609d6:13b49b3f2a7:-7c64','ACTIVE','4-02-02-050','CHAIR RENTAL',NULL,'REVENUE','GENERAL','01','GENERAL-PROPER',0.00,'ANY',NULL,NULL,NULL,0,0,0),('IA-16609d6:13b49b3f2a7:-7c70','ACTIVE','4-02-01-010-11','MAYORS PERMIT (DERBY)',NULL,'REVENUE','GENERAL','01','GENERAL-PROPER',0.00,'ANY',NULL,NULL,NULL,0,0,0),('IA-16609d6:13b49b3f2a7:-7c78','ACTIVE','4-02-01-010-11','MAYORS PERMIT (SEASONAL)',NULL,'REVENUE','GENERAL','01','GENERAL-PROPER',0.00,'ANY',NULL,NULL,NULL,0,0,0),('IA-16609d6:13b49b3f2a7:-7c7c','ACTIVE','4-02-01-010-11','MAYORS PERMIT (BENEFIT DANCE)',NULL,'REVENUE','GENERAL','01','GENERAL-PROPER',0.00,'ANY',NULL,NULL,NULL,0,0,0),('IA-16609d6:13b49b3f2a7:-7ca2','ACTIVE','4-02-01-010-11','MAYORS PERMIT (PROMOTIONAL SALE)',NULL,'REVENUE','GENERAL','01','GENERAL-PROPER',0.00,'ANY',NULL,NULL,NULL,0,0,0),('IA-16609d6:13b49b3f2a7:-7efc','ACTIVE','4-02-01-100','TRANSFER OF LOCATION OR AMENDMENT OF MAYOR\'S PERMIT',NULL,'REVENUE','GENERAL','01','GENERAL-PROPER',0.00,'ANY',NULL,NULL,NULL,0,0,0),('IA-16609d6:13b49b3f2a7:-7f2b','ACTIVE','4-02-02-990','CASH TICKET (WHARF)',NULL,'REVENUE','GENERAL','01','GENERAL-PROPER',0.00,'ANY',NULL,NULL,NULL,0,0,0),('IA-16609d6:13b49b3f2a7:-7f2e','ACTIVE','4-02-02-990','CASH TICKET (PASSENGER FEE)',NULL,'REVENUE','GENERAL','01','GENERAL-PROPER',0.00,'ANY',NULL,NULL,NULL,0,0,0),('IA-19c3ea50:13b3fed4457:-7ab3','ACTIVE','4-02-02-990','RHU INCOME',NULL,'REVENUE','GENERAL','01','GENERAL-PROPER',0.00,'ANY',NULL,NULL,NULL,0,0,0),('IA-19c3ea50:13b3fed4457:-7ab9','ACTIVE','4-02-01-040-02','SECRETARYS FEE',NULL,'REVENUE','GENERAL','01','GENERAL-PROPER',0.00,'ANY',NULL,NULL,NULL,0,0,0),('IA-19c3ea50:13b3fed4457:-7ae1','ACTIVE','4-01-01-050-52','COMMUNITY TAX - CORPORATION',NULL,'REVENUE','GENERAL','01','GENERAL-PROPER',0.00,'ANY',NULL,NULL,NULL,0,0,0),('IA-19c3ea50:13b3fed4457:-7b21','ACTIVE','4-02-01-040-05','LCR-CERTIFICATION FEE (LEGAL INSTRUMENT)',NULL,'REVENUE','GENERAL','01','GENERAL-PROPER',50.00,'ANY',NULL,NULL,NULL,0,0,0),('IA-19c3ea50:13b3fed4457:-7b24','ACTIVE','4-02-01-040-05','CERTIFICATION FEE (ASSESSOR)',NULL,'REVENUE','GENERAL','01','GENERAL-PROPER',0.00,'ANY',NULL,NULL,NULL,0,0,0),('IA-19c3ea50:13b3fed4457:-7b38','ACTIVE','4-02-01-130-1Z','ALIEN REGISTRATION',NULL,'REVENUE','GENERAL','01','GENERAL-PROPER',0.00,'ANY',NULL,NULL,NULL,0,0,0),('IA-19c3ea50:13b3fed4457:-7b5b','ACTIVE','4-02-02-050','BACKHOE RENTAL',NULL,'REVENUE','GENERAL','01','GENERAL-PROPER',0.00,'ANY',NULL,NULL,NULL,0,0,0),('IA-19c3ea50:13b3fed4457:-7b5e','ACTIVE','4-02-02-050','DUMPTRUCK RENTAL (TF)',NULL,'REVENUE','TRUST','03','TRUST-PROPER',0.00,'ANY',NULL,NULL,NULL,0,0,0),('IA-19c3ea50:13b3fed4457:-7b62','ACTIVE','4-02-02-050','MIXER RENTAL (TF)',NULL,'REVENUE','TRUST','03','TRUST-PROPER',0.00,'ANY',NULL,NULL,NULL,0,0,0),('IA-19c3ea50:13b3fed4457:-7b65','ACTIVE','4-02-02-050','ROAD ROLLER RENTAL (TF)',NULL,'REVENUE','TRUST','03','TRUST-PROPER',0.00,'ANY',NULL,NULL,NULL,0,0,0),('IA-19c3ea50:13b3fed4457:-7b78','ACTIVE','4-02-02-200','50% XRAY MACHINE (OWNER SHARE)',NULL,'REVENUE','GENERAL','01','GENERAL-PROPER',0.00,'ANY',NULL,NULL,NULL,0,0,0),('IA-19c3ea50:13b3fed4457:-7b7d','ACTIVE','4-02-02-200','50% XRAY MACHINE (MUN. SHARE)',NULL,'REVENUE','GENERAL','01','GENERAL-PROPER',0.00,'ANY',NULL,NULL,NULL,0,0,0),('IA-19c3ea50:13b3fed4457:-7b8a','ACTIVE','4-02-01-040-04','REAL PROPERTY TAX CLEARANCE',NULL,'REVENUE','GENERAL','01','GENERAL-PROPER',0.00,'ANY',NULL,NULL,NULL,0,0,0),('IA-19c3ea50:13b3fed4457:-7b92','ACTIVE','4-02-02-200','XRAY (PHILHEALTH/OTHERS)',NULL,'REVENUE','GENERAL','01','GENERAL-PROPER',0.00,'ANY',NULL,NULL,NULL,0,0,0),('IA-19c3ea50:13b3fed4457:-7b95','ACTIVE','4-02-02-200','XRAY (GEN)',NULL,'REVENUE','GENERAL','01','GENERAL-PROPER',0.00,'ANY',NULL,NULL,NULL,0,0,0),('IA-19c3ea50:13b3fed4457:-7b9a','ACTIVE','4-01-02-041','RPT ADDITIONAL TAX (DISCOUNT)',NULL,'REVENUE','SEF','02','SEF-PROPER',0.00,'ANY',NULL,NULL,NULL,0,0,0),('IA-19c3ea50:13b3fed4457:-7b9d','ACTIVE','4-01-05-020','RPT ADDITIONAL TAX (PENALTIES)',NULL,'REVENUE','SEF','02','SEF-PROPER',0.00,'ANY',NULL,NULL,NULL,0,0,0),('IA-19c3ea50:13b3fed4457:-7ba5','ACTIVE','4-01-02-060','RPT ADDITIONAL TAX (PREVIOUS YEAR)',NULL,'REVENUE','SEF','02','SEF-PROPER',0.00,'ANY',NULL,NULL,NULL,0,0,0),('IA-19c3ea50:13b3fed4457:-7ba9','ACTIVE','4-01-02-060','RPT ADDITIONAL TAX (CURRENT YEAR)',NULL,'REVENUE','SEF','02','SEF-PROPER',0.00,'ANY',NULL,NULL,NULL,0,0,0),('IA-19c3ea50:13b3fed4457:-7bad','ACTIVE','4-01-02-041','RPT BASIC TAX (DISCOUNT)',NULL,'REVENUE','GENERAL','01','GENERAL-PROPER',0.00,'ANY',NULL,NULL,NULL,0,0,0),('IA-19c3ea50:13b3fed4457:-7bb0','ACTIVE','4-01-05-020','RPT BASIC TAX (PENALTIES)',NULL,'REVENUE','GENERAL','01','GENERAL-PROPER',0.00,'ANY',NULL,NULL,NULL,0,0,0),('IA-19c3ea50:13b3fed4457:-7bb5','ACTIVE','4-01-02-040','RPT BASIC TAX (PREVIOUS YEAR)',NULL,'REVENUE','GENERAL','01','GENERAL-PROPER',0.00,'ANY',NULL,NULL,NULL,0,0,0),('IA-19c3ea50:13b3fed4457:-7bb8','ACTIVE','4-01-02-040','RPT BASIC TAX (CURRENT YEAR)',NULL,'REVENUE','GENERAL','01','GENERAL-PROPER',0.00,'ANY',NULL,NULL,NULL,0,0,0),('IA-19c3ea50:13b3fed4457:-7cc3','ACTIVE','4-02-01-040-05','LCR-DEATH CERTIFICATE',NULL,'REVENUE','GENERAL','01','GENERAL-PROPER',0.00,'ANY',NULL,NULL,NULL,0,0,0),('IA-19c3ea50:13b3fed4457:-7d93','ACTIVE','4-02-01-130-2K','ASSESSOR\'S FEE',NULL,'REVENUE','GENERAL','01','GENERAL-PROPER',0.00,'ANY',NULL,NULL,NULL,0,0,0),('IA-19c3ea50:13b3fed4457:-7dc0','ACTIVE','4-02-01-150','FISHERY',NULL,'REVENUE','GENERAL','01','GENERAL-PROPER',0.00,'ANY',NULL,NULL,NULL,0,0,0),('IA-19c3ea50:13b3fed4457:-7dc5','ACTIVE','4-01-03-040','TAX ON SAND, GRAVEL AND OTHER QUARRY PRODUCTS',NULL,'REVENUE','GENERAL','01','GENERAL-PROPER',0.00,'ANY',NULL,NULL,NULL,0,0,0),('IA-19c3ea50:13b3fed4457:-7dc8','ACTIVE','4-02-01-100','INSPECTION FEES',NULL,'REVENUE','GENERAL','01','GENERAL-PROPER',0.00,'ANY',NULL,NULL,NULL,0,0,0),('IA-19c3ea50:13b3fed4457:-7e03','ACTIVE','4-02-01-010-11','OCCUPANCY FEE',NULL,'REVENUE','GENERAL','01','GENERAL-PROPER',0.00,'ANY',NULL,NULL,NULL,0,0,0),('IA-19c3ea50:13b3fed4457:-7e0c','ACTIVE','4-04-01-020','SHARE FROM PCSO',NULL,'REVENUE','GENERAL','01','GENERAL-PROPER',0.00,'ANY',NULL,NULL,NULL,0,0,0),('IA-19c3ea50:13b3fed4457:-7e2c','ACTIVE','4-02-01-010-11','SALE OF BAMBOO',NULL,'REVENUE','GENERAL','01','GENERAL-PROPER',0.00,'ANY',NULL,NULL,NULL,0,0,0),('IA-19c3ea50:13b3fed4457:-7e2f','ACTIVE','439-0003','BID DOCS',NULL,'REVENUE','TRUST','03','TRUST-PROPER',0.00,'ANY',NULL,NULL,NULL,0,0,0),('IA-19c3ea50:13b3fed4457:-7e3c','ACTIVE','4-02-02-200','PHYSIATRIST / NEUROLOGIST (STAC SERVICES)',NULL,'REVENUE','GENERAL','01','GENERAL-PROPER',0.00,'ANY',NULL,NULL,NULL,0,0,0),('IA-19c3ea50:13b3fed4457:-7e46','ACTIVE','4-02-01-990','PROFESSIONAL FEE (STAC SERVICES)',NULL,'REVENUE','GENERAL','01','GENERAL-PROPER',0.00,'ANY',NULL,NULL,NULL,0,0,0),('IA-19c3ea50:13b3fed4457:-7e69','ACTIVE','4-02-01-010-11','WOOD CHARCOAL',NULL,'REVENUE','GENERAL','01','GENERAL-PROPER',0.00,'ANY',NULL,NULL,NULL,0,0,0),('IA-19c3ea50:13b3fed4457:-7e77','ACTIVE','4-02-02-090','WATER BILL (MARKET)',NULL,'REVENUE','GENERAL','01','GENERAL-PROPER',0.00,'ANY',NULL,NULL,NULL,0,0,0),('IA-19c3ea50:13b3fed4457:-7e7a','ACTIVE','4-02-02-990','CASH TICKET (POB.)',NULL,'REVENUE','GENERAL','01','GENERAL-PROPER',0.00,'ANY',NULL,NULL,NULL,0,0,0),('IA-19c3ea50:13b3fed4457:-7ea7','ACTIVE','4-02-02-050','TENT RENTAL',NULL,'REVENUE','GENERAL','01','GENERAL-PROPER',0.00,'ANY',NULL,NULL,NULL,0,0,0),('IA-19c3ea50:13b3fed4457:-7eaa','INACTIVE','4-02-02-050','MUN. STALL RENTAL',NULL,'REVENUE','GENERAL','01','GENERAL-PROPER',0.00,'ANY',NULL,NULL,NULL,0,0,0),('IA-19c3ea50:13b3fed4457:-7ead','ACTIVE','4-06-01-010','CUTTING FEE',NULL,'REVENUE','GENERAL','01','GENERAL-PROPER',0.00,'ANY',NULL,NULL,NULL,0,0,0),('IA-19c3ea50:13b3fed4457:-7eb0','ACTIVE','4-02-02-980','THROWING OF CIGARETTE BUTTS',NULL,'REVENUE','GENERAL','01','GENERAL-PROPER',0.00,'ANY',NULL,NULL,NULL,0,0,0),('IA-19c3ea50:13b3fed4457:-7ec0','ACTIVE','4-02-02-980','NO TRASH CAN',NULL,'REVENUE','GENERAL','01','GENERAL-PROPER',0.00,'ANY',NULL,NULL,NULL,0,0,0),('IA-19c3ea50:13b3fed4457:-7ec3','ACTIVE','4-02-02-980','OPERATION W/OUT PERMIT',NULL,'REVENUE','GENERAL','01','GENERAL-PROPER',0.00,'ANY',NULL,NULL,NULL,0,0,0),('IA-19c3ea50:13b3fed4457:-7ecb','ACTIVE','4-02-02-980','LITTERING',NULL,'REVENUE','GENERAL','01','GENERAL-PROPER',0.00,'ANY',NULL,NULL,NULL,0,0,0),('IA-19c3ea50:13b3fed4457:-7ece','ACTIVE','4-02-02-980','ILLEGAL HAULING',NULL,'REVENUE','GENERAL','01','GENERAL-PROPER',0.00,'ANY',NULL,NULL,NULL,0,0,0),('IA-19c3ea50:13b3fed4457:-7ed1','ACTIVE','4-02-02-980','BURNING RUBBER',NULL,'REVENUE','GENERAL','01','GENERAL-PROPER',0.00,'ANY',NULL,NULL,NULL,0,0,0),('IA-19c3ea50:13b3fed4457:-7edd','INACTIVE','4-02-02-140','BLOCK RENTAL - MARKET',NULL,'REVENUE','GENERAL','01','GENERAL-PROPER',0.00,'ANY',NULL,NULL,NULL,0,0,0),('IA-19c3ea50:13b3fed4457:-7ee4','ACTIVE','4-02-01-010-11','RIGHT TO OCCUPY (MARKET)',NULL,'REVENUE','GENERAL','01','GENERAL-PROPER',0.00,'ANY',NULL,NULL,NULL,0,0,0),('IA-19c3ea50:13b3fed4457:-7eec','ACTIVE','4-02-01-010-11','RIGHT TO OCCUPY (MUN.)',NULL,'REVENUE','GENERAL','01','GENERAL-PROPER',0.00,'ANY',NULL,NULL,NULL,0,0,0),('IA-19c3ea50:13b3fed4457:-7f29','ACTIVE','4-02-01-990','LCR-BURIAL FEE',NULL,'REVENUE','GENERAL','01','GENERAL-PROPER',0.00,'ANY',NULL,NULL,NULL,0,0,0),('IA-19c3ea50:13b3fed4457:-7f2d','ACTIVE','4-02-01-990','IMPOUNDING FEE',NULL,'REVENUE','GENERAL','01','GENERAL-PROPER',0.00,'ANY',NULL,NULL,NULL,0,0,0),('IA-19c3ea50:13b3fed4457:-7f35','ACTIVE','4-02-02-980','ILLEGAL FISHERY',NULL,'REVENUE','GENERAL','01','GENERAL-PROPER',0.00,'ANY',NULL,NULL,NULL,0,0,0),('IA-19c3ea50:13b3fed4457:-7f38','ACTIVE','4-01-01-050-51','COMMUNITY TAX - INDIVIDUAL',NULL,'REVENUE','GENERAL','01','GENERAL-PROPER',0.00,'ANY',NULL,NULL,NULL,0,0,0),('IA-19c3ea50:13b3fed4457:-7f40','ACTIVE','4-02-02-980','TRAFFIC VIOLATION',NULL,'REVENUE','GENERAL','01','GENERAL-PROPER',0.00,'ANY',NULL,NULL,NULL,0,0,0),('IA-19c3ea50:13b3fed4457:-7f53','ACTIVE','4-01-04-990','RESIDENCE TAX',NULL,'REVENUE','GENERAL','01','GENERAL-PROPER',0.00,'ANY',NULL,NULL,NULL,0,0,0),('IA-19c3ea50:13b3fed4457:-7f78','ACTIVE','4-02-01-010-11','BUSINESS P/TIN PERMITS',NULL,'REVENUE','GENERAL','01','GENERAL-PROPER',0.00,'ANY',NULL,NULL,NULL,0,0,0),('IA-19c3ea50:13b3fed4457:-7fb9','ACTIVE','4-02-02-980','40% PENALTY ILLEGAL FISHING',NULL,'REVENUE','TRUST','03','TRUST-PROPER',0.00,'ANY',NULL,NULL,NULL,0,0,0),('IA-19c3ea50:13b3fed4457:-7fc1','ACTIVE','4-02-02-980','60% PENALTY ILLEGAL FISHING',NULL,'REVENUE','GENERAL','01','GENERAL-PROPER',0.00,'ANY',NULL,NULL,NULL,0,0,0),('IA-19c3ea50:13b3fed4457:-7fda','ACTIVE','4-02-02-100','ELECTRIC BILL - BASKETBALL COURT',NULL,'REVENUE','TRUST','03','TRUST-PROPER',0.00,'ANY',NULL,NULL,NULL,0,0,0),('IA-19c3ea50:13b3fed4457:-7fe2','ACTIVE','4-02-02-050','CULTURAL CENTER (RENTAL)',NULL,'REVENUE','GENERAL','01','GENERAL-PROPER',0.00,'ANY',NULL,NULL,NULL,0,0,0),('IA-19c3ea50:13b3fed4457:-7fe5','ACTIVE','4-02-01-040-05','COMELEC CERTIFICATION',NULL,'REVENUE','GENERAL','01','GENERAL-PROPER',0.00,'ANY',NULL,NULL,NULL,0,0,0),('IA-1a1819bc:13d6b609919:-7a1f','ACTIVE','4-02-02-080','C.T. TOLL ROADS',NULL,'REVENUE','GENERAL','01','GENERAL-PROPER',0.00,'ANY',NULL,NULL,NULL,0,0,0),('IA-1a1819bc:13d6b609919:-7a26','ACTIVE','4-02-02-990','CASH TICKET (IN LIEU)',NULL,'REVENUE','GENERAL','01','GENERAL-PROPER',0.00,'ANY',NULL,NULL,NULL,0,0,0),('IA-1a5dd20d:13ee346481b:-7cc6','ACTIVE','4-02-01-040-05','CERTIFICATE & RECORDS OF OWNERSHIP',NULL,'REVENUE','GENERAL','01','GENERAL-PROPER',0.00,'ANY',NULL,NULL,NULL,0,0,0),('IA-23518ad2:15da52837a1:-7b68','ACTIVE','4-06-01-010','XEROX COPY (ACCOUNTING)',NULL,'REVENUE','GENERAL','01','GENERAL-PROPER',0.00,'ANY',NULL,NULL,NULL,0,0,0),('IA-306a58c2:13e1fa36e76:-7bb7','ACTIVE','4-01-03-030-02','TAX ON WHOLESALERS',NULL,'REVENUE','GENERAL','01','GENERAL-PROPER',0.00,'ANY',NULL,NULL,NULL,0,0,0),('IA-306a58c2:13e1fa36e76:-7bba','ACTIVE','4-01-04-990','TAX ON OTHER BUSINESS',NULL,'REVENUE','GENERAL','01','GENERAL-PROPER',0.00,'ANY',NULL,NULL,NULL,0,0,0),('IA-306a58c2:13e1fa36e76:-7bbd','ACTIVE','4-01-03-030-04','TAX ON RETAILERS',NULL,'REVENUE','GENERAL','01','GENERAL-PROPER',0.00,'ANY',NULL,NULL,NULL,0,0,0),('IA-306a58c2:13e1fa36e76:-7bc0','ACTIVE','4-01-03-030-01','TAX ON PROCESSORS',NULL,'REVENUE','GENERAL','01','GENERAL-PROPER',0.00,'ANY',NULL,NULL,NULL,0,0,0),('IA-306a58c2:13e1fa36e76:-7bc3','ACTIVE','4-01-03-030-07','TAX ON PEDDLERS',NULL,'REVENUE','GENERAL','01','GENERAL-PROPER',0.00,'ANY',NULL,NULL,NULL,0,0,0),('IA-306a58c2:13e1fa36e76:-7bca','ACTIVE','4-01-03-030-03','TAX ON EXPORTERS',NULL,'REVENUE','GENERAL','01','GENERAL-PROPER',0.00,'ANY',NULL,NULL,NULL,0,0,0),('IA-306a58c2:13e1fa36e76:-7bce','ACTIVE','4-01-03-030-02','TAX ON DISTRIBUTOR',NULL,'REVENUE','GENERAL','01','GENERAL-PROPER',0.00,'ANY',NULL,NULL,NULL,0,0,0),('IA-306a58c2:13e1fa36e76:-7bd2','ACTIVE','4-01-03-030-02','TAX ON DEALERS',NULL,'REVENUE','GENERAL','01','GENERAL-PROPER',0.00,'ANY',NULL,NULL,NULL,0,0,0),('IA-306a58c2:13e1fa36e76:-7bd7','ACTIVE','4-01-03-030-05','TAX ON CONTRACTORS',NULL,'REVENUE','GENERAL','01','GENERAL-PROPER',0.00,'ANY',NULL,NULL,NULL,0,0,0),('IA-306a58c2:13e1fa36e76:-7bda','ACTIVE','4-01-03-030-06','TAX ON BANKS AND OTHER FINANCIAL INSTITUTIONS',NULL,'REVENUE','GENERAL','01','GENERAL-PROPER',0.00,'ANY',NULL,NULL,NULL,0,0,0),('IA-306a58c2:13e1fa36e76:-7be4','ACTIVE','4-01-03-030-01','TAX ON ASSEMBLERS',NULL,'REVENUE','GENERAL','01','GENERAL-PROPER',0.00,'ANY',NULL,NULL,NULL,0,0,0),('IA-306a58c2:13e1fa36e76:-7be7','ACTIVE','4-01-03-030-01','TAX ON MANUFACTURERS',NULL,'REVENUE','GENERAL','01','GENERAL-PROPER',0.00,'ANY',NULL,NULL,NULL,0,0,0),('IA-315fe77e:14b47792983:-7dd3','ACTIVE','4-02-01-020-01','REGISTRATION FEE FOR BIDDING(TF)',NULL,'REVENUE','TRUST','03','TRUST-PROPER',0.00,'ANY',NULL,NULL,NULL,0,0,0),('IA-35e8456d:13b874b699b:-7a89','ACTIVE','4-01-03-030-99','BUSINESS TAX - MUNICIPAL (FUND PROPER)',NULL,'REVENUE','GENERAL','01','GENERAL-PROPER',0.00,'ANY',NULL,NULL,NULL,0,0,0),('IA-35e8456d:13b874b699b:-7e8f','ACTIVE','4-06-01-010','LCR-MISCELLANEOUS FEE',NULL,'REVENUE','GENERAL','01','GENERAL-PROPER',0.00,'ANY',NULL,NULL,NULL,0,0,0),('IA-35e8456d:13b874b699b:-7ea2','ACTIVE','4-02-01-010-11','LCR-ADDITIONAL MARRIAGE LICENSE FEE',NULL,'REVENUE','GENERAL','01','GENERAL-PROPER',0.00,'ANY',NULL,NULL,NULL,0,0,0),('IA-3807a2f2:1470e11ef00:-7c44','ACTIVE','1753-1','REFUND FOR OVERPAYMENT OF TRAVELLING ALLOWANCES(GF)',NULL,'REVENUE','GENERAL','01','GENERAL-PROPER',0.00,'ANY',NULL,NULL,NULL,0,0,0),('IA-38b09bd6:13dcd3e73b0:-7a7c','ACTIVE','4-02-01-040-05','CERTIFICATE OF NO LANDHOLDINGS',NULL,'REVENUE','GENERAL','01','GENERAL-PROPER',0.00,'ANY',NULL,NULL,NULL,0,0,0),('IA-3a85cd1b:13b822330c7:-7aa4','ACTIVE','4-01-03-060','AMUSEMENT TAX-30% ON ADMISSION FEE-MUNICIPAL SHARE 50%',NULL,'REVENUE','GENERAL','01','GENERAL-PROPER',0.00,'ANY',NULL,NULL,NULL,0,0,0),('IA-3a85cd1b:13b822330c7:-7ab6','ACTIVE','4-01-03-030-99','BUSINESS TAX-MARKET',NULL,'REVENUE','GENERAL','01','GENERAL-PROPER',0.00,'ANY',NULL,NULL,NULL,0,0,0),('IA-3a85cd1b:13b822330c7:-7f88','ACTIVE','4-02-02-090','CASH TICKET (WATER WORKS)',NULL,'REVENUE','GENERAL','01','GENERAL-PROPER',0.00,'ANY',NULL,NULL,NULL,0,0,0),('IA-45ece8f0:13d32bf1c87:-7ca2','ACTIVE','4-02-02-980','PENALTY FOR VIOLATION OF MUN. ORDINANCE #2006-06-241 (ESWM/LITTERING/DIRTY PREMISES)',NULL,'REVENUE','GENERAL','01','GENERAL-PROPER',0.00,'ANY',NULL,NULL,NULL,0,0,0),('IA-45ece8f0:13d32bf1c87:-7ccb','ACTIVE','4-02-02-980','PENALTY FOR VIOLATION MUN. ORDINANCE # 2005-02-217',NULL,'REVENUE','GENERAL','01','GENERAL-PROPER',0.00,'ANY',NULL,NULL,NULL,0,0,0),('IA-46cf6423:157bb0fff5a:-7bbf','ACTIVE','4-02-02-080','RTO (TOLL ROADS)',NULL,'REVENUE','GENERAL','01','GENERAL-PROPER',0.00,'ANY',NULL,NULL,NULL,0,0,0),('IA-47970905:1513cd79d48:-7fbf','ACTIVE','121','REFUND FOR OVERPAYMENT OF SALARY',NULL,'REVENUE','GENERAL','01','GENERAL-PROPER',0.00,'ANY',NULL,NULL,NULL,0,0,0),('IA-4cd1eaf8:159aed4deb3:-7cf5','ACTIVE','5-02-04-020','ELECTRIC BILL (NEW MUNICIPAL BLDG.)',NULL,'REVENUE','GENERAL','01','GENERAL-PROPER',0.00,'ANY',NULL,NULL,NULL,0,0,0),('IA-50010f89:13c930d9ba0:-7d77','ACTIVE','4-02-01-990','PENALTY-BIRTHING (RHU)',NULL,'REVENUE','GENERAL','01','GENERAL-PROPER',0.00,'ANY',NULL,NULL,NULL,0,0,0),('IA-50357548:13bf8a28d94:-79d5','ACTIVE','4-06-01-010','LCR-MIGRANT PETITIONER',NULL,'REVENUE','GENERAL','01','GENERAL-PROPER',0.00,'ANY',NULL,NULL,NULL,0,0,0),('IA-50357548:13bf8a28d94:-79f7','ACTIVE','4-02-01-030','STICKER FEE',NULL,'REVENUE','GENERAL','01','GENERAL-PROPER',0.00,'ANY',NULL,NULL,NULL,0,0,0),('IA-50357548:13bf8a28d94:-79fb','ACTIVE','4-06-01-010','REGISTRATION FEE-ONE UNIT COMPUTER',NULL,'REVENUE','GENERAL','01','GENERAL-PROPER',0.00,'ANY',NULL,NULL,NULL,0,0,0),('IA-50357548:13bf8a28d94:-7b79','ACTIVE','4-06-01-010','LCR-FILING FEE',NULL,'REVENUE','GENERAL','01','GENERAL-PROPER',0.00,'ANY',NULL,NULL,NULL,0,0,0),('IA-50357548:13bf8a28d94:-7b7c','ACTIVE','4-02-01-020','REGISTRATION FEES',NULL,'REVENUE','GENERAL','01','GENERAL-PROPER',0.00,'ANY',NULL,NULL,NULL,0,0,0),('IA-50d9cbdc:13bab59ae91:-7d59','ACTIVE','4-02-02-980','PENALTY FOR VIOLATION OF MUN. TRAFFIC ORDINACE',NULL,'REVENUE','GENERAL','01','GENERAL-PROPER',0.00,'ANY',NULL,NULL,NULL,0,0,0),('IA-50d9cbdc:13bab59ae91:-7d76','ACTIVE','4-02-02-980','PENALTY FOR MUNICIPAL TRAFFIC ORDINNANCE',NULL,'REVENUE','GENERAL','01','GENERAL-PROPER',0.00,'ANY',NULL,NULL,NULL,0,0,0),('IA-50d9cbdc:13bab59ae91:-7e71','ACTIVE','4-02-02-980','NO MAYORS PERMIT',NULL,'REVENUE','GENERAL','01','GENERAL-PROPER',0.00,'ANY',NULL,NULL,NULL,0,0,0),('IA-50d9cbdc:13bab59ae91:-7e74','ACTIVE','4-02-02-980','FAILURE TO CARRY OR/CR',NULL,'REVENUE','GENERAL','01','GENERAL-PROPER',0.00,'ANY',NULL,NULL,NULL,0,0,0),('IA-50d9cbdc:13bab59ae91:-7e79','ACTIVE','4-02-02-980','UNREGISTERED/EXPIRED REGISTRATION',NULL,'REVENUE','GENERAL','01','GENERAL-PROPER',0.00,'ANY',NULL,NULL,NULL,0,0,0),('IA-50d9cbdc:13bab59ae91:-7e7c','ACTIVE','4-02-02-980','EXPIRED DRIVERS LICENSE',NULL,'REVENUE','GENERAL','01','GENERAL-PROPER',0.00,'ANY',NULL,NULL,NULL,0,0,0),('IA-50d9cbdc:13bab59ae91:-7e7f','ACTIVE','4-02-02-980','FAILURE TO CARRY DRIVERS LICENSE',NULL,'REVENUE','GENERAL','01','GENERAL-PROPER',0.00,'ANY',NULL,NULL,NULL,0,0,0),('IA-50d9cbdc:13bab59ae91:-7e82','ACTIVE','4-02-02-980','NO DRIVERS LICENSE',NULL,'REVENUE','GENERAL','01','GENERAL-PROPER',0.00,'ANY',NULL,NULL,NULL,0,0,0),('IA-50d9cbdc:13bab59ae91:-7e85','ACTIVE','4-02-02-980','NO OR/CR',NULL,'REVENUE','GENERAL','01','GENERAL-PROPER',0.00,'ANY',NULL,NULL,NULL,0,0,0),('IA-50d9cbdc:13bab59ae91:-7e88','ACTIVE','4-02-02-980','NO HELMET',NULL,'REVENUE','GENERAL','01','GENERAL-PROPER',0.00,'ANY',NULL,NULL,NULL,0,0,0),('IA-5aa57b50:13d7ffdf47d:-7bf7','ACTIVE','4-02-01-040-05','ROAD RIGHT OF WAY CERTIFICATION',NULL,'REVENUE','GENERAL','01','GENERAL-PROPER',0.00,'ANY',NULL,NULL,NULL,0,0,0),('IA-5e2a69f6:13c02e3f3c4:-7f72','ACTIVE','4-02-01-130-1B','TRANSFER OF CADAVER',NULL,'REVENUE','GENERAL','01','GENERAL-PROPER',0.00,'ANY',NULL,NULL,NULL,0,0,0),('IA-5e2a69f6:13c02e3f3c4:-7f7a','ACTIVE','4-02-01-990','ISSUANCE OF HEALTH CARD',NULL,'REVENUE','GENERAL','01','GENERAL-PROPER',0.00,'ANY',NULL,NULL,NULL,0,0,0),('IA-5e2a69f6:13c02e3f3c4:-7f7d','ACTIVE','4-02-02-990','LABORATORY (SPUTUM EXAMINATION)','LABORATORY (SPUTUM EXAMINATION)','REVENUE','GENERAL','01','GENERAL-PROPER',75.00,'FIXEDUNIT',NULL,NULL,NULL,0,0,0),('IA-5e2a69f6:13c02e3f3c4:-7f84','ACTIVE','4-02-02-990','MEDICO LEGAL (RHU)',NULL,'REVENUE','GENERAL','01','GENERAL-PROPER',0.00,'ANY',NULL,NULL,NULL,0,0,0),('IA-5e2a69f6:13c02e3f3c4:-7faf','ACTIVE','4-02-02-990','MEDICAL CERTIFICATE (EMPLOYMENT)',NULL,'REVENUE','GENERAL','01','GENERAL-PROPER',100.00,'FIXEDUNIT',NULL,NULL,NULL,0,0,0),('IA-6345107a:14e08e85967:-7c5e','ACTIVE','4-02-02-050','STALL RENTAL (TOLL ROADS)',NULL,'REVENUE','GENERAL','01','GENERAL-PROPER',0.00,'ANY',NULL,NULL,NULL,0,0,0),('IA-6353229e:14f29771252:-7d2c','ACTIVE','4-02-02-050','EQUIPMENT RENTAL',NULL,'REVENUE','TRUST','03','TRUST-PROPER',0.00,'ANY',NULL,NULL,NULL,0,0,0),('IA-635605cc:151221508a3:-7b7c','ACTIVE','4-02-02-200','TB DOTS - HOSPITAL CHARGES',NULL,'REVENUE','TRUST','03','TRUST-PROPER',0.00,'ANY',NULL,NULL,NULL,0,0,0),('IA-66cf0031:13cfa1f895f:-7dd8','ACTIVE','4-02-01-130-2C','LCR-FILING FEE (RA 10172)',NULL,'REVENUE','GENERAL','01','GENERAL-PROPER',0.00,'ANY',NULL,NULL,NULL,0,0,0),('IA-6752d14e:13c45e0f068:-7c43','ACTIVE','4-02-01-010-11','OPERATOR\'S PERMIT',NULL,'REVENUE','GENERAL','01','GENERAL-PROPER',0.00,'ANY',NULL,NULL,NULL,0,0,0),('IA-68e32c1c:149c540e8d1:-7bcd','ACTIVE','4-02-01-020-01','REGISTRATION FEE FOR LUPON MEMBERS SEMINAR (TF)',NULL,'REVENUE','TRUST','03','TRUST-PROPER',0.00,'ANY',NULL,NULL,NULL,0,0,0),('IA-6bd83eb5:13d8f6f34bb:-79cb','ACTIVE','4-06-01-010','SALE OF SCRAP',NULL,'REVENUE','GENERAL','01','GENERAL-PROPER',0.00,'ANY',NULL,NULL,NULL,0,0,0),('IA-6de33cd:14b94bc85a1:-7e4f','ACTIVE','4-02-02-200','PHYSIATRIST/NEURO CHECK-UP (STAC-TF)',NULL,'REVENUE','TRUST','03','TRUST-PROPER',0.00,'ANY',NULL,NULL,NULL,0,0,0),('IA-6f57082f:13d4230e885:-7953','ACTIVE','439-0058','HONORARIUM FOR BRGY. BOOKEEPER',NULL,'REVENUE','TRUST','03','TRUST-PROPER',0.00,'ANY',NULL,NULL,NULL,0,0,0),('IA-6f57082f:13d4230e885:-7e86','ACTIVE','4-06-01-010','SALE OF EMPTY INK',NULL,'REVENUE','GENERAL','01','GENERAL-PROPER',0.00,'ANY',NULL,NULL,NULL,0,0,0),('IA-6f57082f:13d4230e885:-7e89','ACTIVE','4-06-01-010','SALE OF EMPTY CARTRIDGE',NULL,'REVENUE','GENERAL','01','GENERAL-PROPER',0.00,'ANY',NULL,NULL,NULL,0,0,0),('IA-7099edb9:1419a812c96:-7b58','ACTIVE','4-01-02-040','RPT SHARE 40% (GLOBE)',NULL,'REVENUE','GENERAL','01','GENERAL-PROPER',0.00,'ANY',NULL,NULL,NULL,0,0,0),('IA-7280002f:146c60323aa:-7ceb','ACTIVE','4-02-01-990','PROFESSIONAL FEE TCH (TF)',NULL,'REVENUE','TRUST','03','TRUST-PROPER',0.00,'ANY',NULL,NULL,NULL,0,0,0),('IA-743320a5:13ba63e110e:-7d55','ACTIVE','4-02-02-200','BIRTHING FEES / DELIVERY FEES',NULL,'REVENUE','TRUST','03','TRUST-PROPER',0.00,'ANY',NULL,NULL,NULL,0,0,0),('IA-747303e9:13c7e7abd72:-793e','ACTIVE','4-02-01-010-11','MECHANICAL INSTALLATION FEE',NULL,'REVENUE','GENERAL','01','GENERAL-PROPER',0.00,'ANY',NULL,NULL,NULL,0,0,0),('IA-777de76c:1534e43118b:-7ac7','ACTIVE','4-02-01-130-1Q','LCR-ACKNOWLEDGMENT OF PATERNITY FEE',NULL,'REVENUE','GENERAL','01','GENERAL-PROPER',0.00,'ANY',NULL,NULL,NULL,0,0,0),('IA-7d21cae6:13b6988ce01:-7eda','ACTIVE','4-02-02-200','DENTAL',NULL,'REVENUE','GENERAL','01','GENERAL-PROPER',50.00,'FIXEDUNIT',NULL,NULL,NULL,0,0,0),('IA-7d21cae6:13b6988ce01:-7edd','ACTIVE','4-06-01-010','LCR-R.A. 9255',NULL,'REVENUE','GENERAL','01','GENERAL-PROPER',200.00,'FIXEDUNIT',NULL,NULL,NULL,0,0,0),('IA-7d21cae6:13b6988ce01:-7ee7','ACTIVE','4-02-02-200','AFFILIATION FEE (HOSPITAL)',NULL,'REVENUE','GENERAL','01','GENERAL-PROPER',0.00,'ANY',NULL,NULL,NULL,0,0,0),('IA-7d21cae6:13b6988ce01:-7ef2','ACTIVE','4-02-02-200','APPARATUS',NULL,'REVENUE','GENERAL','01','GENERAL-PROPER',0.00,'ANY',NULL,NULL,NULL,0,0,0),('IA-7d21cae6:13b6988ce01:-7efa','ACTIVE','4-02-02-200','MISCELLANEOUS (HOSPITAL)',NULL,'REVENUE','GENERAL','01','GENERAL-PROPER',0.00,'ANY',NULL,NULL,NULL,0,0,0),('IA-7d21cae6:13b6988ce01:-7f08','ACTIVE','4-02-01-990','ROOM & BOARD',NULL,'REVENUE','GENERAL','01','GENERAL-PROPER',0.00,'ANY',NULL,NULL,NULL,0,0,0),('IA-7d21cae6:13b6988ce01:-7f10','ACTIVE','4-02-01-010-11','RPF-PHOTOGRAPHY',NULL,'REVENUE','GENERAL','01','GENERAL-PROPER',0.00,'ANY',NULL,NULL,NULL,0,0,0),('IA-7d21cae6:13b6988ce01:-7f1a','ACTIVE','4-02-02-200','MINOR OPERATION',NULL,'REVENUE','GENERAL','01','GENERAL-PROPER',0.00,'ANY',NULL,NULL,NULL,0,0,0),('IA-7d21cae6:13b6988ce01:-7f1f','ACTIVE','4-02-02-200','OXYGEN',NULL,'REVENUE','GENERAL','01','GENERAL-PROPER',0.00,'ANY',NULL,NULL,NULL,0,0,0),('IA-7d21cae6:13b6988ce01:-7f2d','ACTIVE','4-02-01-990','PROFESSIONAL FEE',NULL,'REVENUE','GENERAL','01','GENERAL-PROPER',0.00,'ANY',NULL,NULL,NULL,0,0,0),('IA-7d21cae6:13b6988ce01:-7f33','ACTIVE','4-02-02-200','LIVE BIRTH',NULL,'REVENUE','GENERAL','01','GENERAL-PROPER',0.00,'ANY',NULL,NULL,NULL,0,0,0),('IA-7d21cae6:13b6988ce01:-7f36','ACTIVE','4-02-02-200','MEDICAL CERTIFICATE (HOSPITAL)',NULL,'REVENUE','GENERAL','01','GENERAL-PROPER',0.00,'ANY',NULL,NULL,NULL,0,0,0),('IA-7d21cae6:13b6988ce01:-7f40','ACTIVE','4-02-02-200','DRESSING (HOSPITAL)',NULL,'REVENUE','GENERAL','01','GENERAL-PROPER',0.00,'ANY',NULL,NULL,NULL,0,0,0),('IA-7d21cae6:13b6988ce01:-7f4d','ACTIVE','4-02-02-200','NEBULIZATION FEE (HOSPITAL)',NULL,'REVENUE','GENERAL','01','GENERAL-PROPER',0.00,'ANY',NULL,NULL,NULL,0,0,0),('IA-7d21cae6:13b6988ce01:-7f54','ACTIVE','4-02-02-200','HOSPITAL FEE',NULL,'REVENUE','GENERAL','01','GENERAL-PROPER',0.00,'ANY',NULL,NULL,NULL,0,0,0),('IA-7d21cae6:13b6988ce01:-7f8b','ACTIVE','4-02-02-200','MEDICINE (HOSPITAL)',NULL,'REVENUE','GENERAL','01','GENERAL-PROPER',0.00,'ANY',NULL,NULL,NULL,0,0,0),('IA-7d21cae6:13b6988ce01:-7fd1','ACTIVE','439-0066','PERFORMANCE BOND',NULL,'REVENUE','TRUST','03','TRUST-PROPER',0.00,'ANY',NULL,NULL,NULL,0,0,0),('IA-7db08326:147322aad2b:-7698','ACTIVE','4-02-02-090','REPAIR OF DISTRIBUTION PIPELINE',NULL,'REVENUE','GENERAL','01','GENERAL-PROPER',0.00,'ANY',NULL,NULL,NULL,0,0,0),('IA-7db08326:147322aad2b:-79ae','ACTIVE','4-02-01-990','AFFILIATION FEE TCH (TF)',NULL,'REVENUE','TRUST','03','TRUST-PROPER',0.00,'ANY',NULL,NULL,NULL,0,0,0),('IA-7db08326:147322aad2b:-7a1d','ACTIVE','4-02-01-020-01','REGISTRATION FEE FOR TANOD SEMINAR',NULL,'REVENUE','TRUST','03','TRUST-PROPER',0.00,'ANY',NULL,NULL,NULL,0,0,0),('IA-a79a226:14d73ae43ea:-7fe1','ACTIVE','4-01-02-050','RPT SHARE GLOBE (50% SEF)',NULL,'REVENUE','SEF','02','SEF-PROPER',0.00,'ANY',NULL,NULL,NULL,0,0,0),('IA10fb7394:13b8c789670:-7dcf','ACTIVE','4-01-04-990','TAX ADVERTISEMENT (MARKET)',NULL,'REVENUE','GENERAL','01','GENERAL-PROPER',0.00,'ANY',NULL,NULL,NULL,0,0,0),('IA10fb7394:13b8c789670:-7dd2','ACTIVE','4-01-04-990','TAX ON ADVERTISEMENT (MUNICIPAL)',NULL,'REVENUE','GENERAL','01','GENERAL-PROPER',0.00,'ANY',NULL,NULL,NULL,0,0,0),('IA10fb7394:13b8c789670:-7de6','ACTIVE','4-02-01-010-11','MAYORS PERMIT (TARPAULIN)',NULL,'REVENUE','GENERAL','01','GENERAL-PROPER',0.00,'ANY',NULL,NULL,NULL,0,0,0),('IA11983906:14be720e997:-79f3','ACTIVE','4-02-02-990','SALE OF CASH TICKET',NULL,'REVENUE','GENERAL','01','GENERAL-PROPER',0.00,'ANY',NULL,NULL,NULL,0,0,0),('IA11b5e71a:13cb71ccf9d:-7fe6','ACTIVE','4-02-02-100','ELECTRIC BILL ON TENNIS COURT - TCH',NULL,'REVENUE','TRUST','03','TRUST-PROPER',0.00,'ANY',NULL,NULL,NULL,0,0,0),('IA11f445a5:158747d55a6:-7e06','ACTIVE','4-02-02-050','SOUND SYSTEM RENTAL (CULTURAL)',NULL,'REVENUE','GENERAL','01','GENERAL-PROPER',0.00,'ANY',NULL,NULL,NULL,0,0,0),('IA13ffa26e:14972f1734b:-7a3e','ACTIVE','4-06-01-010','XEROX COPY (MAYORS OFFICE)',NULL,'REVENUE','GENERAL','01','GENERAL-PROPER',0.00,'ANY',NULL,NULL,NULL,0,0,0),('IA17a22aea:151468de413:-7b45','ACTIVE','4-02-02-980','PENALTY FOR VIOLATION OF MUN. ORD. NO. 2004-02-197 (MARKET)',NULL,'REVENUE','GENERAL','01','GENERAL-PROPER',0.00,'ANY',NULL,NULL,NULL,0,0,0),('IA1b809310:1488b2bb8a8:-7f60','ACTIVE','4-02-02-980','WATER (PENALTY)',NULL,'REVENUE','GENERAL','01','GENERAL-PROPER',0.00,'ANY',NULL,NULL,NULL,0,0,0),('IA29510c20:15744c437f5:-7c43','ACTIVE','4-02-01-130-2E','LCR SUBSCRIPTION FEE',NULL,'REVENUE','GENERAL','01','GENERAL-PROPER',0.00,'ANY',NULL,NULL,NULL,0,0,0),('IA2971bc76:1407502d12f:-791b','ACTIVE','4-02-02-980','PENALTY FOR ILLEGAL HAULING (SAND & GRAVEL)',NULL,'REVENUE','TRUST','03','TRUST-PROPER',0.00,'ANY',NULL,NULL,NULL,0,0,0),('IA2e4cb212:13d5be72917:-7fd0','ACTIVE','4-02-02-090','WATER (TRANSFER OF NAME)',NULL,'REVENUE','GENERAL','01','GENERAL-PROPER',0.00,'ANY',NULL,NULL,NULL,0,0,0),('IA2e5b2039:13b446bfe57:-7910','ACTIVE','4-02-01-010-10','FEES ON WEIGHTS AND MEASURE',NULL,'REVENUE','GENERAL','01','GENERAL-PROPER',0.00,'ANY',NULL,NULL,NULL,0,0,0),('IA2e5b2039:13b446bfe57:-7aad','ACTIVE','4-02-02-150','SLAUGHTER FEES',NULL,'REVENUE','GENERAL','01','GENERAL-PROPER',0.00,'ANY',NULL,NULL,NULL,0,0,0),('IA2e5b2039:13b446bfe57:-7b00','ACTIVE','4-02-02-990','CASH TICKET (MARKET)',NULL,'REVENUE','GENERAL','01','GENERAL-PROPER',0.00,'ANY',NULL,NULL,NULL,0,0,0),('IA2e5b2039:13b446bfe57:-7c38','ACTIVE','4-01-04-990','GROSS SALES TAX',NULL,'REVENUE','GENERAL','01','GENERAL-PROPER',0.00,'ANY',NULL,NULL,NULL,0,0,0),('IA2e5b2039:13b446bfe57:-7c3c','ACTIVE','4-02-02-220','INTEREST INCOME',NULL,'REVENUE','GENERAL','01','GENERAL-PROPER',0.00,'ANY',NULL,NULL,NULL,0,0,0),('IA2e5b2039:13b446bfe57:-7c45','ACTIVE','4-02-02-980','SURCHARGE',NULL,'REVENUE','GENERAL','01','GENERAL-PROPER',0.00,'ANY',NULL,NULL,NULL,0,0,0),('IA2e5b2039:13b446bfe57:-7c6c','ACTIVE','4-02-02-990','OWNERSHIP OF LARGE CATTLE',NULL,'REVENUE','GENERAL','01','GENERAL-PROPER',0.00,'ANY',NULL,NULL,NULL,0,0,0),('IA2e5b2039:13b446bfe57:-7c6f','ACTIVE','4-02-01-990','TRANSFER OF LARGE CATTLE',NULL,'REVENUE','GENERAL','01','GENERAL-PROPER',0.00,'ANY',NULL,NULL,NULL,0,0,0),('IA2e5b2039:13b446bfe57:-7cb1','ACTIVE','4-02-02-980','STRAY DOG',NULL,'REVENUE','GENERAL','01','GENERAL-PROPER',0.00,'ANY',NULL,NULL,NULL,0,0,0),('IA35060716:1442db71fec:-7e5f','ACTIVE','4-02-01-130-2D','LCR-ENDORSEMENT FEE',NULL,'REVENUE','GENERAL','01','GENERAL-PROPER',0.00,'ANY',NULL,NULL,NULL,0,0,0),('IA37ca1b6:13c1251c2d2:-76ec','ACTIVE','4-02-02-050','RENTAL OF FACILITIES GYM OR ETC.',NULL,'REVENUE','TRUST','03','TRUST-PROPER',0.00,'ANY',NULL,NULL,NULL,0,0,0),('IA392dbce0:13c365b1421:-7824','ACTIVE','4-06-01-010','SALE OF ACCOUNTABLE FORMS #51',NULL,'REVENUE','GENERAL','01','GENERAL-PROPER',0.00,'ANY',NULL,NULL,NULL,0,0,0),('IA3cd19498:13c3b890267:-7a0a','ACTIVE','439-0001','BIDDERS BOND',NULL,'REVENUE','TRUST','03','TRUST-PROPER',0.00,'ANY',NULL,NULL,NULL,0,0,0),('IA3f72bd36:15ea6aa7522:-7f1d','ACTIVE','4-02-01-040-05','CERTIFICATION FEE(MTO)',NULL,'REVENUE','GENERAL','01','GENERAL-PROPER',0.00,'ANY',NULL,NULL,NULL,0,0,0),('IA465cacfa:148beb41ddd:-7acb','ACTIVE','4-06-01-010','AIR CONDITIONER',NULL,'REVENUE','GENERAL','01','GENERAL-PROPER',0.00,'ANY',NULL,NULL,NULL,0,0,0),('IA465cacfa:148beb41ddd:-7ace','ACTIVE','4-06-01-010','MACHINERY',NULL,'REVENUE','GENERAL','01','GENERAL-PROPER',0.00,'ANY',NULL,NULL,NULL,0,0,0),('IA465cacfa:148beb41ddd:-7ad1','ACTIVE','4-06-01-010','GENERATOR',NULL,'REVENUE','GENERAL','01','GENERAL-PROPER',0.00,'ANY',NULL,NULL,NULL,0,0,0),('IA465cacfa:148beb41ddd:-7ad4','ACTIVE','4-06-01-010','AUTOMATIC MANUAL PANEL',NULL,'REVENUE','GENERAL','01','GENERAL-PROPER',0.00,'ANY',NULL,NULL,NULL,0,0,0),('IA465cacfa:148beb41ddd:-7ad7','ACTIVE','4-06-01-010','POWER DISTRIBUTION PANEL',NULL,'REVENUE','GENERAL','01','GENERAL-PROPER',0.00,'ANY',NULL,NULL,NULL,0,0,0),('IA465cacfa:148beb41ddd:-7ada','ACTIVE','4-06-01-010','LIGHTING DISTRIBUTION PANELS',NULL,'REVENUE','GENERAL','01','GENERAL-PROPER',0.00,'ANY',NULL,NULL,NULL,0,0,0),('IA4d96b8b6:13b3f2967a2:-7d50','ACTIVE','4-02-01-040','ZONING CERTIFICATE',NULL,'REVENUE','GENERAL','01','GENERAL-PROPER',0.00,'ANY',NULL,NULL,NULL,0,0,0),('IA4d96b8b6:13b3f2967a2:-7d70','ACTIVE','4-02-01-130-2I','CERTIFIED TRUE COPY OF TAX DEC.',NULL,'REVENUE','GENERAL','01','GENERAL-PROPER',0.00,'ANY',NULL,NULL,NULL,0,0,0),('IA4d96b8b6:13b3f2967a2:-7d79','ACTIVE','4-02-01-010-11','PARADE PER HOUR',NULL,'REVENUE','GENERAL','01','GENERAL-PROPER',0.00,'ANY',NULL,NULL,NULL,0,0,0),('IA4d96b8b6:13b3f2967a2:-7d7c','ACTIVE','4-02-01-010-11','RAFFLE DRAW PER ACTIVITY',NULL,'REVENUE','GENERAL','01','GENERAL-PROPER',0.00,'ANY',NULL,NULL,NULL,0,0,0),('IA4d96b8b6:13b3f2967a2:-7d7f','ACTIVE','4-02-01-010-11','POLICAL RALLY/PARADE PER ACTIVITY',NULL,'REVENUE','GENERAL','01','GENERAL-PROPER',0.00,'ANY',NULL,NULL,NULL,0,0,0),('IA4d96b8b6:13b3f2967a2:-7d82','ACTIVE','4-02-01-010-11','MAYORS AFFIDAVIT',NULL,'REVENUE','GENERAL','01','GENERAL-PROPER',0.00,'ANY',NULL,NULL,NULL,0,0,0),('IA4d96b8b6:13b3f2967a2:-7d90','ACTIVE','4-02-01-150','REGISTRATION FEE (PUMPBOAT)',NULL,'REVENUE','GENERAL','01','GENERAL-PROPER',0.00,'ANY',NULL,NULL,NULL,0,0,0),('IA4d96b8b6:13b3f2967a2:-7d93','ACTIVE','4-02-01-150','LICENSE (FISHERY)',NULL,'REVENUE','GENERAL','01','GENERAL-PROPER',0.00,'ANY',NULL,NULL,NULL,0,0,0),('IA4d96b8b6:13b3f2967a2:-7d9f','ACTIVE','4-02-01-010-11','ADVERTISEMENT / SURCHARGE (FUND PROPER)',NULL,'REVENUE','GENERAL','01','GENERAL-PROPER',0.00,'ANY',NULL,NULL,NULL,0,0,0),('IA4d96b8b6:13b3f2967a2:-7da2','ACTIVE','4-02-01-010-11','FRANCHISING (FUND PROPER)',NULL,'REVENUE','GENERAL','01','GENERAL-PROPER',0.00,'ANY',NULL,NULL,NULL,0,0,0),('IA4d96b8b6:13b3f2967a2:-7e0f','ACTIVE','4-02-01-040-05','MAYORS CLEARANCE',NULL,'REVENUE','GENERAL','01','GENERAL-PROPER',0.00,'ANY',NULL,NULL,NULL,0,0,0),('IA4d96b8b6:13b3f2967a2:-7e20','ACTIVE','4-02-01-010-11','DISCO',NULL,'REVENUE','GENERAL','01','GENERAL-PROPER',0.00,'ANY',NULL,NULL,NULL,0,0,0),('IA4d96b8b6:13b3f2967a2:-7e29','ACTIVE','4-02-01-010-11','BENEFIT DANCE',NULL,'REVENUE','GENERAL','01','GENERAL-PROPER',0.00,'ANY',NULL,NULL,NULL,0,0,0),('IA4d96b8b6:13b3f2967a2:-7e3b','ACTIVE','4-02-01-040-05','CLEARANCE TO SHIP (COCKFIGHTING)',NULL,'REVENUE','GENERAL','01','GENERAL-PROPER',0.00,'ANY',NULL,NULL,NULL,0,0,0),('IA4d96b8b6:13b3f2967a2:-7e3f','ACTIVE','4-02-01-040-05','CLEARANCE TO SHIP (DOG - NATIVE)',NULL,'REVENUE','GENERAL','01','GENERAL-PROPER',0.00,'ANY',NULL,NULL,NULL,0,0,0),('IA4d96b8b6:13b3f2967a2:-7e42','ACTIVE','4-02-01-040-05','CLEARANCE TO SHIP (GOATS)',NULL,'REVENUE','GENERAL','01','GENERAL-PROPER',0.00,'ANY',NULL,NULL,NULL,0,0,0),('IA4d96b8b6:13b3f2967a2:-7e45','ACTIVE','4-02-01-040-05','CLEARANCE TO SHIP (HOGS)',NULL,'REVENUE','GENERAL','01','GENERAL-PROPER',0.00,'ANY',NULL,NULL,NULL,0,0,0),('IA4d96b8b6:13b3f2967a2:-7e48','ACTIVE','4-02-01-040-05','CLEARANCE TO SHIP (LARGE CATTLE)',NULL,'REVENUE','GENERAL','01','GENERAL-PROPER',0.00,'ANY',NULL,NULL,NULL,0,0,0),('IA4d96b8b6:13b3f2967a2:-7e4f','ACTIVE','4-02-01-130-1C','LCR FEE',NULL,'REVENUE','GENERAL','01','GENERAL-PROPER',0.00,'ANY',NULL,NULL,NULL,0,0,0),('IA4d96b8b6:13b3f2967a2:-7e63','ACTIVE','4-02-01-010-11','MAYORS PERMIT',NULL,'REVENUE','GENERAL','01','GENERAL-PROPER',0.00,'ANY',NULL,NULL,NULL,0,0,0),('IA4d96b8b6:13b3f2967a2:-7e66','ACTIVE','4-02-01-040-05','ASSESSOR\'S CERTIFICATION',NULL,'REVENUE','GENERAL','01','GENERAL-PROPER',0.00,'ANY',NULL,NULL,NULL,0,0,0),('IA4d96b8b6:13b3f2967a2:-7e69','ACTIVE','4-02-02-050','SPACE RENTAL',NULL,'REVENUE','GENERAL','01','GENERAL-PROPER',0.00,'ANY',NULL,NULL,NULL,0,0,0),('IA4d96b8b6:13b3f2967a2:-7e6c','ACTIVE','4-02-02-050','STALL RENTAL',NULL,'REVENUE','GENERAL','01','GENERAL-PROPER',0.00,'ANY',NULL,NULL,NULL,0,0,0),('IA4d96b8b6:13b3f2967a2:-7e79','ACTIVE','4-02-01-010-11','PLUMBING INSTALLATION FEE',NULL,'REVENUE','GENERAL','01','GENERAL-PROPER',0.00,'ANY',NULL,NULL,NULL,0,0,0),('IA4d96b8b6:13b3f2967a2:-7e9a','ACTIVE','4-02-01-040-05','LOCATIONAL CLEARANCE',NULL,'REVENUE','GENERAL','01','GENERAL-PROPER',0.00,'ANY',NULL,NULL,NULL,0,0,0),('IA4d96b8b6:13b3f2967a2:-7ebe','ACTIVE','4-02-01-040-05','SUBSCRIPTION FEE',NULL,'REVENUE','GENERAL','01','GENERAL-PROPER',0.00,'ANY',NULL,NULL,NULL,0,0,0),('IA4d96b8b6:13b3f2967a2:-7ec8','ACTIVE','4-02-01-130-2F','LCR-FILING FEE RA 9048',NULL,'REVENUE','GENERAL','01','GENERAL-PROPER',0.00,'ANY',NULL,NULL,NULL,0,0,0),('IA4d96b8b6:13b3f2967a2:-7edf','ACTIVE','4-02-01-040-05','MAYORS CERTIFICATION FEE',NULL,'REVENUE','GENERAL','01','GENERAL-PROPER',0.00,'ANY',NULL,NULL,NULL,0,0,0),('IA4d96b8b6:13b3f2967a2:-7eee','ACTIVE','4-02-01-040-05','CERTIFICATION FEE FOR POLICE',NULL,'REVENUE','GENERAL','01','GENERAL-PROPER',0.00,'ANY',NULL,NULL,NULL,0,0,0),('IA4d96b8b6:13b3f2967a2:-7ef1','ACTIVE','4-06-01-010','POLICE BLOTTER REPORT',NULL,'REVENUE','GENERAL','01','GENERAL-PROPER',0.00,'ANY',NULL,NULL,NULL,0,0,0),('IA4d96b8b6:13b3f2967a2:-7ef8','ACTIVE','4-02-01-130-1Y','ADDITIONAL PAYMENT',NULL,'REVENUE','GENERAL','01','GENERAL-PROPER',0.00,'ANY',NULL,NULL,NULL,0,0,0),('IA4d96b8b6:13b3f2967a2:-7efb','ACTIVE','4-02-01-130-1X','LCR-CORRECTION OF CLERICAL ERROR',NULL,'REVENUE','GENERAL','01','GENERAL-PROPER',0.00,'ANY',NULL,NULL,NULL,0,0,0),('IA4d96b8b6:13b3f2967a2:-7efe','ACTIVE','4-02-01-130-1W','LCR-LEGITIMATION FEE',NULL,'REVENUE','GENERAL','01','GENERAL-PROPER',0.00,'ANY',NULL,NULL,NULL,0,0,0),('IA4d96b8b6:13b3f2967a2:-7f01','ACTIVE','4-02-01-020','LCR-LATE REGISTRATION FEE',NULL,'REVENUE','GENERAL','01','GENERAL-PROPER',0.00,'ANY',NULL,NULL,NULL,0,0,0),('IA4d96b8b6:13b3f2967a2:-7f08','ACTIVE','4-02-01-130-1V','LCR-BIRTH UNDER RA 9255/ RA 9257',NULL,'REVENUE','GENERAL','01','GENERAL-PROPER',0.00,'ANY',NULL,NULL,NULL,0,0,0),('IA4d96b8b6:13b3f2967a2:-7f0b','ACTIVE','4-02-01-040-05','LCR-ISSUANCE OF BIRTH',NULL,'REVENUE','GENERAL','01','GENERAL-PROPER',0.00,'ANY',NULL,NULL,NULL,0,0,0),('IA4d96b8b6:13b3f2967a2:-7f0e','ACTIVE','4-02-01-130-1U','LCR-BREQS SERVICE FEE',NULL,'REVENUE','GENERAL','01','GENERAL-PROPER',200.00,'ANY',NULL,NULL,NULL,0,0,0),('IA4d96b8b6:13b3f2967a2:-7f15','ACTIVE','4-02-01-130-1T','PETITION',NULL,'REVENUE','GENERAL','01','GENERAL-PROPER',0.00,'ANY',NULL,NULL,NULL,0,0,0),('IA4d96b8b6:13b3f2967a2:-7f1b','ACTIVE','4-02-01-130-1S','LCR-APPLICATION FOR MARRIAGE LICENCE',NULL,'REVENUE','GENERAL','01','GENERAL-PROPER',0.00,'ANY',NULL,NULL,NULL,0,0,0),('IA4d96b8b6:13b3f2967a2:-7f21','ACTIVE','4-02-01-130-1R','LCR-MARRIAGE COUNSELING',NULL,'REVENUE','GENERAL','01','GENERAL-PROPER',0.00,'ANY',NULL,NULL,NULL,0,0,0),('IA4d96b8b6:13b3f2967a2:-7f27','ACTIVE','4-02-01-040-05','LCR-MARRIAGE CERTIFICATION FEE (ABROAD)',NULL,'REVENUE','GENERAL','01','GENERAL-PROPER',0.00,'ANY',NULL,NULL,NULL,0,0,0),('IA4d96b8b6:13b3f2967a2:-7f2a','ACTIVE','4-02-01-040-05','LCR-MARRIAGE CERT. (LOCAL)',NULL,'REVENUE','GENERAL','01','GENERAL-PROPER',0.00,'ANY',NULL,NULL,NULL,0,0,0),('IA4d96b8b6:13b3f2967a2:-7f2d','ACTIVE','4-02-01-040-05','CLEARANCE TO TRANSPORT (LUMBER)',NULL,'REVENUE','GENERAL','01','GENERAL-PROPER',0.00,'ANY',NULL,NULL,NULL,0,0,0),('IA4d96b8b6:13b3f2967a2:-7f56','ACTIVE','4-01-01-050','CTC (MUN. SHARE 50%)',NULL,'REVENUE','GENERAL','01','GENERAL-PROPER',0.00,'ANY',NULL,NULL,NULL,0,0,0),('IA4d96b8b6:13b3f2967a2:-7f59','ACTIVE','418-0040','CTC (BARANGAY SHARE 50%)',NULL,'REVENUE','GENERAL','01','GENERAL-PROPER',0.00,'ANY',NULL,NULL,NULL,0,0,0),('IA4d96b8b6:13b3f2967a2:-7f5c','ACTIVE','4-02-01-040-01','POLICE CLEARANCE (OTHERS)',NULL,'REVENUE','GENERAL','01','GENERAL-PROPER',0.00,'ANY',NULL,NULL,NULL,0,0,0),('IA4d96b8b6:13b3f2967a2:-7f61','ACTIVE','4-02-01-040-01','POLICE CLEARANCE (EMPLOYMENT)',NULL,'REVENUE','GENERAL','01','GENERAL-PROPER',0.00,'ANY',NULL,NULL,NULL,0,0,0),('IA4d96b8b6:13b3f2967a2:-7f6a','ACTIVE','4-02-01-040-01','POLICE CLEAREANCE (ABROAD)',NULL,'REVENUE','GENERAL','01','GENERAL-PROPER',0.00,'ANY',NULL,NULL,NULL,0,0,0),('IA4d96b8b6:13b3f2967a2:-7f74','ACTIVE','4-06-01-010','SALE OF BOOKLET (AF 51)',NULL,'REVENUE','GENERAL','01','GENERAL-PROPER',0.00,'ANY',NULL,NULL,NULL,0,0,0),('IA4d96b8b6:13b3f2967a2:-7f77','ACTIVE','4-06-01-010','SALE OF BOOKLET (CTC)',NULL,'REVENUE','GENERAL','01','GENERAL-PROPER',0.00,'ANY',NULL,NULL,NULL,0,0,0),('IA4d96b8b6:13b3f2967a2:-7f80','ACTIVE','4-02-01-040-05','LCR-BIRTH CERTIFICATE (ABROAD)',NULL,'REVENUE','GENERAL','01','GENERAL-PROPER',0.00,'ANY',NULL,NULL,NULL,0,0,0),('IA4d96b8b6:13b3f2967a2:-7f83','ACTIVE','4-02-01-040-05','LCR-BIRTH CERTIFICATE (LOCAL)',NULL,'REVENUE','GENERAL','01','GENERAL-PROPER',0.00,'ANY',NULL,NULL,NULL,0,0,0),('IA4d96b8b6:13b3f2967a2:-7f88','ACTIVE','4-02-02-090','WATER (POWER RATE ADJUSTMENT)',NULL,'REVENUE','GENERAL','01','GENERAL-PROPER',0.00,'ANY',NULL,NULL,NULL,0,0,0),('IA4d96b8b6:13b3f2967a2:-7f8c','ACTIVE','4-02-02-090','WATER (RECONNECTION FEE)',NULL,'REVENUE','GENERAL','01','GENERAL-PROPER',0.00,'ANY',NULL,NULL,NULL,0,0,0),('IA4d96b8b6:13b3f2967a2:-7f8f','ACTIVE','4-02-02-090','WATER (MEMBERSHIP FEE)',NULL,'REVENUE','GENERAL','01','GENERAL-PROPER',0.00,'ANY',NULL,NULL,NULL,0,0,0),('IA4d96b8b6:13b3f2967a2:-7f92','ACTIVE','4-02-02-090','WATER BILL',NULL,'REVENUE','GENERAL','01','GENERAL-PROPER',0.00,'ANY',NULL,NULL,NULL,0,0,0),('IA4d96b8b6:13b3f2967a2:-7f9e','ACTIVE','4-02-01-130-2L','SKETCH PLAN',NULL,'REVENUE','GENERAL','01','GENERAL-PROPER',0.00,'ANY',NULL,NULL,NULL,0,0,0),('IA4d96b8b6:13b3f2967a2:-7fa5','ACTIVE','4-02-01-130-2M','VICINITY MAP',NULL,'REVENUE','GENERAL','01','GENERAL-PROPER',0.00,'ANY',NULL,NULL,NULL,0,0,0),('IA4d96b8b6:13b3f2967a2:-7fad','ACTIVE','4-02-01-040-05','CERTIFICATE OF LANDHOLDINGS',NULL,'REVENUE','GENERAL','01','GENERAL-PROPER',0.00,'ANY',NULL,NULL,NULL,0,0,0),('IA4d96b8b6:13b3f2967a2:-7fc0','ACTIVE','4-02-01-040-05','COMMUNITY TAX CLEARANCE',NULL,'REVENUE','GENERAL','01','GENERAL-PROPER',0.00,'ANY',NULL,NULL,NULL,0,0,0),('IA4d96b8b6:13b3f2967a2:-7fe1','ACTIVE','4-02-01-010-11','BUSINESS PLATE PERMITS',NULL,'REVENUE','GENERAL','01','GENERAL-PROPER',0.00,'ANY',NULL,NULL,NULL,0,0,0),('IA4d96b8b6:13b3f2967a2:-7fe3','ACTIVE','4-02-02-190','SANITARY FEE',NULL,'REVENUE','GENERAL','01','GENERAL-PROPER',0.00,'ANY',NULL,NULL,NULL,0,0,0),('IA4d96b8b6:13b3f2967a2:-7fe5','ACTIVE','4-02-02-200','MEDICAL CERTIFICATE','MEDICAL CERTIFICATE','REVENUE','GENERAL','01','GENERAL-PROPER',100.00,'FIXEDUNIT',NULL,NULL,NULL,0,0,0),('IA4d96b8b6:13b3f2967a2:-7fe9','ACTIVE','4-02-02-190','GARBAGE FEE',NULL,'REVENUE','GENERAL','01','GENERAL-PROPER',0.00,'ANY',NULL,NULL,NULL,0,0,0),('IA4d96b8b6:13b3f2967a2:-7feb','ACTIVE','4-02-01-040-01','POLICE CLEARANCE',NULL,'REVENUE','GENERAL','01','GENERAL-PROPER',0.00,'ANY',NULL,NULL,NULL,0,0,0),('IA4dfc9642:158cc3fce7b:-7cbf','ACTIVE','4-02-01-040-05','CERTIFICATION FEE(BUILDING)',NULL,'REVENUE','GENERAL','01','GENERAL-PROPER',0.00,'ANY',NULL,NULL,NULL,0,0,0),('IA4e48a106:13b6d93d022:-7d11','ACTIVE','4-02-02-990','OWNERSHIP',NULL,'REVENUE','GENERAL','01','GENERAL-PROPER',0.00,'ANY',NULL,NULL,NULL,0,0,0),('IA4e48a106:13b6d93d022:-7d2c','ACTIVE','4-02-01-990','LCR-MARRIAGE FEES',NULL,'REVENUE','GENERAL','01','GENERAL-PROPER',0.00,'ANY',NULL,NULL,NULL,0,0,0),('IA4e48a106:13b6d93d022:-7d35','ACTIVE','4-02-02-980','PENALTY FOR OPERATING W/O FRANCHISE',NULL,'REVENUE','GENERAL','01','GENERAL-PROPER',0.00,'ANY',NULL,NULL,NULL,0,0,0),('IA4e48a106:13b6d93d022:-7d38','ACTIVE','4-02-02-980','PENALTY FOR LATE RENEWAL',NULL,'REVENUE','GENERAL','01','GENERAL-PROPER',0.00,'ANY',NULL,NULL,NULL,0,0,0),('IA4e48a106:13b6d93d022:-7ddd','ACTIVE','4-02-01-010-11','TRANSFER OF OWNERSHIP',NULL,'REVENUE','GENERAL','01','GENERAL-PROPER',0.00,'ANY',NULL,NULL,NULL,0,0,0),('IA4e48a106:13b6d93d022:-7e11','ACTIVE','4-02-02-990','IN LEIU OF C.T. (TOLL ROADS)',NULL,'REVENUE','GENERAL','01','GENERAL-PROPER',0.00,'ANY',NULL,NULL,NULL,0,0,0),('IA4e48a106:13b6d93d022:-7e45','ACTIVE','4-02-02-990','C.T. TOILET FEES (P2.00)',NULL,'REVENUE','GENERAL','01','GENERAL-PROPER',0.00,'ANY',NULL,NULL,NULL,0,0,0),('IA4e48a106:13b6d93d022:-7e47','ACTIVE','4-02-02-990','C.T. TOILET FEES (P1.00)',NULL,'REVENUE','GENERAL','01','GENERAL-PROPER',0.00,'ANY',NULL,NULL,NULL,0,0,0),('IA4e48a106:13b6d93d022:-7e4a','ACTIVE','4-02-02-120','CASH TICKET-PARKING FEE',NULL,'REVENUE','GENERAL','01','GENERAL-PROPER',0.00,'ANY',NULL,NULL,NULL,0,0,0),('IA4e48a106:13b6d93d022:-7f12','ACTIVE','4-02-01-040-05','CERTIFICATE OF IMPROVEMENTS',NULL,'REVENUE','GENERAL','01','GENERAL-PROPER',0.00,'ANY',NULL,NULL,NULL,0,0,0),('IA4e48a106:13b6d93d022:-7f17','ACTIVE','4-02-01-040-05','CERTIFICATE OF NO IMPROVEMENTS',NULL,'REVENUE','GENERAL','01','GENERAL-PROPER',0.00,'ANY',NULL,NULL,NULL,0,0,0),('IA4e48a106:13b6d93d022:-7f9f','ACTIVE','4-02-01-160','REGISTRATION FEE FOR WEIGHING SCALE',NULL,'REVENUE','GENERAL','01','GENERAL-PROPER',0.00,'ANY',NULL,NULL,NULL,0,0,0),('IA4e48a106:13b6d93d022:-7fbb','ACTIVE','4-02-01-990','MUNICIPAL SERVICE FEE (MSF)',NULL,'REVENUE','GENERAL','01','GENERAL-PROPER',0.00,'ANY',NULL,NULL,NULL,0,0,0),('IA5062344f:15620974c9f:-7f37','ACTIVE','4-02-01-020-01','REGISTRATION FEE FOR BRGY. CAPT./TREAURER SEMINAR',NULL,'REVENUE','TRUST','03','TRUST-PROPER',0.00,'ANY',NULL,NULL,NULL,0,0,0),('IA506bfea2:13b919602c1:-7c44','INACTIVE','4-02-02-050','STALL RENTAL (MUNICIPAL)',NULL,'REVENUE','GENERAL','01','GENERAL-PROPER',0.00,'ANY',NULL,NULL,NULL,0,0,0),('IA506bfea2:13b919602c1:-7c82','ACTIVE','4-02-01-040-05','LCR-BIRTH CERTIFICATION FEE',NULL,'REVENUE','GENERAL','01','GENERAL-PROPER',50.00,'FIXEDUNIT',NULL,NULL,NULL,0,0,0),('IA512283be:151129ce387:-7c72','ACTIVE','4-06-01-010','OVER REMITTANCE ON RPT (BASIC)',NULL,'REVENUE','GENERAL','01','GENERAL-PROPER',0.00,'ANY',NULL,NULL,NULL,0,0,0),('IA512283be:151129ce387:-7c99','ACTIVE','4-02-01-020-01','REGISTRATION FEE FOR BMBE',NULL,'REVENUE','GENERAL','01','GENERAL-PROPER',0.00,'ANY',NULL,NULL,NULL,0,0,0),('IA51e57c7d:13d1e25bc66:-7f49','ACTIVE','4-02-01-010-11','LCR-MARRIAGE LICENSE & FEE RECEIPT OF TWO PESOS',NULL,'REVENUE','GENERAL','01','GENERAL-PROPER',0.00,'ANY',NULL,NULL,NULL,0,0,0),('IA5668864f:15aab0b03fc:-7aeb','ACTIVE','4-02-01-040-05','CLEARANCE FEE FOR SCRAP METALS/JUNK MATERIALS',NULL,'REVENUE','GENERAL','01','GENERAL-PROPER',0.00,'ANY',NULL,NULL,NULL,0,0,0),('IA5e98cfc0:13df227d5ff:-7f6b','ACTIVE','4-06-01-010','FENCING FORM',NULL,'REVENUE','GENERAL','01','GENERAL-PROPER',0.00,'ANY',NULL,NULL,NULL,0,0,0),('IA61792d41:14cf80e1c80:-7934','ACTIVE','4-04-02-010','DONATION FOR LGU ACTIVITIES',NULL,'REVENUE','TRUST','03','TRUST-PROPER',0.00,'ANY',NULL,NULL,NULL,0,0,0),('IA65087:14388e14b33:-7e90','ACTIVE','4-04-02-010','CHRISTMAS DONATION FOR LGU',NULL,'REVENUE','GENERAL','01','GENERAL-PROPER',0.00,'ANY',NULL,NULL,NULL,0,0,0),('IA66a3f030:13cd0d82363:-7af9','ACTIVE','4-02-02-050','RENTAL OF SURVEYING INSTRUMENT',NULL,'REVENUE','GENERAL','01','GENERAL-PROPER',0.00,'ANY',NULL,NULL,NULL,0,0,0),('IA6d6c6d0:1410f76c7bc:-7f8a','ACTIVE','112','SHERIFF TRUST FUND DEPOSIT',NULL,'REVENUE','TRUST','03','TRUST-PROPER',0.00,'ANY',NULL,NULL,NULL,0,0,0),('IA6ed9c00b:13cb1ee2eec:-7f59','ACTIVE','4-06-01-010','RE-ISSUANCE OF SENIOR CITIZEN\'S ID',NULL,'REVENUE','GENERAL','01','GENERAL-PROPER',0.00,'ANY',NULL,NULL,NULL,0,0,0),('IA7ebf3a45:13ca7a681f8:-79f7','ACTIVE','4-02-01-130-2B','SUPPLEMENTAL REPORT',NULL,'REVENUE','GENERAL','01','GENERAL-PROPER',0.00,'ANY',NULL,NULL,NULL,0,0,0),('IA7ebf3a45:13ca7a681f8:-7a23','ACTIVE','148-005','REFUND OF CASH ADVANCE (SEF)',NULL,'REVENUE','SEF','02','SEF-PROPER',0.00,'ANY',NULL,NULL,NULL,0,0,0),('IA8367cd4:13bd9beacbf:-791f','ACTIVE','4-02-01-010-11','SUBDIVISION APPROVAL',NULL,'REVENUE','GENERAL','01','GENERAL-PROPER',0.00,'ANY',NULL,NULL,NULL,0,0,0),('IAe12c48:143bc6752c7:-7ffb','ACTIVE','4-02-01-040-05','CLEARANCE TO SHIP',NULL,'REVENUE','GENERAL','01','GENERAL-PROPER',0.00,'ANY',NULL,NULL,NULL,0,0,0),('IAfae5d48:140c75d6049:-7ac8','ACTIVE','4-02-02-150','POST MORTEM',NULL,'REVENUE','GENERAL','01','GENERAL-PROPER',0.00,'ANY',NULL,NULL,NULL,0,0,0),('IAfae5d48:140c75d6049:-7acb','ACTIVE','4-02-02-150','ANTE MORTEM',NULL,'REVENUE','GENERAL','01','GENERAL-PROPER',0.00,'ANY',NULL,NULL,NULL,0,0,0),('ITMACCT-19ade9ca:16fc59d0c14:-6613','ACTIVE','03-01','BFP SHARE',NULL,'REVENUE','TRUST','03','TRUST-PROPER',0.00,'ANY',NULL,NULL,NULL,0,0,0),('ITMACCT-1b88a2cd:169b2ddc4f9:-7d5f','ACTIVE','4-02-02-980','PAYAO',NULL,'REVENUE','GENERAL','01','GENERAL-PROPER',0.00,'ANY',NULL,NULL,NULL,NULL,NULL,0),('ITMACCT-1c437822:168ea0bdd71:-7bee','ACTIVE','4-02-01-150','MUN. ORD. NO. 7 SERIES OF 2015, ART. VIII, SEC.2 (FISHING PENALTY)',NULL,'REVENUE','GENERAL','01','GENERAL-PROPER',0.00,'ANY',NULL,NULL,NULL,NULL,NULL,0),('ITMACCT-1f50891a:16e96310a22:-7955','ACTIVE','-','MP FOR MEDICAL AIDE','MP FOR MEDICAL AIDE','REVENUE','GENERAL','01','GENERAL-PROPER',0.00,'ANY',NULL,NULL,NULL,0,0,0),('ITMACCT-1f50891a:16e96310a22:-79ac','ACTIVE','-','MP FOR MATCH MAKER','MP FOR MATCH MAKER','REVENUE','GENERAL','01','GENERAL-PROPER',0.00,'ANY',NULL,NULL,NULL,0,0,0),('ITMACCT-1f50891a:16e96310a22:-7a03','ACTIVE','-','MP FOR CASHIER','MP FOR CASHIER','REVENUE','GENERAL','01','GENERAL-PROPER',0.00,'ANY',NULL,NULL,NULL,0,0,0),('ITMACCT-1f50891a:16e96310a22:-7a5a','ACTIVE','-','MP FOR GAFFER','MP FOR GAFFER','REVENUE','GENERAL','01','GENERAL-PROPER',0.00,'ANY',NULL,NULL,NULL,0,0,0),('ITMACCT-1f50891a:16e96310a22:-7ab1','ACTIVE','-','MP FOR REFEREE','MP FOR REFEREE','REVENUE','GENERAL','01','GENERAL-PROPER',0.00,'ANY',NULL,NULL,NULL,0,0,0),('ITMACCT-1f50891a:16e96310a22:-7b08','ACTIVE','-','MP FOR BET TAKER','MP FOR BET TAKER','REVENUE','GENERAL','01','GENERAL-PROPER',0.00,'ANY',NULL,NULL,NULL,0,0,0),('ITMACCT-1f50891a:16e96310a22:-7b5f','ACTIVE','-','MP FOR BET MANAGER','MP FOR BET MANAGER','REVENUE','GENERAL','01','GENERAL-PROPER',0.00,'ANY',NULL,NULL,NULL,0,0,0),('ITMACCT-1f50891a:16e96310a22:-7bb8','ACTIVE','-','MP FOR COCKPIT MANGER PROMOTER','MP FOR COCKPIT MANGER PROMOTER','REVENUE','GENERAL','01','GENERAL-PROPER',0.00,'ANY',NULL,NULL,NULL,0,0,0),('ITMACCT-1f629dd6:1690354d8f3:-763c','ACTIVE','4-02-02-980','PENALTY FOR VIOLATION OF MUN. ORD. NO. 07 SERIES OF 2015',NULL,'REVENUE','GENERAL','01','GENERAL-PROPER',0.00,'ANY',NULL,NULL,NULL,NULL,NULL,0),('ITMACCT-1fd5a6f7:171de23032c:-7dad','ACTIVE','-','DONATION FOR COVID RESPONSE EXPENSES',NULL,'REVENUE','TRUST','03','TRUST-PROPER',0.00,'ANY',NULL,NULL,NULL,0,0,0),('ITMACCT-20203071:16a66fd53b5:-769f','ACTIVE','151','SPECIAL PERMIT',NULL,'REVENUE','GENERAL','01','GENERAL-PROPER',0.00,'ANY',NULL,NULL,NULL,NULL,NULL,0),('ITMACCT-205ebb04:17e7abbc357:-7c84','ACTIVE','-','SPECIAL RISK ALLOWANCE (SRA) GRANT FOR COVID 19',NULL,'REVENUE','TRUST','03','TRUST-PROPER',0.00,'ANY',NULL,NULL,NULL,0,0,0),('ITMACCT-28ce518e:17bc8902ac5:-7dda','ACTIVE','TF','PARTICIPATION INCENTIVES FOR KURADANG CONTEST',NULL,'REVENUE','TRUST','03','TRUST-PROPER',0.00,'ANY',NULL,NULL,NULL,0,0,0),('ITMACCT-2fa3490c:179d9a73883:-7ded','ACTIVE','EP-000020-VII','PAYMENT OF OCCUPATION FEE FOR EXPLORATION PROJECT','PAYMENT OF OCCUPATION FEE FOR EXPLORATION PROJECT','NONREVENUE','TRUST','03','TRUST-PROPER',0.00,'ANY',NULL,NULL,NULL,0,0,0),('ITMACCT-3368e080:170754f040a:-7d46','ACTIVE','4-02-02-980','VIOLATION OF R.A. 10654',NULL,'REVENUE','GENERAL','01','GENERAL-PROPER',0.00,'ANY',NULL,NULL,NULL,0,0,0),('ITMACCT-33be20dc:17489f399a7:-7d70','ACTIVE','-','PENALTY FOR VIOLATION OF MUN. ORDINANCE-NO SOCIAL DISTANCING',NULL,'REVENUE','GENERAL','01','GENERAL-PROPER',0.00,'ANY',NULL,NULL,NULL,0,0,0),('ITMACCT-39b81679:16ea1576488:-7e02','ACTIVE','-','REFUND OF FINANCIAL ASSISSTANCE FROM BARANGAY',NULL,'REVENUE','GENERAL','01','GENERAL-PROPER',0.00,'ANY',NULL,NULL,NULL,0,0,0),('ITMACCT-3f2469b3:16f16d5cd79:-799f','ACTIVE','-','PABASA SA NUTRITION OUTSTANDING MUNICIPALITY',NULL,'REVENUE','TRUST','03','TRUST-PROPER',0.00,'ANY',NULL,NULL,NULL,0,0,0),('ITMACCT-41059c47:1727911103a:-7cd9','ACTIVE','123','RETURN OF UNRELEASED SOCIAL PENSION PLAN',NULL,'REVENUE','TRUST','03','TRUST-PROPER',0.00,'ANY',NULL,NULL,NULL,0,0,0),('ITMACCT-41d2073c:17f71fe5870:-7d67','ACTIVE','-','FINANCIAL ASSISTANCE FOR TYPHOON ODETTE VICTIMS (EHAP) FROM NHA',NULL,'REVENUE','TRUST','03','TRUST-PROPER',0.00,'ANY',NULL,NULL,NULL,0,0,0),('ITMACCT-4227613c:17dfd737e57:-7d4a','ACTIVE','-','FINANCIAL ASSISTANCE FOR TYPHOON ODETTE',NULL,'REVENUE','TRUST','03','TRUST-PROPER',0.00,'ANY',NULL,NULL,NULL,0,0,0),('ITMACCT-429e32a6:1719fcad70c:-7dd1','ACTIVE','-','RETURN OF SAP CLAIMED',NULL,'REVENUE','TRUST','03','TRUST-PROPER',0.00,'ANY',NULL,NULL,NULL,0,0,0),('ITMACCT-42ddfc3b:16f68ca073b:4ec4','ACTIVE','-','AMUSEMENT TAX-30% ON ADMISSION FEE-PROVINCIAL SHARE 50%',NULL,'REVENUE','TRUST','03','TRUST-PROPER',0.00,'ANY',NULL,NULL,NULL,0,0,0),('ITMACCT-437b728:1719539f26f:-71b5','ACTIVE','-','VIOLATION OF MUN. ORDINANCE NO. 7 SERIES OF 2020',NULL,'REVENUE','GENERAL','01','GENERAL-PROPER',0.00,'ANY',NULL,NULL,NULL,0,0,0),('ITMACCT-44fce015:17e1dfbfbc7:-7cfd','ACTIVE','-','DUE TO BIR',NULL,'REVENUE','TRUST','03','TRUST-PROPER',0.00,'ANY',NULL,NULL,NULL,0,0,0),('ITMACCT-44fce015:17e1dfbfbc7:-7d70','ACTIVE','-','REFUND OF UNEXPENDED QRF',NULL,'REVENUE','GENERAL','01','GENERAL-PROPER',0.00,'ANY',NULL,NULL,NULL,0,0,0),('ITMACCT-46164a1d:175aaefab83:-76fc','ACTIVE','-','TAX ON POT MONEY ON DERBY (1%)',NULL,'REVENUE','GENERAL','01','GENERAL-PROPER',0.00,'ANY',NULL,NULL,NULL,0,0,0),('ITMACCT-470a21e4:16e8b2a881f:-683c','ACTIVE','-','PROVINCIAL MEET SHARE',NULL,'REVENUE','TRUST','03','TRUST-PROPER',0.00,'ANY',NULL,NULL,NULL,0,0,0),('ITMACCT-49764188:17c0aee08bf:-7de3','ACTIVE','-','FINANCIAL ASSISSTNCE TO LAW ENFORCEMENT FROM PTO',NULL,'REVENUE','TRUST','03','TRUST-PROPER',0.00,'ANY',NULL,NULL,NULL,0,0,0),('ITMACCT-4bb952d7:1685411c8e9:-46de','ACTIVE','4-02-01-130','CERTIFIED TRUE COPY-BUSINESS',NULL,'REVENUE','GENERAL','01','GENERAL-PROPER',0.00,'ANY',NULL,NULL,NULL,NULL,NULL,0),('ITMACCT-4e1e639c:17fd966165e:-7d2f','ACTIVE','-','TRANSFER OF BUSINESS LOCATION',NULL,'REVENUE','GENERAL','01','GENERAL-PROPER',0.00,'ANY',NULL,NULL,NULL,0,0,0),('ITMACCT-54b50632:16ae31ddcb9:-7d1f','ACTIVE','4-02-01-040-05','CERTIFICATE OF ENCUMBRANCE',NULL,'REVENUE','GENERAL','01','GENERAL-PROPER',0.00,'ANY',NULL,NULL,NULL,NULL,NULL,0),('ITMACCT-56576794:16c46532223:-7c8b','ACTIVE','0185-039','BIDDING FEE FOR THE ESTABLISHMENT AND OPERATION OF COCKPIT',NULL,'REVENUE','GENERAL','01','GENERAL-PROPER',0.00,'ANY',NULL,NULL,NULL,0,0,0),('ITMACCT-57ced442:16f0d18743c:-3f24','ACTIVE','2','9TH PLACE OUTSTANDING MNC',NULL,'NONREVENUE','TRUST','03','TRUST-PROPER',0.00,'ANY',NULL,NULL,NULL,0,0,0),('ITMACCT-57ced442:16f0d18743c:-3fb9','ACTIVE','1','TRANSFER OF FUNDS FOR THE CONSTRUCTION OF NATIONAL CHILD DEVELOPMENT CENTER','WITHIN THE MUNICIPALITY OF UBAY, PROVINCE OF BOHOL','NONREVENUE','TRUST','03','TRUST-PROPER',0.00,'ANY',NULL,NULL,NULL,0,0,0),('ITMACCT-58bcab2f:16a7781b00f:-7da4','ACTIVE','01354','RPF-ENCODING',NULL,'REVENUE','GENERAL','01','GENERAL-PROPER',0.00,'ANY',NULL,NULL,NULL,NULL,NULL,0),('ITMACCT-642cf6d6:177135c179d:-7b56','ACTIVE','-','ILLEGAL COCKFIGHTING-VIOLATION OF MUN. ORD. NO. 5 SERIES OF 2020',NULL,'REVENUE','GENERAL','01','GENERAL-PROPER',0.00,'ANY',NULL,NULL,NULL,0,0,0),('ITMACCT-655df3f4:171970abf78:-7dec','ACTIVE','-','RETURN OF UNRELEASED SOCIAL AMELIORATION FUND',NULL,'REVENUE','TRUST','03','TRUST-PROPER',0.00,'ANY',NULL,NULL,NULL,0,0,0),('ITMACCT-68555c14:169d640e1fe:da2','ACTIVE','04-01-19','FINANCIAL ASSISSTANCE (ESWM CASH INCENTIVE)',NULL,'REVENUE','GENERAL','01','GENERAL-PROPER',0.00,'ANY',NULL,NULL,NULL,NULL,NULL,0),('ITMACCT-6b0bba79:16cb6c72cd6:-7e13','ACTIVE','0185-0311','EXCAVATION/INSTALLATION OF CONCRETE POLES',NULL,'REVENUE','GENERAL','01','GENERAL-PROPER',0.00,'ANY',NULL,NULL,NULL,0,0,0),('ITMACCT-6c44de52:1719a2e20bc:-7ddd','ACTIVE','-','RETURN OF SAP CLAIMED IN BOOD, UBAY, DUPLICATION OF ENTRY',NULL,'REVENUE','TRUST','03','TRUST-PROPER',0.00,'ANY',NULL,NULL,NULL,0,0,0),('ITMACCT-6c700ead:16d5b8a354a:-7db7','ACTIVE','0185045','DAP LEARNERS-FOOD AND TRAVEL ALLOWANCE',NULL,'REVENUE','TRUST','03','TRUST-PROPER',0.00,'ANY',NULL,NULL,NULL,0,0,0),('ITMACCT-6fdb13e2:17cc9c6dac5:-7d61','ACTIVE','4-02-01-130-1K1','LCR-REGISTRATION OF LEGAL INSTRUMENT',NULL,'REVENUE','GENERAL','01','GENERAL-PROPER',200.00,'ANY',NULL,NULL,NULL,0,0,0),('ITMACCT-782600ed:176f407a72b:-41bf','ACTIVE','-','CERTIFICATION FEE (MDRRM)',NULL,'REVENUE','GENERAL','01','GENERAL-PROPER',0.00,'ANY',NULL,NULL,NULL,0,0,0),('ITMACCT-7bc9d3c7:16e6d8b57de:-7dea','ACTIVE','-','AID TO PROVINCIAL ATHLETIC MEET',NULL,'REVENUE','TRUST','03','TRUST-PROPER',0.00,'ANY',NULL,NULL,NULL,0,0,0),('ITMACCT-7e9665cd:1806e6671da:-7d72','ACTIVE','-','INSURANCE CLAIM FOR GOVERNMENT VEHICLES',NULL,'REVENUE','TRUST','03','TRUST-PROPER',0.00,'ANY',NULL,NULL,NULL,0,0,0),('ITMACCT-7f79c7f:17ed737167a:-7b31','ACTIVE','-','DAP-LEAD PROJECT',NULL,'REVENUE','TRUST','03','TRUST-PROPER',0.00,'ANY',NULL,NULL,NULL,0,0,0),('ITMACCT-86545ac:17f95e04f3b:-7d8c','ACTIVE','-','MNC AWARD',NULL,'REVENUE','TRUST','03','TRUST-PROPER',0.00,'ANY',NULL,NULL,NULL,0,0,0),('ITMACCT-c42d3d5:1734c0c1541:-7de3','ACTIVE','-','RETURN OF FINANCIAL AID FOR PTA PRESIDENT',NULL,'REVENUE','GENERAL','01','GENERAL-PROPER',0.00,'ANY',NULL,NULL,NULL,0,0,0),('ITMACCT-c48eee:16ca7d0af44:-78a9','ACTIVE','0185-037','ADAPTION OF CLIMATE AND DISASTER SMART TECHNOLOGIES',NULL,'REVENUE','TRUST','03','TRUST-PROPER',0.00,'ANY',NULL,NULL,NULL,0,0,0),('ITMACCT-f577f6b:177cc7b078b:-7af0','ACTIVE','AHDP','AHDP','SRA-ACTUAL HAZARD DUTY PAY','NONREVENUE','TRUST','03','TRUST-PROPER',0.00,'ANY',NULL,NULL,NULL,0,0,0),('ITMACCT128adb8b:1803a3063c9:-7c8a','ACTIVE','-','LCR-CERTIFICATION FEE',NULL,'REVENUE','GENERAL','01','GENERAL-PROPER',0.00,'ANY',NULL,NULL,NULL,0,0,0),('ITMACCT16542a8a:17206da9ea4:-7725','ACTIVE','4-02-01-150','SQUID POT',NULL,'REVENUE','GENERAL','01','GENERAL-PROPER',0.00,'ANY',NULL,NULL,NULL,0,0,0),('ITMACCT19a64d21:168cabce7f5:-6527','ACTIVE','4-06-01-010','SALE OF ACCOUNTABLE FORM #53',NULL,'REVENUE','GENERAL','01','GENERAL-PROPER',0.00,'ANY',NULL,NULL,NULL,NULL,NULL,0),('ITMACCT20f79482:167f2bbc68c:-427c','ACTIVE','131','OTHER REFUNDS',NULL,'REVENUE','GENERAL','01','GENERAL-PROPER',0.00,'ANY',NULL,NULL,NULL,NULL,NULL,0),('ITMACCT23433a35:167ba94229b:-67f2','ACTIVE','-','CASH IN BANK (TRUST-PROPER)',NULL,'CASH_IN_BANK',NULL,NULL,NULL,0.00,'ANY',NULL,NULL,NULL,NULL,NULL,0),('ITMACCT23433a35:167ba94229b:-683c','ACTIVE','-','CASH IN BANK (SEF-PROPER)',NULL,'CASH_IN_BANK',NULL,NULL,NULL,0.00,'ANY',NULL,NULL,NULL,NULL,NULL,0),('ITMACCT23433a35:167ba94229b:-68cf','ACTIVE','-','CASH IN BANK (GENERAL-PROPER)',NULL,'CASH_IN_BANK',NULL,NULL,NULL,0.00,'ANY',NULL,NULL,NULL,NULL,NULL,0),('ITMACCT24f9762d:16c048163b3:-794d','ACTIVE','4-01-01-050-B','CTC PENALTY CORPORATION','CTC PENALTY CORPORATION','REVENUE','GENERAL','01','GENERAL-PROPER',0.00,'ANY',NULL,NULL,NULL,0,0,0),('ITMACCT24f9762d:16c048163b3:-7a8f','ACTIVE','4-01-01-050-A','CTC PENALTY INDIVIDUAL','CTC PENALTY INDIVIDUAL','REVENUE','GENERAL','01','GENERAL-PROPER',0.00,'ANY',NULL,NULL,NULL,0,0,0),('ITMACCT25d221cc:16dc80b1b1a:-74ab','ACTIVE','0185-045','FINANCIAL ASSISSTANCE FOR 2ND CONGRESSIONAL DISTRICT ATHLETHIC MEET',NULL,'REVENUE','TRUST','03','TRUST-PROPER',0.00,'ANY',NULL,NULL,NULL,0,0,0),('ITMACCT26e0cf4c:16dce211a8f:-7e1a','ACTIVE','0185-046','FOOD AND TRANSPORTATION OF ALS EST LEARNERS',NULL,'REVENUE','TRUST','03','TRUST-PROPER',0.00,'ANY',NULL,NULL,NULL,0,0,0),('ITMACCT29866dbe:1778f410ae1:-7d85','ACTIVE','-','CERTIFICATE OF DETENTION-BJMP',NULL,'REVENUE','GENERAL','01','GENERAL-PROPER',0.00,'ANY',NULL,NULL,NULL,0,0,0),('ITMACCT2c1baa44:16f63d638f2:-155a','ACTIVE','-','TAX ON SULTADA FOR DERBY COCKFIGHT @ 20.00',NULL,'REVENUE','GENERAL','01','GENERAL-PROPER',0.00,'ANY',NULL,NULL,NULL,0,0,0),('ITMACCT2c1baa44:16f63d638f2:-15ca','ACTIVE','-','TAX ON SULTADA FOR ORDINARY COCKFIGHT/HACKFIGHT @ 10',NULL,'REVENUE','GENERAL','01','GENERAL-PROPER',0.00,'ANY',NULL,NULL,NULL,0,0,0),('ITMACCT2c1baa44:16f63d638f2:-53ed','ACTIVE','-','CRM-TOWER',NULL,'REVENUE','GENERAL','01','GENERAL-PROPER',0.00,'ANY',NULL,NULL,NULL,0,0,0),('ITMACCT3021f618:16f784e1898:-5e82','ACTIVE','-','PERMIT FEES AND RENTALS-TOWN FIESTA',NULL,'REVENUE','GENERAL','01','GENERAL-PROPER',0.00,'ANY',NULL,NULL,NULL,0,0,0),('ITMACCT3053ee47:17f906196a4:-7db7','ACTIVE','-','DONATION FOR TYPHOON ODETTE SEVERELY AFFECTED AREAS',NULL,'REVENUE','TRUST','03','TRUST-PROPER',0.00,'ANY',NULL,NULL,NULL,0,0,0),('ITMACCT3080147a:16ddc5ea7f2:-7e2f','ACTIVE','-','NATIONAL ECOSAVERS PROGRAM (NEP) FIN. ASST.',NULL,'REVENUE','TRUST','03','TRUST-PROPER',0.00,'ANY',NULL,NULL,NULL,0,0,0),('ITMACCT37954b70:16c50498b91:-7e27','ACTIVE','0185-0310','OTHER FEES',NULL,'REVENUE','GENERAL','01','GENERAL-PROPER',0.00,'ANY',NULL,NULL,NULL,0,0,0),('ITMACCT388543ae:17eb852f225:-7d5c','ACTIVE','-','CERTIFICATION FEE-TOURISM',NULL,'REVENUE','GENERAL','01','GENERAL-PROPER',0.00,'ANY',NULL,NULL,NULL,0,0,0),('ITMACCT3e075829:16e7d11cd4d:-7d4d','ACTIVE','-','SAND AND GRAVEL-MUNICIPAL SHARE FROM NATIONAL COLLECTION',NULL,'REVENUE','GENERAL','01','GENERAL-PROPER',0.00,'ANY',NULL,NULL,NULL,0,0,0),('ITMACCT41dfa98f:16697115263:-3e5d','ACTIVE','-','TERMINAL/WHARF FEE-CASH TICKET',NULL,'REVENUE','GENERAL','01','GENERAL-PROPER',0.00,'ANY',NULL,NULL,NULL,NULL,NULL,0),('ITMACCT41dfa98f:16697115263:-3eb4','ACTIVE','-','STALL RENTAL-MARKET (CASH TICKET)',NULL,'REVENUE','GENERAL','01','GENERAL-PROPER',0.00,'ANY',NULL,NULL,NULL,NULL,NULL,0),('ITMACCT4451e4ea:176ad2105b7:-750c','ACTIVE','-','REFUND OF WITHOLDING TAX FOR BAC HONORARIUM',NULL,'REVENUE','TRUST','03','TRUST-PROPER',0.00,'ANY',NULL,NULL,NULL,0,0,0),('ITMACCT4567afbe:16849e9b2cc:-2ed0','ACTIVE','4-02-02-090','WATER CONSUMPTION',NULL,'REVENUE','GENERAL','01','GENERAL-PROPER',0.00,'ANY',NULL,NULL,NULL,NULL,NULL,0),('ITMACCT460ae40f:16b680b93b4:-6dea','ACTIVE','0123-412-50','FINES',NULL,'REVENUE','GENERAL','01','GENERAL-PROPER',0.00,'ANY',NULL,NULL,NULL,NULL,NULL,0),('ITMACCT47dece26:1700d8c39f0:-4de7','ACTIVE','-','TECHNICAL SAFETY INSPECTION (MECHANICAL FEES)',NULL,'REVENUE','TRUST','03','TRUST-PROPER',0.00,'ANY',NULL,NULL,NULL,0,0,0),('ITMACCT47dece26:1700d8c39f0:-5ec1','ACTIVE','-','PROVISION OF SCIENCE AND TECHNOLOGY INTERVENTION FOR SMARTER LGU-UBAY',NULL,'REVENUE','TRUST','03','TRUST-PROPER',0.00,'ANY',NULL,NULL,NULL,0,0,0),('ITMACCT49f70b:16fab1e6b9b:-7872','ACTIVE','-','PRIVILEGE TO SELL-FIESTA',NULL,'REVENUE','GENERAL','01','GENERAL-PROPER',0.00,'ANY',NULL,NULL,NULL,1,0,0),('ITMACCT49f70b:16fab1e6b9b:-78ac','ACTIVE','-','WATER BILLS-FIESTA',NULL,'REVENUE','GENERAL','01','GENERAL-PROPER',0.00,'ANY',NULL,NULL,NULL,NULL,0,0),('ITMACCT49f70b:16fab1e6b9b:-7900','ACTIVE','-','SPACE RENTAL-FIESTA',NULL,'REVENUE','GENERAL','01','GENERAL-PROPER',0.00,'ANY',NULL,NULL,NULL,NULL,0,0),('ITMACCT49f70b:16fab1e6b9b:-7954','ACTIVE','-','TAX CLEARANCE-FIESTA',NULL,'REVENUE','GENERAL','01','GENERAL-PROPER',0.00,'ANY',NULL,NULL,NULL,NULL,0,0),('ITMACCT49f70b:16fab1e6b9b:-79a8','ACTIVE','-','SANITARY PERMIT FEE-FIESTA',NULL,'REVENUE','GENERAL','01','GENERAL-PROPER',0.00,'ANY',NULL,NULL,NULL,NULL,0,0),('ITMACCT49f70b:16fab1e6b9b:-79e2','ACTIVE','-','GARBAGE FEE-FIESTA',NULL,'REVENUE','GENERAL','01','GENERAL-PROPER',0.00,'ANY',NULL,NULL,NULL,0,0,0),('ITMACCT49f70b:16fab1e6b9b:-7a4b','ACTIVE','-','POLICE CLEARANCE-FIESTA',NULL,'REVENUE','GENERAL','01','GENERAL-PROPER',0.00,'ANY',NULL,NULL,NULL,NULL,0,0),('ITMACCT49f70b:16fab1e6b9b:-7aa3','ACTIVE','-','MAYORS PERMIT-FIESTA',NULL,'REVENUE','GENERAL','01','GENERAL-PROPER',0.00,'ANY',NULL,NULL,NULL,NULL,0,0),('ITMACCT529969d8:1694b7cdb74:-799c','ACTIVE','8-123-01','REFUND ON EXCESS OF WITHDRAWAL OF BAILBOND',NULL,'REVENUE','TRUST','03','TRUST-PROPER',0.00,'ANY',NULL,NULL,NULL,NULL,NULL,0),('ITMACCT5366d085:1747bd7bd9b:-7dd7','ACTIVE','-','PENALTY FOR VIOLATION OF MUN. ORDINANCE-NO MASK',NULL,'REVENUE','GENERAL','01','GENERAL-PROPER',0.00,'ANY',NULL,NULL,NULL,0,0,0),('ITMACCT538876d:168c5a519b7:-62f8','ACTIVE','4-02-06-01-010','MP FOR BODEGA (HARDWARE)',NULL,'REVENUE','GENERAL','01','GENERAL-PROPER',0.00,'ANY',NULL,NULL,NULL,NULL,NULL,0),('ITMACCT548983a2:16b2a75ebe9:-75bd','ACTIVE','4-0202-030','FINES IN CC NO. 7344-19',NULL,'REVENUE','GENERAL','01','GENERAL-PROPER',0.00,'ANY',NULL,NULL,NULL,NULL,NULL,0),('ITMACCT59b23d95:17b52e397e3:-7cfc','ACTIVE','-','RENTAL OF ROAD ROLLER VIBRATORY',NULL,'REVENUE','GENERAL','01','GENERAL-PROPER',0.00,'ANY',NULL,NULL,NULL,0,0,0),('ITMACCT59b23d95:17b52e397e3:-7d46','ACTIVE','-','RENTAL OF MOTOR GRADER 6D 125 ENGINE (KOMATSU)',NULL,'REVENUE','GENERAL','01','GENERAL-PROPER',0.00,'ANY',NULL,NULL,NULL,0,0,0),('ITMACCT59b23d95:17b52e397e3:-7d90','ACTIVE','-','RENTAL OF SELF-LOADER WITH BOOM TRUCK/LOWBED TRAILER WITH PRIM-OVER',NULL,'REVENUE','GENERAL','01','GENERAL-PROPER',0.00,'ANY',NULL,NULL,NULL,0,0,0),('ITMACCT59b23d95:17b52e397e3:-7ddd','ACTIVE','-','RENTAL OF ISUZU MAN LIFT 4 CYLINDER DIESEL ENGINE',NULL,'REVENUE','GENERAL','01','GENERAL-PROPER',0.00,'ANY',NULL,NULL,NULL,0,0,0),('ITMACCT5ba21c8b:17d74a3ef5a:-7309','ACTIVE','4-02-02-996','LABORATORY (COMPLETE BLOOD COUNT)','LABORATORY (COMPLETE BLOOD COUNT)','REVENUE','GENERAL','01','GENERAL-PROPER',150.00,'FIXEDUNIT',NULL,NULL,NULL,0,0,0),('ITMACCT5ba21c8b:17d74a3ef5a:-74d3','ACTIVE','4-02-02-995','LABORATORY (HEMOGLUCO TEST)','LABORATORY (HEMOGLUCO TEST)','REVENUE','GENERAL','01','GENERAL-PROPER',50.00,'FIXEDUNIT',NULL,NULL,NULL,0,0,0),('ITMACCT5ba21c8b:17d74a3ef5a:-78e7','ACTIVE','4-02-02-994','LABORATORY (URINE ANALYSIS)','LABORATORY (URINE ANALYSIS)','REVENUE','GENERAL','01','GENERAL-PROPER',50.00,'FIXEDUNIT',NULL,NULL,NULL,0,0,0),('ITMACCT5ba21c8b:17d74a3ef5a:-799e','ACTIVE','4-02-02-993','LABORATORY (PAPS SMEAR)','LABORATORY (PAPS SMEAR)','REVENUE','GENERAL','01','GENERAL-PROPER',90.00,'FIXEDUNIT',NULL,NULL,NULL,0,0,0),('ITMACCT5ba21c8b:17d74a3ef5a:-7b3a','ACTIVE','4-02-02-991','LABORATORY (STOOL EXAMINATION)','LABORATORY (STOOL EXAMINATION)','REVENUE','GENERAL','01','GENERAL-PROPER',50.00,'FIXEDUNIT',NULL,NULL,NULL,0,0,0),('ITMACCT5ba21c8b:17d74a3ef5a:-7c35','ACTIVE','4-02-02-992','LABORATORY (GRAND STAINING FOR VD CLEAR)','LABORATORY (GRAND STAINING FOR VD CLEAR)','REVENUE','GENERAL','01','GENERAL-PROPER',75.00,'FIXEDUNIT',NULL,NULL,NULL,0,0,0),('ITMACCT5ebb486d:1682b8bc4c5:-783c','ACTIVE','4-02-01-130','CERTIFIED TRUE COPY',NULL,'REVENUE','GENERAL','01','GENERAL-PROPER',0.00,'ANY',NULL,NULL,NULL,NULL,NULL,0),('ITMACCT6074d610:1688369e46a:-7cf1','ACTIVE','4-02-01-040-05','CERTIFICATE OF NO ENCUMBRANCE',NULL,'REVENUE','GENERAL','01','GENERAL-PROPER',0.00,'ANY',NULL,NULL,NULL,NULL,NULL,0),('ITMACCT60d765e9:16bb6620cfc:-7c73','ACTIVE','-','MEAT DELIVERY FEES',NULL,'REVENUE','GENERAL','01','GENERAL-PROPER',0.00,'ANY',NULL,NULL,NULL,NULL,NULL,0),('ITMACCT60d765e9:16bb6620cfc:-7d05','ACTIVE','-','BOARDING FEES',NULL,'REVENUE','GENERAL','01','GENERAL-PROPER',0.00,'ANY',NULL,NULL,NULL,NULL,NULL,0),('ITMACCT60d765e9:16bb6620cfc:-7d88','ACTIVE','-','CORRAL FEES',NULL,'REVENUE','GENERAL','01','GENERAL-PROPER',0.00,'ANY',NULL,NULL,NULL,NULL,NULL,0),('ITMACCT60f99e3e:16eda1212c7:-7dda','ACTIVE','-','ALTERNATIVE LEARNING SYSTEM FUND',NULL,'REVENUE','TRUST','03','TRUST-PROPER',0.00,'ANY',NULL,NULL,NULL,0,0,0),('ITMACCT63ea40b5:1684eebae3d:-71d6','ACTIVE','4-02-01-11','RPF-EMPLOYEES',NULL,'REVENUE','GENERAL','01','GENERAL-PROPER',0.00,'ANY',NULL,NULL,NULL,NULL,NULL,0),('ITMACCT66f94430:169511c632b:-7c42','ACTIVE','4-02-01-010-11','MP FOR FOREIGN EXCHANGE',NULL,'REVENUE','GENERAL','01','GENERAL-PROPER',0.00,'ANY',NULL,NULL,NULL,0,NULL,0),('ITMACCT6a311533:16e819b14d8:-7e1e','ACTIVE','-','MUNICIPAL FORM',NULL,'REVENUE','GENERAL','01','GENERAL-PROPER',0.00,'ANY',NULL,NULL,NULL,0,0,0),('ITMACCT6df73eeb:184655c91ac:-7b9d','ACTIVE','-','STALL RENTAL - SURCHARGE',NULL,'REVENUE','GENERAL','01','GENERAL-PROPER',0.00,'ANY',NULL,NULL,NULL,0,0,0),('ITMACCT6df73eeb:184655c91ac:-7bef','ACTIVE','-','STALL RENTAL - INTEREST',NULL,'REVENUE','GENERAL','01','GENERAL-PROPER',0.00,'ANY',NULL,NULL,NULL,0,0,0),('ITMACCT73d11e5a:16a6c32f280:-7847','ACTIVE','00512','PHOTOCOPY',NULL,'REVENUE','GENERAL','01','GENERAL-PROPER',0.00,'ANY',NULL,NULL,NULL,NULL,NULL,0),('ITMACCT75b5591b:178148ffb7e:-7a46','ACTIVE','-','CERTIFICATE OF UNEMPLOYED',NULL,'REVENUE','GENERAL','01','GENERAL-PROPER',0.00,'ANY',NULL,NULL,NULL,0,0,0),('ITMACCT77e62f9:167c3d66796:-7b5c','ACTIVE','130','PHILHEALTH-CHIEF FACILITY BIRTHING CENTER',NULL,'REVENUE','TRUST','03','TRUST-PROPER',0.00,'ANY',NULL,NULL,NULL,NULL,NULL,0),('ITMACCT77e62f9:167c3d66796:-7bb8','ACTIVE','129','PHILHEALTH-HOSPITAL CHARGES',NULL,'REVENUE','TRUST','03','TRUST-PROPER',0.00,'ANY',NULL,NULL,NULL,NULL,NULL,0),('ITMACCT9a7479:17d789d53e7:-7ce8','ACTIVE','4-02-02-201','MEDICAL CERTIFICATE(STUDENT)','MEDICAL CERTIFICATE(STUDENT)','REVENUE','GENERAL','01','GENERAL-PROPER',50.00,'FIXEDUNIT',NULL,NULL,NULL,0,0,0),('ITMACCTd48ae13:17a5b0f9c27:-2f9e','ACTIVE','4-02-02-191','GARBAGE STICKER ( 30% )',NULL,'REVENUE','GENERAL','01','GENERAL-PROPER',0.00,'ANY',NULL,NULL,NULL,0,0,0),('ITMACCTd48ae13:17a5b0f9c27:-30c1','ACTIVE','4-02-02-191','GARBAGE STICKER ( 70% )',NULL,'REVENUE','GENERAL','01','GENERAL-PROPER',0.00,'ANY',NULL,NULL,NULL,0,0,0),('ITMACCTe4c8f43:1686e3ecc91:-569e','ACTIVE','4-02-02-980','TALABA CULTURE',NULL,'REVENUE','GENERAL','01','GENERAL-PROPER',0.00,'ANY',NULL,NULL,NULL,NULL,NULL,0),('ITMACCTe4c8f43:1686e3ecc91:-5e50','ACTIVE','4-02-01-010-11','MAYORS PERMIT FEE (WATER DELIVERY)',NULL,'REVENUE','GENERAL','01','GENERAL-PROPER',0.00,'ANY',NULL,NULL,NULL,NULL,NULL,0),('ITMACCTe4c8f43:1686e3ecc91:-6694','ACTIVE','132','SPECIAL PERMIT FEE FOR STORAGE OF FLAMMABLES',NULL,'REVENUE','GENERAL','01','GENERAL-PROPER',0.00,'ANY',NULL,NULL,NULL,NULL,NULL,0),('REVITEM-11656eec:16554f113e9:-7fd3','ACTIVE','4-02-01-150','GILL NET',NULL,'REVENUE','GENERAL','01','GENERAL-PROPER',0.00,'ANY',NULL,NULL,NULL,0,0,0),('REVITEM-137a6f6f:166e277edf0:-7fd6','ACTIVE','4-02-01-010-11','MAYORS PERMIT TO OPERATE',NULL,'REVENUE','GENERAL','01','GENERAL-PROPER',0.00,'ANY',NULL,NULL,NULL,0,0,0),('REVITEM-142e529a:161533d5947:-7fcf','ACTIVE','101','SUPERSEDEAS BOND',NULL,'REVENUE','TRUST','03','TRUST-PROPER',0.00,'ANY',NULL,NULL,NULL,0,0,0),('REVITEM-16b19af8:1670b87a5a6:-7fc9','ACTIVE','4-02-01-150','SEAWEEDS FARMING',NULL,'REVENUE','GENERAL','01','GENERAL-PROPER',0.00,'ANY',NULL,NULL,NULL,0,0,0),('REVITEM-1730425a:15feec42a77:-6d43','ACTIVE','4-07-01-010','SALE OF GARNISHED/CONFISCATED/ABANDONED GOODS AND PROPERTIES',NULL,'REVENUE','GENERAL','01','GENERAL-PROPER',0.00,'ANY',NULL,NULL,NULL,0,0,0),('REVITEM-1730425a:15feec42a77:-7584','ACTIVE','4-01-03-080','PRINTING AND PUBLICATION TAX',NULL,'REVENUE','GENERAL','01','GENERAL-PROPER',0.00,'ANY',NULL,NULL,NULL,0,0,0),('REVITEM-1730425a:15feec42a77:-75be','ACTIVE','4-01-03-070','FRANCHISE TAX',NULL,'REVENUE','GENERAL','01','GENERAL-PROPER',0.00,'ANY',NULL,NULL,NULL,0,0,0),('REVITEM-1730425a:15feec42a77:-77ab','ACTIVE','4-01-02-040-03','REAL PROPERTY TAX- MACHINERY',NULL,'REVENUE','GENERAL','01','GENERAL-PROPER',0.00,'ANY',NULL,NULL,NULL,0,0,0),('REVITEM-1730425a:15feec42a77:-77f0','ACTIVE','4-01-02-040-02','REAL PROPERTY TAX- BUILDING',NULL,'REVENUE','GENERAL','01','GENERAL-PROPER',0.00,'ANY',NULL,NULL,NULL,0,0,0),('REVITEM-1730425a:15feec42a77:-7835','ACTIVE','4-01-02-040-01','REAL PROPERTY TAX- LAND',NULL,'REVENUE','GENERAL','01','GENERAL-PROPER',0.00,'ANY',NULL,NULL,NULL,0,0,0),('REVITEM-17536d16:15f3725fb07:-6d30','ACTIVE','4-02-01-040-05','VOTERS CERTIFICATION',NULL,'REVENUE','GENERAL','01','GENERAL-PROPER',0.00,'ANY',NULL,NULL,NULL,0,0,0),('REVITEM-17865d0b:15f0f58f0a3:-7a9c','ACTIVE','4-01-05-020','RPT SEF PRIOR YEAR (PENALTY)',NULL,'REVENUE','SEF','02','SEF-PROPER',0.00,'ANY',NULL,NULL,NULL,0,0,0),('REVITEM-17865d0b:15f0f58f0a3:-7ad1','ACTIVE','4-01-05-020','RPT BASIC PRIOR YEAR (PENALTY)',NULL,'REVENUE','GENERAL','01','GENERAL-PROPER',0.00,'ANY',NULL,NULL,NULL,0,0,0),('REVITEM-17865d0b:15f0f58f0a3:-7b06','ACTIVE','4-01-02-050','RPT SEF PRIOR YEAR',NULL,'REVENUE','SEF','02','SEF-PROPER',0.00,'ANY',NULL,NULL,NULL,0,0,0),('REVITEM-17865d0b:15f0f58f0a3:-7b3c','ACTIVE','4-01-02-040','RPT BASIC PRIOR YEAR',NULL,'REVENUE','GENERAL','01','GENERAL-PROPER',0.00,'ANY',NULL,NULL,NULL,0,0,0),('REVITEM-17865d0b:15f0f58f0a3:-7bb1','ACTIVE','4-01-02-050','RPT SEF ADVANCE PAYMENT',NULL,'REVENUE','SEF','02','SEF-PROPER',0.00,'ANY',NULL,NULL,'RPT_SEF_ADVANCE',0,0,0),('REVITEM-17865d0b:15f0f58f0a3:-7be6','ACTIVE','4-01-05-020','RPT SEF CURRENT YEAR (PENALTY)',NULL,'REVENUE','SEF','02','SEF-PROPER',0.00,'ANY',NULL,NULL,'RPT_SEFINT_CURRENT',0,0,0),('REVITEM-17865d0b:15f0f58f0a3:-7c1b','ACTIVE','4-01-02-050','RPT SEF CURRENT YEAR',NULL,'REVENUE','SEF','02','SEF-PROPER',0.00,'ANY',NULL,NULL,'RPT_SEF_CURRENT',0,0,0),('REVITEM-17865d0b:15f0f58f0a3:-7c50','ACTIVE','4-01-05-020','RPT SEF PREVIOUS YEAR (PENALTY)',NULL,'REVENUE','SEF','02','SEF-PROPER',0.00,'ANY',NULL,NULL,'RPT_SEFINT_PREVIOUS',0,0,0),('REVITEM-17865d0b:15f0f58f0a3:-7c85','ACTIVE','4-01-02-050','RPT SEF PREVIOUS YEAR',NULL,'REVENUE','SEF','02','SEF-PROPER',0.00,'ANY',NULL,NULL,'RPT_SEF_PREVIOUS',0,0,0),('REVITEM-17865d0b:15f0f58f0a3:-7cba','ACTIVE','4-01-02-040','RPT BASIC ADVANCE PAYMENT',NULL,'REVENUE','GENERAL','01','GENERAL-PROPER',0.00,'ANY',NULL,NULL,'RPT_BASIC_ADVANCE',0,0,0),('REVITEM-17865d0b:15f0f58f0a3:-7cef','ACTIVE','4-01-05-020','RPT BASIC CURRENT YEAR (PENALTY)',NULL,'REVENUE','GENERAL','01','GENERAL-PROPER',0.00,'ANY',NULL,NULL,'RPT_BASICINT_CURRENT',0,0,0),('REVITEM-17865d0b:15f0f58f0a3:-7d24','ACTIVE','4-01-02-040','RPT BASIC CURRENT YEAR',NULL,'REVENUE','GENERAL','01','GENERAL-PROPER',0.00,'ANY',NULL,NULL,'RPT_BASIC_CURRENT',0,0,0),('REVITEM-17865d0b:15f0f58f0a3:-7d59','ACTIVE','4-01-05-020','RPT BASIC PREVIOUS YEAR (PENALTY)',NULL,'REVENUE','GENERAL','01','GENERAL-PROPER',0.00,'ANY',NULL,NULL,'RPT_BASICINT_PREVIOUS',0,0,0),('REVITEM-17865d0b:15f0f58f0a3:-7d8f','ACTIVE','4-01-02-040','RPT BASIC PREVIOUS YEAR',NULL,'REVENUE','GENERAL','01','GENERAL-PROPER',0.00,'ANY',NULL,NULL,'RPT_BASIC_PREVIOUS',0,0,0),('REVITEM-195d9eff:16055feca98:-7853','ACTIVE','4-02-01-010-11','RPF-ROASTING OF PIGS AND FOWLS',NULL,'REVENUE','GENERAL','01','GENERAL-PROPER',0.00,'ANY',NULL,NULL,NULL,0,0,0),('REVITEM-195d9eff:16055feca98:-78ae','ACTIVE','4-02-01-010-11','RPF-TAILORS AND DRESS SHOPS 3 OR LESS SEWING MACHINES',NULL,'REVENUE','GENERAL','01','GENERAL-PROPER',0.00,'ANY',NULL,NULL,NULL,0,0,0),('REVITEM-195d9eff:16055feca98:-78f8','ACTIVE','4-02-01-010-11','RPF-TAILORS AND DRESS SHOPS MORE THAN 3 SEWING MACHINE',NULL,'REVENUE','GENERAL','01','GENERAL-PROPER',0.00,'ANY',NULL,NULL,NULL,0,0,0),('REVITEM-195d9eff:16055feca98:-793d','ACTIVE','4-02-01-010-11','RPF-WATER REFILLING STATION',NULL,'REVENUE','GENERAL','01','GENERAL-PROPER',0.00,'ANY',NULL,NULL,NULL,0,0,0),('REVITEM-195d9eff:16055feca98:-7988','ACTIVE','4-02-01-010-11','RPF-CATTLE RAISING',NULL,'REVENUE','GENERAL','01','GENERAL-PROPER',0.00,'ANY',NULL,NULL,NULL,0,0,0),('REVITEM-195d9eff:16055feca98:-7a4d','ACTIVE','4-02-01-010-11','RPF-HOG BUYER',NULL,'REVENUE','GENERAL','01','GENERAL-PROPER',0.00,'ANY',NULL,NULL,NULL,0,0,0),('REVITEM-195d9eff:16055feca98:-7ae5','ACTIVE','4-02-01-010-11','RPF-HOG RAISING',NULL,'REVENUE','GENERAL','01','GENERAL-PROPER',0.00,'ANY',NULL,NULL,NULL,0,0,0),('REVITEM-195d9eff:16055feca98:-7b34','ACTIVE','4-02-01-010-11','RPF-CATTLE BUYER',NULL,'REVENUE','GENERAL','01','GENERAL-PROPER',0.00,'ANY',NULL,NULL,NULL,0,0,0),('REVITEM-195d9eff:16055feca98:-7b79','ACTIVE','4-02-01-010-11','RPF-COCO LUMBER',NULL,'REVENUE','GENERAL','01','GENERAL-PROPER',0.00,'ANY',NULL,NULL,NULL,0,0,0),('REVITEM-195d9eff:16055feca98:-7bbe','ACTIVE','4-02-01-010-11','RPF-BAMBOO POST AND ITS PRODUCT',NULL,'REVENUE','GENERAL','01','GENERAL-PROPER',0.00,'ANY',NULL,NULL,NULL,0,0,0),('REVITEM-195d9eff:16055feca98:-7c03','ACTIVE','4-02-01-010-11','RPF-NIPA SHINGLES',NULL,'REVENUE','GENERAL','01','GENERAL-PROPER',0.00,'ANY',NULL,NULL,NULL,0,0,0),('REVITEM-195d9eff:16055feca98:-7c48','ACTIVE','4-02-01-010-11','RPF-NATIVE PRODUCTS',NULL,'REVENUE','GENERAL','01','GENERAL-PROPER',0.00,'ANY',NULL,NULL,NULL,0,0,0),('REVITEM-195d9eff:16055feca98:-7c96','ACTIVE','4-02-01-010-11','RPF-GOWN RENTAL',NULL,'REVENUE','GENERAL','01','GENERAL-PROPER',0.00,'ANY',NULL,NULL,NULL,0,0,0),('REVITEM-195d9eff:16055feca98:-7cdc','ACTIVE','4-02-01-010-11','RPF-DIVING/SKIING/AND OTHER ATHLETIC',NULL,'REVENUE','GENERAL','01','GENERAL-PROPER',0.00,'ANY',NULL,NULL,NULL,0,0,0),('REVITEM-195d9eff:16055feca98:-7d21','ACTIVE','4-02-01-010-11','RPF-AGRICULTURAL ELEMENTS AND TOOLS',NULL,'REVENUE','GENERAL','01','GENERAL-PROPER',0.00,'ANY',NULL,NULL,NULL,0,0,0),('REVITEM-195d9eff:16055feca98:-7dab','ACTIVE','4-02-01-010-11','RPF-RENTING OF TRUCKS AND AUTOMOBILE',NULL,'REVENUE','GENERAL','01','GENERAL-PROPER',0.00,'ANY',NULL,NULL,NULL,0,0,0),('REVITEM-195d9eff:16055feca98:-7dfa','ACTIVE','4-02-01-010-11','RENTING OF BICYCLE/TRICYCLE/MOTORCYCLE/SKATES',NULL,'REVENUE','GENERAL','01','GENERAL-PROPER',0.00,'ANY',NULL,NULL,NULL,0,0,0),('REVITEM-195d9eff:16055feca98:-7e3f','ACTIVE','4-02-01-010-11','RPF-OFFICE EQUIPMENTS AND FURNITURES',NULL,'REVENUE','GENERAL','01','GENERAL-PROPER',0.00,'ANY',NULL,NULL,NULL,0,0,0),('REVITEM-195d9eff:16055feca98:-7e84','ACTIVE','4-02-01-010-11','RPF-CRISPY FRIED CHICKEN',NULL,'REVENUE','GENERAL','01','GENERAL-PROPER',0.00,'ANY',NULL,NULL,NULL,0,0,0),('REVITEM-195d9eff:16055feca98:-7ec9','ACTIVE','4-02-01-010-11','RPF-BREEDING OF GAME COCKS',NULL,'REVENUE','GENERAL','01','GENERAL-PROPER',0.00,'ANY',NULL,NULL,NULL,0,0,0),('REVITEM-195d9eff:16055feca98:-7f0e','ACTIVE','4-02-01-010-11','RPF-BREEDING OF RACE HORSES',NULL,'REVENUE','GENERAL','01','GENERAL-PROPER',0.00,'ANY',NULL,NULL,NULL,0,0,0),('REVITEM-195d9eff:16055feca98:-7f9f','ACTIVE','4-02-01-010-11','RPF-PRAWN BREEDING GROUND',NULL,'REVENUE','GENERAL','01','GENERAL-PROPER',0.00,'ANY',NULL,NULL,NULL,0,0,0),('REVITEM-1a0aa63f:162900d21db:-7fd5','ACTIVE','4-02-01-010-11','MP FOR GAFFER',NULL,'REVENUE','GENERAL','01','GENERAL-PROPER',0.00,'ANY',NULL,NULL,NULL,0,0,0),('REVITEM-21809943:15f9e14a3ce:-4a25','ACTIVE','4-02-01-010-05','BUSINESS PERMIT FEES',NULL,'REVENUE','GENERAL','01','GENERAL-PROPER',0.00,'ANY',NULL,NULL,NULL,0,0,0),('REVITEM-21809943:15f9e14a3ce:-4e8d','ACTIVE','4-02-01-010-11','HELPERS',NULL,'REVENUE','GENERAL','01','GENERAL-PROPER',0.00,'ANY',NULL,NULL,NULL,0,0,0),('REVITEM-21809943:15f9e14a3ce:-4f3c','ACTIVE','4-02-01-010-11','TRUCKING SERVICES',NULL,'REVENUE','GENERAL','01','GENERAL-PROPER',0.00,'ANY',NULL,NULL,NULL,0,0,0),('REVITEM-23bad1e4:160348ca5d8:-7af6','ACTIVE','4-02-01-010-11','RPF-ASSORTED PRODUCTS','RPF-ASSORTED PRODUCTS','REVENUE','GENERAL','01','GENERAL-PROPER',0.00,'ANY',NULL,NULL,NULL,0,0,0),('REVITEM-270c3236:15f5b6f8cfb:-7fd6','ACTIVE','4-02-02-980','PENALTY FOR VIOLATION MUN. ORD. # 2 SERIES 1995',NULL,'REVENUE','GENERAL','01','GENERAL-PROPER',0.00,'ANY',NULL,NULL,NULL,0,0,0),('REVITEM-27721cd6:15f57a47d72:-7919','ACTIVE','4-02-01-040-05','CLEARANCES ( CHAINSAW)',NULL,'REVENUE','GENERAL','01','GENERAL-PROPER',0.00,'ANY',NULL,NULL,NULL,0,0,0),('REVITEM-27721cd6:15f57a47d72:-795f','ACTIVE','4-02-01-010-11','RPF-OPERATOR',NULL,'REVENUE','GENERAL','01','GENERAL-PROPER',300.00,'ANY',NULL,NULL,NULL,0,0,0),('REVITEM-27721cd6:15f57a47d72:-7994','ACTIVE','4-02-01-010-11','RPF-MACHINE',NULL,'REVENUE','GENERAL','01','GENERAL-PROPER',400.00,'ANY',NULL,NULL,NULL,0,0,0),('REVITEM-27721cd6:15f57a47d72:-79e2','ACTIVE','4-02-01-010-11','MAYORS PERMIT (CHAINSAW)',NULL,'REVENUE','GENERAL','01','GENERAL-PROPER',0.00,'ANY',NULL,NULL,NULL,0,0,0),('REVITEM-27a3226:15f7b773a9d:-7f97','ACTIVE','4-02-01-990','COMPROMISE AGREEMENT',NULL,'REVENUE','GENERAL','01','GENERAL-PROPER',0.00,'ANY',NULL,NULL,NULL,0,0,0),('REVITEM-27bbf1f2:15f3b4bf879:-6fd5','ACTIVE','4-02-02-050','GYM RENTAL',NULL,'REVENUE','GENERAL','01','GENERAL-PROPER',0.00,'ANY',NULL,NULL,NULL,0,0,0),('REVITEM-27bbf1f2:15f3b4bf879:-7017','ACTIVE','4-02-01-150','ENGINE',NULL,'REVENUE','GENERAL','01','GENERAL-PROPER',0.00,'ANY',NULL,NULL,NULL,0,0,0),('REVITEM-27bbf1f2:15f3b4bf879:-704c','ACTIVE','4-02-01-150','VESSEL',NULL,'REVENUE','GENERAL','01','GENERAL-PROPER',0.00,'ANY',NULL,NULL,NULL,0,0,0),('REVITEM-2a8415b2:164ab1273af:-7e4b','ACTIVE','4-02-01-010-11','MP FOR ELECTRICAL INSTALLATION',NULL,'REVENUE','GENERAL','01','GENERAL-PROPER',0.00,'ANY',NULL,NULL,NULL,0,0,0),('REVITEM-2a8415b2:164ab1273af:-7e85','ACTIVE','4-02-02-100','ELECTRICAL PERMIT FEE',NULL,'REVENUE','GENERAL','01','GENERAL-PROPER',0.00,'ANY',NULL,NULL,NULL,0,0,0),('REVITEM-2c6008ab:15f54718c72:-7fcc','ACTIVE','4-02-01-150','PALUTAW',NULL,'REVENUE','GENERAL','01','GENERAL-PROPER',0.00,'ANY',NULL,NULL,NULL,0,0,0),('REVITEM-2da49e81:15f8fcc6688:-7f1b','ACTIVE','4-02-01-010-11','PRIVILEGE TO SELL',NULL,'REVENUE','GENERAL','01','GENERAL-PROPER',0.00,'ANY',NULL,NULL,NULL,0,0,0),('REVITEM-2fad603c:160e5fb6492:-7e11','ACTIVE','4-02-01-010-11','RPF-CAPENTRY TOOLS',NULL,'REVENUE','GENERAL','01','GENERAL-PROPER',0.00,'ANY',NULL,NULL,NULL,0,0,0),('REVITEM-2fad603c:160e5fb6492:-7e56','ACTIVE','4-02-01-010-11','RPF-ROPE',NULL,'REVENUE','GENERAL','01','GENERAL-PROPER',0.00,'ANY',NULL,NULL,NULL,0,0,0),('REVITEM-2fad603c:160e5fb6492:-7e9b','ACTIVE','4-02-01-010-11','RPF-BOLO',NULL,'REVENUE','GENERAL','01','GENERAL-PROPER',0.00,'ANY',NULL,NULL,NULL,0,0,0),('REVITEM-2fad603c:160e5fb6492:-7f91','ACTIVE','4-02-01-010-11','RPF-FUNERAL HOMES',NULL,'REVENUE','GENERAL','01','GENERAL-PROPER',0.00,'ANY',NULL,NULL,NULL,0,0,0),('REVITEM-30d9a68a:160066ff267:-7ef6','ACTIVE','4-02-01-010-11','RPF-FINANCING/SAVINGS','rpf financing corporation','REVENUE','GENERAL','01','GENERAL-PROPER',0.00,'ANY',NULL,NULL,NULL,0,0,0),('REVITEM-30d9a68a:160066ff267:-7f2b','ACTIVE','4-02-01-010-11','RPF-SAVINGS/FINANCE/INVESTMENT','rpf-finance and investment','REVENUE','GENERAL','01','GENERAL-PROPER',0.00,'ANY',NULL,NULL,NULL,0,0,0),('REVITEM-30d9a68a:160066ff267:-7f60','ACTIVE','4-02-01-010-11','RPF-LENDING INVESTOR','rpf lending investor','REVENUE','GENERAL','01','GENERAL-PROPER',0.00,'ANY',NULL,NULL,NULL,0,0,0),('REVITEM-30d9a68a:160066ff267:-7f95','ACTIVE','4-02-01-010-11','RPF-MONEY SHOP','rpf money shop  ','REVENUE','GENERAL','01','GENERAL-PROPER',0.00,'ANY',NULL,NULL,NULL,0,0,0),('REVITEM-30d9a68a:160066ff267:-7fca','ACTIVE','4-02-01-010-11','RPF-PAWNSHOP','rpf pawnshop','REVENUE','GENERAL','01','GENERAL-PROPER',0.00,'ANY',NULL,NULL,NULL,0,0,0),('REVITEM-319349d6:162ff99ed83:-7fd2','ACTIVE','4-01-04-990','OCCUPATIONAL TAX RECEIPT-JOB ORDER',NULL,'REVENUE','GENERAL','01','GENERAL-PROPER',75.00,'ANY',NULL,NULL,NULL,0,0,0),('REVITEM-34ce20ba:1602938619f:-7d53','ACTIVE','4-02-01-010-11','RPF-OPERATOR(FEED MILL)','RPF-OPERATOR(FEED MILL)','REVENUE','GENERAL','01','GENERAL-PROPER',0.00,'ANY',NULL,NULL,NULL,0,0,0),('REVITEM-34ce20ba:1602938619f:-7d88','ACTIVE','4-02-01-010-11','RPF-FEED MILL','RPF-FEED MILL','REVENUE','GENERAL','01','GENERAL-PROPER',0.00,'ANY',NULL,NULL,NULL,0,0,0),('REVITEM-34ce20ba:1602938619f:-7dbd','ACTIVE','4-02-01-010-11','RPF-OPERATOR(RICE/CORN MILL)','RPF-OPERATOR(RICE/CORN MILL)','REVENUE','GENERAL','01','GENERAL-PROPER',0.00,'ANY',NULL,NULL,NULL,0,0,0),('REVITEM-34ce20ba:1602938619f:-7df2','ACTIVE','4-02-01-010-11','RPF-RICE AND CORN MILL','RPF-RICE AND CORN MILL','REVENUE','GENERAL','01','GENERAL-PROPER',0.00,'ANY',NULL,NULL,NULL,0,0,0),('REVITEM-34ce20ba:1602938619f:-7e99','ACTIVE','4-02-01-010-11','RPF-RICE AND CORN RETAILER','RPF-RICE AND CORN RETAILER','REVENUE','GENERAL','01','GENERAL-PROPER',0.00,'ANY',NULL,NULL,NULL,0,0,0),('REVITEM-34ce20ba:1602938619f:-7ece','ACTIVE','4-02-01-010-11','RPF-RICE AND CORN WHOLESALER',NULL,'REVENUE','GENERAL','01','GENERAL-PROPER',0.00,'ANY',NULL,NULL,NULL,0,0,0),('REVITEM-34ce20ba:1602938619f:-7f03','ACTIVE','4-02-01-010-11','RPF-RICE MILL','RPF-RICE MILL','REVENUE','GENERAL','01','GENERAL-PROPER',0.00,'ANY',NULL,NULL,NULL,0,0,0),('REVITEM-34ce20ba:1602938619f:-7f38','ACTIVE','4-02-01-010-11','RPF-COPRA BUYING','RPF-COPRA BUYING','REVENUE','GENERAL','01','GENERAL-PROPER',0.00,'ANY',NULL,NULL,NULL,0,0,0),('REVITEM-34ce20ba:1602938619f:-7f6d','ACTIVE','4-02-01-010-11','RPF-PALAY BUYING STATION SUB-AGENT','RPF-PALAY BUYING STATION SUB-AGENT','REVENUE','GENERAL','01','GENERAL-PROPER',0.00,'ANY',NULL,NULL,NULL,0,0,0),('REVITEM-34f59a72:15f4d38b1cb:-7fd1','ACTIVE','4-02-01-130-1D','LCR-BIRTH ENDORSEMENT',NULL,'REVENUE','GENERAL','01','GENERAL-PROPER',0.00,'ANY',NULL,NULL,NULL,0,0,0),('REVITEM-3554b2fa:1626c21c253:-7fd6','ACTIVE','4-02-01-010-11','MAYORS PERMIT FOR CARAVAN SALE',NULL,'REVENUE','GENERAL','01','GENERAL-PROPER',0.00,'ANY',NULL,NULL,NULL,0,0,0),('REVITEM-35bcd194:160dbba7a86:7055','ACTIVE','4-01-03-030','BUSINESS TAX',NULL,'REVENUE','GENERAL','01','GENERAL-PROPER',0.00,'ANY',NULL,NULL,NULL,0,0,0),('REVITEM-36fc1ec1:1603391dc99:-3b24','ACTIVE','4-02-01-010-11','RPF-REPAIR SHOP','RPF-REPAIR SHOP','REVENUE','GENERAL','01','GENERAL-PROPER',0.00,'ANY',NULL,NULL,NULL,0,0,0),('REVITEM-3764329f:1605401ad75:-7b55','ACTIVE','4-02-02-220','BUSINESS INTEREST','BUSINESS INTEREST','REVENUE','GENERAL','01','GENERAL-PROPER',0.00,'ANY',NULL,NULL,NULL,0,0,0),('REVITEM-38d1d8c6:1618c4b240e:-7eb6','ACTIVE','4-02-01-010-11','RPF-AGRI. PRODUCTS',NULL,'REVENUE','GENERAL','01','GENERAL-PROPER',0.00,'ANY',NULL,NULL,NULL,0,0,0),('REVITEM-38d1d8c6:1618c4b240e:-7f02','ACTIVE','4-02-02-980','VIOLATION OF MUNICIPAL ORDINANCE NO. 07 SERIES OF 2006',NULL,'REVENUE','GENERAL','01','GENERAL-PROPER',0.00,'ANY',NULL,NULL,NULL,0,0,0),('REVITEM-38d1d8c6:1618c4b240e:-7f58','ACTIVE','4-02-01-010-11','RPF-PEDDLER',NULL,'REVENUE','GENERAL','01','GENERAL-PROPER',0.00,'ANY',NULL,NULL,NULL,0,0,0),('REVITEM-38d1d8c6:1618c4b240e:-7f92','ACTIVE','4-02-01-010-11','RPF-PEEDLER',NULL,'REVENUE','GENERAL','01','GENERAL-PROPER',0.00,'ANY',NULL,NULL,NULL,0,0,0),('REVITEM-38d1d8c6:1618c4b240e:-7fcc','ACTIVE','4-02-01-010-11','RPF-WINE DISTRIBUTOR/WHOLESALER',NULL,'REVENUE','GENERAL','01','GENERAL-PROPER',0.00,'ANY',NULL,NULL,NULL,0,0,0),('REVITEM-391d022:1620bb8b049:-7297','ACTIVE','4-02-01-010-11','RPF-DRIED FISH',NULL,'REVENUE','GENERAL','01','GENERAL-PROPER',0.00,'ANY',NULL,NULL,NULL,0,0,0),('REVITEM-391d022:1620bb8b049:-7496','ACTIVE','4-02-01-010-11','RPF-SALTED FISH',NULL,'REVENUE','GENERAL','01','GENERAL-PROPER',0.00,'ANY',NULL,NULL,NULL,0,0,0),('REVITEM-391d022:1620bb8b049:-74db','ACTIVE','4-02-01-010-11','RPF-FRIED FISH',NULL,'REVENUE','GENERAL','01','GENERAL-PROPER',0.00,'ANY',NULL,NULL,NULL,0,0,0),('REVITEM-39d985ef:160e313dd55:-2eb7','ACTIVE','4-02-01-010-11','RPF-OFFICE SUPPLIES','RPF-OFFICE SUPPLIES','REVENUE','GENERAL','01','GENERAL-PROPER',0.00,'ANY',NULL,NULL,NULL,0,0,0),('REVITEM-39d985ef:160e313dd55:-323a','ACTIVE','4-02-01-010-11','RPF-SCHOOL SUPPLIES','RPF-SCHOOL SUPPLIES','REVENUE','GENERAL','01','GENERAL-PROPER',0.00,'ANY',NULL,NULL,NULL,0,0,0),('REVITEM-39d985ef:160e313dd55:-41f0','ACTIVE','4-02-01-010-11','RPF-PRIVILEGE TO SELL SALES OUTLET','RPF-PRIVILEGE TO SELL SALES OUTLET','REVENUE','GENERAL','01','GENERAL-PROPER',0.00,'ANY',NULL,NULL,NULL,0,0,0),('REVITEM-39d985ef:160e313dd55:-42dd','ACTIVE','4-02-01-010-11','RPF-BAKERY SALES OUTLET','RPF-BAKERY SALES OUTLET','REVENUE','GENERAL','01','GENERAL-PROPER',0.00,'ANY',NULL,NULL,NULL,0,0,0),('REVITEM-39d985ef:160e313dd55:-7325','ACTIVE','4-02-01-010-11','RPF-FUNCTION HALL','RPF-FUNCTION HALL','REVENUE','GENERAL','01','GENERAL-PROPER',0.00,'ANY',NULL,NULL,NULL,0,0,0),('REVITEM-3d6025c1:15fe9990c26:-5ba3','ACTIVE','4-02-01-010-11','MP FOR RETAILER',NULL,'REVENUE','GENERAL','01','GENERAL-PROPER',0.00,'ANY',NULL,NULL,NULL,0,0,0),('REVITEM-3d6025c1:15fe9990c26:-685c','ACTIVE','4-02-01-010-11','MP FOR WHOLESALERS',NULL,'REVENUE','GENERAL','01','GENERAL-PROPER',0.00,'ANY',NULL,NULL,NULL,0,0,0),('REVITEM-3effb3d4:161acb66981:-7cee','ACTIVE','4-02-01-010-11','RPF-DELIVERY TRUCKS','RPF-DELIVERY TRUCKS','REVENUE','GENERAL','01','GENERAL-PROPER',0.00,'ANY',NULL,NULL,NULL,0,0,0),('REVITEM-40f02085:15fd6b62cb0:-1fe4','ACTIVE','4-01-04-990','TAX ON MACHINE',NULL,'REVENUE','GENERAL','01','GENERAL-PROPER',0.00,'ANY',NULL,NULL,NULL,0,0,0),('REVITEM-40f02085:15fd6b62cb0:-2356','ACTIVE','4-02-02-150','SLAUGHTER FEES',NULL,'REVENUE','GENERAL','01','GENERAL-PROPER',0.00,'ANY',NULL,NULL,NULL,0,0,0),('REVITEM-41366521:160ede7b361:-6a61','ACTIVE','4-02-01-010-11','RPF-LUBRICATING OIL','RPF-LUBRICATING OIL','REVENUE','GENERAL','01','GENERAL-PROPER',0.00,'ANY',NULL,NULL,NULL,0,0,0),('REVITEM-41366521:160ede7b361:-7839','ACTIVE','4-02-01-010-11','RPF-FILLING PUMPS FOR DIESEL','RPF-FILLING PUMPS FOR DIESEL','REVENUE','GENERAL','01','GENERAL-PROPER',0.00,'ANY',NULL,NULL,NULL,0,0,0),('REVITEM-41366521:160ede7b361:-7879','ACTIVE','4-02-01-010-11','RPF-FILLING PUMPS FOR REGULAR GASOLINE','RPF-FILLING PUMPS FOR REGULAR GASOLINE','REVENUE','GENERAL','01','GENERAL-PROPER',0.00,'ANY',NULL,NULL,NULL,0,0,0),('REVITEM-4375fe39:15f38b1362d:-7d4d','ACTIVE','4-02-01-130-2Q','ELECTRONIC ENDORSEMENT FEE',NULL,'REVENUE','GENERAL','01','GENERAL-PROPER',0.00,'ANY',NULL,NULL,NULL,0,0,0),('REVITEM-450d8ef6:16256def008:-7fdb','ACTIVE','106','PAYMENT OF LAND TAX (TRUST)',NULL,'REVENUE','TRUST','03','TRUST-PROPER',0.00,'ANY',NULL,NULL,NULL,0,0,0),('REVITEM-4c872aa3:1648bf038cc:453c','ACTIVE','110','TAX MAPPING FUND',NULL,'REVENUE','TRUST','03','TRUST-PROPER',0.00,'ANY',NULL,NULL,NULL,0,0,0),('REVITEM-4fde6455:15f991906e8:-7f13','ACTIVE','2-99-99-990','GSIS-POLICY LOAN PAYMENT',NULL,'REVENUE','GENERAL','01','GENERAL-PROPER',0.00,'ANY',NULL,NULL,NULL,0,0,0),('REVITEM-5140114c:1619a84c3f6:-263','ACTIVE','4-02-01-150','PUKOT',NULL,'REVENUE','GENERAL','01','GENERAL-PROPER',0.00,'ANY',NULL,NULL,NULL,0,0,0),('REVITEM-5140114c:1619a84c3f6:-2ad','ACTIVE','4-02-01-150','FISH POT',NULL,'REVENUE','GENERAL','01','GENERAL-PROPER',0.00,'ANY',NULL,NULL,NULL,0,0,0),('REVITEM-5140114c:1619a84c3f6:-2f0','ACTIVE','4-02-01-150','KITANG',NULL,'REVENUE','GENERAL','01','GENERAL-PROPER',0.00,'ANY',NULL,NULL,NULL,0,0,0),('REVITEM-5140114c:1619a84c3f6:101','ACTIVE','4-02-01-150','PANGLAMBAY',NULL,'REVENUE','GENERAL','01','GENERAL-PROPER',0.00,'ANY',NULL,NULL,NULL,0,0,0),('REVITEM-5140114c:1619a84c3f6:1fe','ACTIVE','4-02-01-010-11','RPF-CELLPHONE ACCESSORIES',NULL,'REVENUE','GENERAL','01','GENERAL-PROPER',0.00,'ANY',NULL,NULL,NULL,0,0,0),('REVITEM-5140114c:1619a84c3f6:243','ACTIVE','4-02-01-010-11','RPF-E-LOAD RETAILER',NULL,'REVENUE','GENERAL','01','GENERAL-PROPER',0.00,'ANY',NULL,NULL,NULL,0,0,0),('REVITEM-526a1b4:16222d7fa64:-eee','ACTIVE','4-02-01-010-11','RPF-REPAIR AND FABRICATION',NULL,'REVENUE','GENERAL','01','GENERAL-PROPER',0.00,'ANY',NULL,NULL,NULL,0,0,0),('REVITEM-526a1b4:16222d7fa64:-f33','ACTIVE','4-02-01-010-11','RPF-OFFICE SUPPLY AND EQUIPMENT',NULL,'REVENUE','GENERAL','01','GENERAL-PROPER',0.00,'ANY',NULL,NULL,NULL,0,0,0),('REVITEM-526a1b4:16222d7fa64:-f78','ACTIVE','4-02-01-010-11','RPF-INDUSTRIAL AND AGRICULTURAL SUPPLY',NULL,'REVENUE','GENERAL','01','GENERAL-PROPER',0.00,'ANY',NULL,NULL,NULL,0,0,0),('REVITEM-526a1b4:16222d7fa64:-fbd','ACTIVE','4-02-01-010-11','RPF-BOAT BUILDING',NULL,'REVENUE','GENERAL','01','GENERAL-PROPER',0.00,'ANY',NULL,NULL,NULL,0,0,0),('REVITEM-542bca2d:15f4bd81faa:-7fb9','ACTIVE','4-02-01-130-1E','LCR-MARRIAGE APPLICATION FEE',NULL,'REVENUE','GENERAL','01','GENERAL-PROPER',0.00,'ANY',NULL,NULL,NULL,0,0,0),('REVITEM-56ea687d:1661dc20e16:-7fd0','ACTIVE','4-02-01-010-11','PERMIT TO TRANSPORT-DOGS @ 50 PER HEAD',NULL,'REVENUE','GENERAL','01','GENERAL-PROPER',0.00,'ANY',NULL,NULL,NULL,0,0,0),('REVITEM-5a92c8c8:1677bbc8688:-7f5d','ACTIVE','4-02-01-010-06','BUILDING CONSTRUCTION- FINES AND SURCHARGES',NULL,'REVENUE','GENERAL','01','GENERAL-PROPER',0.00,'ANY',NULL,NULL,NULL,0,0,0),('REVITEM-5a92c8c8:1677bbc8688:-7f95','ACTIVE','4-02-01-010-06','OTHER ACCESORRIES FEE',NULL,'REVENUE','GENERAL','01','GENERAL-PROPER',0.00,'ANY',NULL,NULL,NULL,0,0,0),('REVITEM-5a92c8c8:1677bbc8688:-7fd4','ACTIVE','4-02-01-010-06','BUILDING CONSTRUCTION FEE',NULL,'REVENUE','GENERAL','01','GENERAL-PROPER',0.00,'ANY',NULL,NULL,NULL,0,0,0),('REVITEM-5d2e7e46:15f9da62f72:-7ef9','ACTIVE','2-99-990-C','CFI LOAN PAYMENT',NULL,'REVENUE','GENERAL','01','GENERAL-PROPER',0.00,'ANY',NULL,NULL,NULL,0,0,0),('REVITEM-5d2e7e46:15f9da62f72:-7f38','ACTIVE','2-99-990-B','DBP LOAN PAYMENT',NULL,'REVENUE','GENERAL','01','GENERAL-PROPER',0.00,'ANY',NULL,NULL,NULL,0,0,0),('REVITEM-5f5c50c2:15f4200ebe5:-7ed8','ACTIVE','2-04-01-030','BAIL BOND',NULL,'REVENUE','TRUST','03','TRUST-PROPER',0.00,'ANY',NULL,NULL,NULL,0,0,0),('REVITEM-613886d7:160fb12fb67:-7f6b','ACTIVE','4-02-01-010-11','RPF-OVERHAULING SERVICES',NULL,'REVENUE','GENERAL','01','GENERAL-PROPER',0.00,'ANY',NULL,NULL,NULL,0,0,0),('REVITEM-613886d7:160fb12fb67:-7fb0','ACTIVE','4-02-01-010-11','RPF-SPREPARTS',NULL,'REVENUE','GENERAL','01','GENERAL-PROPER',0.00,'ANY',NULL,NULL,NULL,0,0,0),('REVITEM-62e78ff0:1624d18609e:-7f71','ACTIVE','4-02-01-010-11','RPF-BOARDING HOUSE/INNS',NULL,'REVENUE','GENERAL','01','GENERAL-PROPER',0.00,'ANY',NULL,NULL,NULL,0,0,0),('REVITEM-62e78ff0:1624d18609e:-7fd6','ACTIVE','4-02-01-010-11','RPF-VEGETABLE RETAILERS',NULL,'REVENUE','GENERAL','01','GENERAL-PROPER',0.00,'ANY',NULL,NULL,NULL,0,0,0),('REVITEM-63d2cba5:164cf37c662:-7fd6','ACTIVE','4-02-01-010-11','RPF-RICE RETAILER',NULL,'REVENUE','GENERAL','01','GENERAL-PROPER',0.00,'ANY',NULL,NULL,NULL,0,0,0),('REVITEM-6527a96c:161d377a0ab:-7fd6','ACTIVE','2-99-99-990','GSIS-CONSO LOAN',NULL,'REVENUE','GENERAL','01','GENERAL-PROPER',0.00,'ANY',NULL,NULL,NULL,0,0,0),('REVITEM-6733716e:15f5e7177ef:-6a60','ACTIVE','4-02-01-020-01','LCR-BIRTH REGISTRATION',NULL,'REVENUE','GENERAL','01','GENERAL-PROPER',0.00,'ANY',NULL,NULL,NULL,0,0,0),('REVITEM-6733716e:15f5e7177ef:-6a9c','ACTIVE','4-02-01-010-11','MAYORS PERMIT FOR RECORIDAS',NULL,'REVENUE','GENERAL','01','GENERAL-PROPER',0.00,'ANY',NULL,NULL,NULL,0,0,0),('REVITEM-67b1ef7c:15fe493544f:-18d1','ACTIVE','4-02-01-010-11','SIGNBOARD/BILLOARD',NULL,'REVENUE','GENERAL','01','GENERAL-PROPER',0.00,'ANY',NULL,NULL,NULL,0,0,0),('REVITEM-67b1ef7c:15fe493544f:-1966','ACTIVE','4-02-01-010-11','MP FOR BREAD RETAILER',NULL,'REVENUE','GENERAL','01','GENERAL-PROPER',0.00,'ANY',NULL,NULL,NULL,0,0,0),('REVITEM-67b1ef7c:15fe493544f:-199c','ACTIVE','4-02-01-010-11','MP FOR BAKERY',NULL,'REVENUE','GENERAL','01','GENERAL-PROPER',0.00,'ANY',NULL,NULL,NULL,0,0,0),('REVITEM-67b1ef7c:15fe493544f:-3267','ACTIVE','4-02-01-010-11','MP FOR MANUFACTURERS, ASSEMBLERS, REPACKERS, OR PROCESSORS',NULL,'REVENUE','GENERAL','01','GENERAL-PROPER',0.00,'ANY',NULL,NULL,NULL,0,0,0),('REVITEM-67b1ef7c:15fe493544f:-7d48','ACTIVE','4-02-02-110','SEAPORT SYSTEM FEES',NULL,'REVENUE','GENERAL','01','GENERAL-PROPER',0.00,'ANY',NULL,NULL,NULL,0,0,0),('REVITEM-67b1ef7c:15fe493544f:-7d93','ACTIVE','4-02-02-100','POWER SUPPLY SYSTEM FEES',NULL,'REVENUE','GENERAL','01','GENERAL-PROPER',0.00,'ANY',NULL,NULL,NULL,0,0,0),('REVITEM-67b1ef7c:15fe493544f:-7e93','ACTIVE','4-02-02-090','WATERWORKS SYSTEM FEES',NULL,'REVENUE','GENERAL','01','GENERAL-PROPER',0.00,'ANY',NULL,NULL,NULL,0,0,0),('REVITEM-67b1ef7c:15fe493544f:-7ec8','ACTIVE','4-02-02-080','ROAD NETWORK FEES',NULL,'REVENUE','GENERAL','01','GENERAL-PROPER',0.00,'ANY',NULL,NULL,NULL,0,0,0),('REVITEM-68719786:1671aff4a3a:-7fd6','ACTIVE','4-02-01-010-11','MP FOR RENOVATION',NULL,'REVENUE','GENERAL','01','GENERAL-PROPER',0.00,'ANY',NULL,NULL,NULL,0,0,0),('REVITEM-69e63a61:1611b6d9736:-4e2c','ACTIVE','4-02-01-010-11','RPF-COCONUT GRATER','RPF-COCONUT GRATER','REVENUE','GENERAL','01','GENERAL-PROPER',0.00,'ANY',NULL,NULL,NULL,0,0,0),('REVITEM-69e63a61:1611b6d9736:-4e6c','ACTIVE','4-02-01-010-11','RPF-MEAT GRINDING','RPF-MEAT GRINDING','REVENUE','GENERAL','01','GENERAL-PROPER',0.00,'ANY',NULL,NULL,NULL,0,0,0),('REVITEM-6a48702f:15f50e956e8:-7f66','ACTIVE','4-02-01-130-1F','LCR-PRE-MARITAL COUNSELING',NULL,'REVENUE','GENERAL','01','GENERAL-PROPER',150.00,'FIXEDUNIT',NULL,NULL,NULL,0,0,0),('REVITEM-6a48702f:15f50e956e8:-7f9b','ACTIVE','4-02-01-130-1I','LCR-FAMILY PLANNING',NULL,'REVENUE','GENERAL','01','GENERAL-PROPER',0.00,'ANY',NULL,NULL,NULL,0,0,0),('REVITEM-6b6bf5dd:15f484ac31e:-7b1d','ACTIVE','4-02-01-990','ANNUAL FRANCHISE FEE',NULL,'REVENUE','GENERAL','01','GENERAL-PROPER',0.00,'ANY',NULL,NULL,NULL,0,0,0),('REVITEM-6b6bf5dd:15f484ac31e:-7dae','ACTIVE','4-02-01-010-11','MP FOR TRICYCLE',NULL,'REVENUE','GENERAL','01','GENERAL-PROPER',0.00,'ANY',NULL,NULL,NULL,0,0,0),('REVITEM-6b6bf5dd:15f484ac31e:-7de8','ACTIVE','4-06-01-010','MISCELLANEOUS FEE',NULL,'REVENUE','GENERAL','01','GENERAL-PROPER',0.00,'ANY',NULL,NULL,NULL,0,0,0),('REVITEM-6b6bf5dd:15f484ac31e:-7e90','ACTIVE','4-02-01-990','TRANSPORT FEE',NULL,'REVENUE','GENERAL','01','GENERAL-PROPER',0.00,'ANY',NULL,NULL,NULL,0,0,0),('REVITEM-6b6bf5dd:15f484ac31e:-7fb8','ACTIVE','4-02-01-100','FINAL INSPECTION FEE',NULL,'REVENUE','GENERAL','01','GENERAL-PROPER',0.00,'ANY',NULL,NULL,NULL,0,0,0),('REVITEM-6b6ca412:167a0ffb98b:-7fcc','ACTIVE','127','PHILHEALTH-UBAY RURAL HEALTH UNIT II FOR HC',NULL,'REVENUE','TRUST','03','TRUST-PROPER',0.00,'ANY',NULL,NULL,NULL,0,0,0),('REVITEM-6bb5faf2:1618b813797:-7ed9','ACTIVE','4-02-01-150','PANAYMING',NULL,'REVENUE','GENERAL','01','GENERAL-PROPER',0.00,'ANY',NULL,NULL,NULL,0,0,0),('REVITEM-6c8d7961:160ffc83b93:-73ed','ACTIVE','4-02-01-010-11','RPF-WAREHOUSING/BODEGA',NULL,'REVENUE','GENERAL','01','GENERAL-PROPER',0.00,'ANY',NULL,NULL,NULL,0,0,0),('REVITEM-6c8d7961:160ffc83b93:-7f68','ACTIVE','4-02-01-010-11','RPF-TUBA WINE',NULL,'REVENUE','GENERAL','01','GENERAL-PROPER',0.00,'ANY',NULL,NULL,NULL,0,0,0),('REVITEM-6c8d7961:160ffc83b93:-7fad','ACTIVE','4-02-01-010-11','RPF-SOFTDRINKS',NULL,'REVENUE','GENERAL','01','GENERAL-PROPER',0.00,'ANY',NULL,NULL,NULL,0,0,0),('REVITEM-6d9f60:1601ee97c6d:-7d50','ACTIVE','4-02-01-010-11','RPF-PRIVATE WAREHOUSE BODEGA','RPF PRIVATE WAREHOUSE OR BODEGA','REVENUE','GENERAL','01','GENERAL-PROPER',0.00,'ANY',NULL,NULL,NULL,0,0,0),('REVITEM-6d9f60:1601ee97c6d:-7ee8','ACTIVE','4-02-01-010-11','RPF-ADMINISTRATIVE/OTHER OFFICES',NULL,'REVENUE','GENERAL','01','GENERAL-PROPER',0.00,'ANY',NULL,NULL,NULL,0,0,0),('REVITEM-6e227348:16201dddf94:-7fd6','ACTIVE','4-02-01-020','REGISTRATION OF OWNERS BRAND',NULL,'REVENUE','GENERAL','01','GENERAL-PROPER',0.00,'ANY',NULL,NULL,NULL,0,0,0),('REVITEM-6f673b00:16232337313:-7fb0','ACTIVE','4-02-01-010-11','RPF-GIFT SHOP',NULL,'REVENUE','GENERAL','01','GENERAL-PROPER',0.00,'ANY',NULL,NULL,NULL,0,0,0),('REVITEM-7183c70f:1614d5cb711:-71f2','ACTIVE','4-02-01-010-11','RPF-SALES OUTLET',NULL,'REVENUE','GENERAL','01','GENERAL-PROPER',0.00,'ANY',NULL,NULL,NULL,0,0,0),('REVITEM-7183c70f:1614d5cb711:-7f5c','ACTIVE','4-02-01-130','LCR-CERTIFIED TRUE COPY/PHOTOCOPY',NULL,'REVENUE','GENERAL','01','GENERAL-PROPER',0.00,'ANY',NULL,NULL,NULL,0,0,0),('REVITEM-7183c70f:1614d5cb711:-7fdb','ACTIVE','100','SETTLEMENT OF NOTICE OF DISALLOWANCE',NULL,'REVENUE','GENERAL','01','GENERAL-PROPER',0.00,'ANY',NULL,NULL,NULL,0,0,0),('REVITEM-72e01f04:15ffc2074ac:-7eb8','ACTIVE','4-02-01-040-03','HEALTH CERTIFICATION FEE','health certification fee','REVENUE','GENERAL','01','GENERAL-PROPER',100.00,'ANY',NULL,NULL,NULL,0,0,0),('REVITEM-72e01f04:15ffc2074ac:-7f83','ACTIVE','4-01-04-990','BILLBOARD TAX','billboard tax','REVENUE','GENERAL','01','GENERAL-PROPER',0.00,'ANY',NULL,NULL,NULL,0,0,0),('REVITEM-72e01f04:15ffc2074ac:-7fc8','ACTIVE','4-02-01-010-11','APPLICATION FORM FEE',NULL,'REVENUE','GENERAL','01','GENERAL-PROPER',0.00,'ANY',NULL,NULL,NULL,0,0,0),('REVITEM-744757f5:162943f15c0:-7fca','ACTIVE','4-02-01-010-11','RPF-BUY AND SELL TRADING',NULL,'REVENUE','GENERAL','01','GENERAL-PROPER',0.00,'ANY',NULL,NULL,NULL,0,0,0),('REVITEM-74adef5f:163062766b2:-7fd0','ACTIVE','107','PAYMENT FOR DOCUMENTARY STAMP',NULL,'REVENUE','TRUST','03','TRUST-PROPER',0.00,'ANY',NULL,NULL,NULL,0,0,0),('REVITEM-774cd8ab:1638b7a9186:-7cfd','ACTIVE','4-02-01-010-06','BUILDING PERMIT-OBO SHARE (15%)',NULL,'REVENUE','GENERAL','01','GENERAL-PROPER',0.00,'ANY',NULL,NULL,NULL,0,0,0),('REVITEM-774cd8ab:1638b7a9186:-7d54','ACTIVE','4-02-01-010-06','BUILDING PERMIT-NATIONAL SHARE (5%)',NULL,'REVENUE','GENERAL','01','GENERAL-PROPER',0.00,'ANY',NULL,NULL,NULL,0,0,0),('REVITEM-774cd8ab:1638b7a9186:-7d89','ACTIVE','4-02-01-010-06','BUILDING PERMIT-MUN. SHARE (80%)',NULL,'REVENUE','GENERAL','01','GENERAL-PROPER',0.00,'ANY',NULL,NULL,NULL,0,0,0),('REVITEM-78b9f11:165c658fd37:-7e18','ACTIVE','4-06-01-010','COCONUT CUTTING FEE-BRGY. SHARE',NULL,'REVENUE','TRUST','03','TRUST-PROPER',0.00,'ANY',NULL,NULL,NULL,0,0,0),('REVITEM-78b9f11:165c658fd37:-7e5f','ACTIVE','4-06-01-010','COCONUT CUTTING FEE-MUNICIPAL SHARE',NULL,'REVENUE','GENERAL','01','GENERAL-PROPER',0.00,'ANY',NULL,NULL,NULL,0,0,0),('REVITEM-78caa6a3:15f9a332bb6:-7f9f','ACTIVE','4-02-02-120','PARKING FEES',NULL,'REVENUE','GENERAL','01','GENERAL-PROPER',0.00,'ANY',NULL,NULL,NULL,0,0,0),('REVITEM-78caa6a3:15f9a332bb6:-7fd4','ACTIVE','4-02-01-150','AUXILIARY PERMIT FEE',NULL,'REVENUE','GENERAL','01','GENERAL-PROPER',0.00,'ANY',NULL,NULL,NULL,0,0,0),('REVITEM-797c4fdd:164f4507dff:-7fd7','ACTIVE','4-02-01-010-11','MP FOR PRIVATE WAREHOUSE OR BODEGA',NULL,'REVENUE','GENERAL','01','GENERAL-PROPER',0.00,'ANY',NULL,NULL,NULL,0,0,0),('REVITEM-7c6b25da:16031bd5950:-597a','ACTIVE','4-02-01-010-11','RPF-FISH VENDOR (AMBULANT)',NULL,'REVENUE','GENERAL','01','GENERAL-PROPER',0.00,'ANY',NULL,NULL,NULL,0,0,0),('REVITEM-7c6b25da:16031bd5950:-78f5','ACTIVE','4-02-01-010-11','RPF-CANNED GOODS',NULL,'REVENUE','GENERAL','01','GENERAL-PROPER',0.00,'ANY',NULL,NULL,NULL,0,0,0),('REVITEM-7c6b25da:16031bd5950:-79cf','ACTIVE','4-02-01-010-11','RPF-BEER',NULL,'REVENUE','GENERAL','01','GENERAL-PROPER',0.00,'ANY',NULL,NULL,NULL,0,0,0),('REVITEM-7c6b25da:16031bd5950:-7bdb','ACTIVE','4-02-01-010-11','RPF-SARI-SARI (POBLACION)',NULL,'REVENUE','GENERAL','01','GENERAL-PROPER',0.00,'ANY',NULL,NULL,NULL,0,0,0),('REVITEM-7c6b25da:16031bd5950:-7c29','ACTIVE','4-02-01-010-11','RPF-SARI-SARI STORE (BRGY.)',NULL,'REVENUE','GENERAL','01','GENERAL-PROPER',0.00,'ANY',NULL,NULL,NULL,0,0,0),('REVITEM-7c6b25da:16031bd5950:-7c6f','ACTIVE','4-02-01-010-11','RPF-CELL PHONE DEALER/REPAIR SHOP',NULL,'REVENUE','GENERAL','01','GENERAL-PROPER',0.00,'ANY',NULL,NULL,NULL,0,0,0),('REVITEM-7c6b25da:16031bd5950:-7cb4','ACTIVE','4-02-01-010-11','RPF-LEGAL AND OTHER PROFESSIONAL SERVICES',NULL,'REVENUE','GENERAL','01','GENERAL-PROPER',0.00,'ANY',NULL,NULL,NULL,0,0,0),('REVITEM-7c6b25da:16031bd5950:-7cfa','ACTIVE','4-02-01-010-11','RPF-ASSAYING LABORATORIES',NULL,'REVENUE','GENERAL','01','GENERAL-PROPER',0.00,'ANY',NULL,NULL,NULL,0,0,0),('REVITEM-7c6b25da:16031bd5950:-7d3f','ACTIVE','4-02-01-010-11','RPF-ARRASTRE SERVICES',NULL,'REVENUE','GENERAL','01','GENERAL-PROPER',0.00,'ANY',NULL,NULL,NULL,0,0,0),('REVITEM-7c6b25da:16031bd5950:-7d84','ACTIVE','4-02-01-010-11','RPF-ADVERTISING AGENCIES',NULL,'REVENUE','GENERAL','01','GENERAL-PROPER',0.00,'ANY',NULL,NULL,NULL,0,0,0),('REVITEM-7c6b25da:16031bd5950:-7dc9','ACTIVE','4-02-01-010-11','RPF-ACCOUNTING SERVICES',NULL,'REVENUE','GENERAL','01','GENERAL-PROPER',0.00,'ANY',NULL,NULL,NULL,0,0,0),('REVITEM-7c6b25da:16031bd5950:-7e32','ACTIVE','4-02-01-010-11','RPF-WASTE DISPOSAL SERVICES',NULL,'REVENUE','GENERAL','01','GENERAL-PROPER',0.00,'ANY',NULL,NULL,NULL,0,0,0),('REVITEM-7c6b25da:16031bd5950:-7e77','ACTIVE','4-02-01-010-11','RPF-LAND DEVELOPMENT SERVICES',NULL,'REVENUE','GENERAL','01','GENERAL-PROPER',0.00,'ANY',NULL,NULL,NULL,0,0,0),('REVITEM-7c6b25da:16031bd5950:-7ebc','ACTIVE','4-02-01-010-11','RPF-DRAFTING/ARCHITECTURAL SERVICES',NULL,'REVENUE','GENERAL','01','GENERAL-PROPER',0.00,'ANY',NULL,NULL,NULL,0,0,0),('REVITEM-7c6b25da:16031bd5950:-7f01','ACTIVE','4-02-01-010-11','RPF-JANITORIAL SERVICES',NULL,'REVENUE','GENERAL','01','GENERAL-PROPER',0.00,'ANY',NULL,NULL,NULL,0,0,0),('REVITEM-7c6b25da:16031bd5950:-7f46','ACTIVE','4-02-01-010-11','RPF-FORWARDING/MESSENGER SERVICES',NULL,'REVENUE','GENERAL','01','GENERAL-PROPER',0.00,'ANY',NULL,NULL,NULL,0,0,0),('REVITEM-7c6b25da:16031bd5950:-7f8b','ACTIVE','4-02-01-010-11','RPF-SURVEYING SERVICES',NULL,'REVENUE','GENERAL','01','GENERAL-PROPER',0.00,'ANY',NULL,NULL,NULL,0,0,0),('REVITEM-7d933341:160fb75c870:-744b','ACTIVE','4-02-01-010-11','RPF-BRAND NEW CAR DISPLAY',NULL,'REVENUE','GENERAL','01','GENERAL-PROPER',0.00,'ANY',NULL,NULL,NULL,0,0,0),('REVITEM-7e41fca2:15f4bd30557:-7be5','ACTIVE','4-02-01-020-01','LCR-BIRTH-LATE REGISTRATION',NULL,'REVENUE','GENERAL','01','GENERAL-PROPER',0.00,'ANY',NULL,NULL,NULL,0,0,0),('REVITEM-7f3a1118:164d4a0682f:-7fd5','ACTIVE','4-02-01-010-11','RPF-ICE RETAILER',NULL,'REVENUE','GENERAL','01','GENERAL-PROPER',0.00,'ANY',NULL,NULL,NULL,0,0,0),('REVITEM-87803fb:160bd28268e:-7e65','ACTIVE','4-02-02-990','MISC. CASH TICKET',NULL,'REVENUE','GENERAL','01','GENERAL-PROPER',0.00,'ANY',NULL,NULL,NULL,0,0,0),('REVITEM-87803fb:160bd28268e:-7fd7','ACTIVE','4-02-01-010-11','OTHER FEES -PRIV. TO SELL',NULL,'REVENUE','GENERAL','01','GENERAL-PROPER',0.00,'ANY',NULL,NULL,NULL,0,0,0),('REVITEM-87803fb:160bd28268e:13b2','ACTIVE','4-02-01-010-11','RPF-BEACH CUBICLE',NULL,'REVENUE','GENERAL','01','GENERAL-PROPER',0.00,'ANY',NULL,NULL,NULL,0,0,0),('REVITEM-87803fb:160bd28268e:1db0','ACTIVE','4-02-01-010-11','RPF-SWIMMING POOL',NULL,'REVENUE','GENERAL','01','GENERAL-PROPER',0.00,'ANY',NULL,NULL,NULL,0,0,0),('REVITEM-9023377:162b3165a87:-7e85','ACTIVE','4-02-01-010-11','RPF-AGRICULTURAL MACHINERIES',NULL,'REVENUE','GENERAL','01','GENERAL-PROPER',0.00,'ANY',NULL,NULL,NULL,0,0,0),('REVITEM-9023377:162b3165a87:-7fd5','ACTIVE','4-02-01-010-11','RPF-LIVESTOCK DEALER',NULL,'REVENUE','GENERAL','01','GENERAL-PROPER',0.00,'ANY',NULL,NULL,NULL,0,0,0),('REVITEM-9946162:164a643cfbc:-7fd6','ACTIVE','4-02-02-980','VIOLATION OF MUNICIPAL ORDINANCE NO. 2 SERIES OF 1995',NULL,'REVENUE','GENERAL','01','GENERAL-PROPER',0.00,'ANY',NULL,NULL,NULL,0,0,0),('REVITEM-c51a746:15feb13e56f:-7ee6','ACTIVE','4-02-01-010-11','MP FOR CONTRACTOR',NULL,'REVENUE','GENERAL','01','GENERAL-PROPER',0.00,'ANY',NULL,NULL,NULL,0,0,0),('REVITEM-ca566f8:150d57eace0:-7a16','ACTIVE','4-01-05-020','RPT SEF CURRENT YEAR PENALTY PROV SHARE',NULL,'REVENUE','SEF','02','SEF-PROPER',0.00,'ANY','047','BOHOL','RPT_SEFINT_CURRENT_PROVINCE_SHARE',0,0,0),('REVITEM-ca566f8:150d57eace0:-7a4b','ACTIVE','4-01-05-020','RPT SEF PREVIOUS YEAR PENALTY PROV SHARE',NULL,'REVENUE','SEF','02','SEF-PROPER',0.00,'ANY','047','BOHOL','RPT_SEFINT_PREVIOUS_PROVINCE_SHARE',0,0,0),('REVITEM-ca566f8:150d57eace0:-7a95','ACTIVE','4-01-05-020','RPT BASIC PREVIOUS YEAR PENALTY PROV SHARE',NULL,'REVENUE','GENERAL','01','GENERAL-PROPER',0.00,'ANY','047','BOHOL','RPT_BASICINT_PREVIOUS_PROVINCE_SHARE',0,0,0),('REVITEM-ca566f8:150d57eace0:-7acb','ACTIVE','4-01-05-020','RPT BASIC CURRENT YEAR PENALTY PROV SHARE',NULL,'REVENUE','GENERAL','01','GENERAL-PROPER',0.00,'ANY','047','BOHOL','RPT_BASICINT_CURRENT_PROVINCE_SHARE',0,0,0),('REVITEM-ca566f8:150d57eace0:-7bcc','ACTIVE','4-01-02-050','RPT SEF ADVANCE PAYMENT PROV SHARE',NULL,'REVENUE','SEF','02','SEF-PROPER',0.00,'ANY','047','BOHOL','RPT_SEF_ADVANCE_PROVINCE_SHARE',0,0,0),('REVITEM-ca566f8:150d57eace0:-7c01','ACTIVE','4-01-02-040','RPT BASIC ADVANCE PAYMENT PROV SHARE',NULL,'REVENUE','GENERAL','01','GENERAL-PROPER',0.00,'ANY','047','BOHOL','RPT_BASIC_ADVANCE_PROVINCE_SHARE',0,0,0),('REVITEM-ca566f8:150d57eace0:-7c36','ACTIVE','4-01-02-050','RPT SEF PREVIOUS YEAR PROV SHARE',NULL,'REVENUE','SEF','02','SEF-PROPER',0.00,'ANY','047','BOHOL','RPT_SEF_PREVIOUS_PROVINCE_SHARE',0,0,0),('REVITEM-ca566f8:150d57eace0:-7c6c','ACTIVE','4-01-02-040','RPT BASIC PREVIOUS YEAR PROV SHARE',NULL,'REVENUE','GENERAL','01','GENERAL-PROPER',0.00,'ANY','047','BOHOL','RPT_BASIC_PREVIOUS_PROVINCE_SHARE',0,0,0),('REVITEM-ca566f8:150d57eace0:-7ca2','ACTIVE','4-01-02-050','RPT SEF CURRENT YEAR PROV SHARE',NULL,'REVENUE','SEF','02','SEF-PROPER',0.00,'ANY','047','BOHOL','RPT_SEF_CURRENT_PROVINCE_SHARE',0,0,0),('REVITEM-ca566f8:150d57eace0:-7cd7','ACTIVE','4-01-02-040','RPT BASIC CURRENT YEAR PROV SHARE',NULL,'REVENUE','GENERAL','01','GENERAL-PROPER',0.00,'ANY','047','BOHOL','RPT_BASIC_CURRENT_PROVINCE_SHARE',0,0,0),('REVITEM-d7c038d:1624216a3a2:-7f7f','ACTIVE','4-02-02-980','CERTIFICATE OF DETENTION (PNP)',NULL,'REVENUE','GENERAL','01','GENERAL-PROPER',0.00,'ANY',NULL,NULL,NULL,0,0,0),('REVITEM-d7c038d:1624216a3a2:-7fd7','ACTIVE','4-02-01-010-11','RPF-MONEY CHANGER',NULL,'REVENUE','GENERAL','01','GENERAL-PROPER',0.00,'ANY',NULL,NULL,NULL,0,0,0),('REVITEM-f34d99:15f94224d30:-7fcb','ACTIVE','439-105C','WARRANTY SECURITY',NULL,'REVENUE','TRUST','03','TRUST-PROPER',0.00,'ANY',NULL,NULL,NULL,0,0,0),('REVITEM-f62658f:15f7ae2a75d:-7ab2','ACTIVE','4-02-01-010-11','SIGNBOARD',NULL,'REVENUE','GENERAL','01','GENERAL-PROPER',0.00,'ANY',NULL,NULL,NULL,0,0,0),('REVITEM-f62658f:15f7ae2a75d:-7b4c','ACTIVE','4-02-01-020-01','BUSINESS REGISTRATION FEE',NULL,'REVENUE','GENERAL','01','GENERAL-PROPER',0.00,'ANY',NULL,NULL,NULL,0,0,0),('REVITEM-f62658f:15f7ae2a75d:-7bb3','ACTIVE','4-02-01-010-11','APPLICATION FORM',NULL,'REVENUE','GENERAL','01','GENERAL-PROPER',0.00,'ANY',NULL,NULL,NULL,0,0,0),('REVITEM-f62658f:15f7ae2a75d:-7be9','ACTIVE','4-02-01-010-11','EMPLOYEES',NULL,'REVENUE','GENERAL','01','GENERAL-PROPER',0.00,'ANY',NULL,NULL,NULL,0,0,0),('REVITEM-f62658f:15f7ae2a75d:-7c23','ACTIVE','4-01-03-030-06','BUSINESS TAX - LENDING',NULL,'REVENUE','GENERAL','01','GENERAL-PROPER',0.00,'ANY',NULL,NULL,NULL,0,0,0),('REVITEM-f62658f:15f7ae2a75d:-7c6a','ACTIVE','4-02-01-010-11','RPF-LENDING',NULL,'REVENUE','GENERAL','01','GENERAL-PROPER',0.00,'ANY',NULL,NULL,NULL,0,0,0),('REVITEM10eb4e45:1603ecd4ee0:-7dfd','ACTIVE','4-02-01-010-11','RPF-CORN BUYER','RPF-CORN BUYER','REVENUE','GENERAL','01','GENERAL-PROPER',0.00,'ANY',NULL,NULL,NULL,0,0,0),('REVITEM14237412:160065c122f:-7bef','ACTIVE','4-02-01-010-11','RPF-RURAL BANK','rpf rural bank','REVENUE','GENERAL','01','GENERAL-PROPER',0.00,'ANY',NULL,NULL,NULL,0,0,0),('REVITEM14237412:160065c122f:-7c24','ACTIVE','4-02-01-010-11','RPF-SAVINGS BANK','rpf savings bank','REVENUE','GENERAL','01','GENERAL-PROPER',0.00,'ANY',NULL,NULL,NULL,0,0,0),('REVITEM14237412:160065c122f:-7c64','ACTIVE','4-02-01-010-11','RPF-BANKS','rpf commercial bank','REVENUE','GENERAL','01','GENERAL-PROPER',0.00,'ANY',NULL,NULL,NULL,0,0,0),('REVITEM14531ff6:16071abdca3:-7291','ACTIVE','4-02-01-010-11','RPF-HOTELS/MOTELS/INNS','RPF-HOTELS/MOTELS/INNS','REVENUE','GENERAL','01','GENERAL-PROPER',0.00,'ANY',NULL,NULL,NULL,0,0,0),('REVITEM14531ff6:16071abdca3:-72c6','ACTIVE','4-02-01-010-11','RPF-35 LODGERS AND UP','RPF-35 LODGERS AND UP','REVENUE','GENERAL','01','GENERAL-PROPER',0.00,'ANY',NULL,NULL,NULL,0,0,0),('REVITEM14531ff6:16071abdca3:-72fb','ACTIVE','4-02-01-010-11','RPF-15 TO 34 LODGERS','RPF-15 TO 34 LODGERS','REVENUE','GENERAL','01','GENERAL-PROPER',0.00,'ANY',NULL,NULL,NULL,0,0,0),('REVITEM14531ff6:16071abdca3:-7330','ACTIVE','4-02-01-010-11','RPF-LESS 15 LODGERS','RPF-LESS 15 LODGERS','REVENUE','GENERAL','01','GENERAL-PROPER',0.00,'ANY',NULL,NULL,NULL,0,0,0),('REVITEM15387af9:16006a74c7b:-7fb2','ACTIVE','111','PHIL. FAMILY PAYMENT RATE',NULL,'REVENUE','TRUST','03','TRUST-PROPER',0.00,'ANY',NULL,NULL,NULL,0,0,0),('REVITEM1680566f:162d208851f:-737b','ACTIVE','4-02-01-040-05','MAYORS RECOMMENDATION',NULL,'REVENUE','GENERAL','01','GENERAL-PROPER',0.00,'ANY',NULL,NULL,NULL,0,0,0),('REVITEM17769f5f:162bd9601a2:-7e93','ACTIVE','4-02-01-150','FISH FEN',NULL,'REVENUE','GENERAL','01','GENERAL-PROPER',0.00,'ANY',NULL,NULL,NULL,0,0,0),('REVITEM17769f5f:162bd9601a2:-7ed8','ACTIVE','4-02-01-150','FISH CAGE',NULL,'REVENUE','GENERAL','01','GENERAL-PROPER',0.00,'ANY',NULL,NULL,NULL,0,0,0),('REVITEM18c5b88a:1621eb488ae:-7fd6','ACTIVE','4-02-01-010-11','RPF-SOUVENIR PRODUCTS',NULL,'REVENUE','GENERAL','01','GENERAL-PROPER',0.00,'ANY',NULL,NULL,NULL,0,0,0),('REVITEM192acd60:1602c9e243c:-3b2e','ACTIVE','4-02-01-010-11','RPF-HAULING SERVICES',NULL,'REVENUE','GENERAL','01','GENERAL-PROPER',0.00,'ANY',NULL,NULL,NULL,0,0,0),('REVITEM192acd60:1602c9e243c:-3b73','ACTIVE','4-02-01-010-11','RPF-LABOR SERVICES',NULL,'REVENUE','GENERAL','01','GENERAL-PROPER',0.00,'ANY',NULL,NULL,NULL,0,0,0),('REVITEM192acd60:1602c9e243c:-3c58','ACTIVE','4-02-01-010-11','RPF-ARRASTRE AND STEVENDORING SERVICES',NULL,'REVENUE','GENERAL','01','GENERAL-PROPER',0.00,'ANY',NULL,NULL,NULL,0,0,0),('REVITEM192acd60:1602c9e243c:-3c9d','ACTIVE','4-02-01-010-11','RPF-CAR WASH/GREASING',NULL,'REVENUE','GENERAL','01','GENERAL-PROPER',0.00,'ANY',NULL,NULL,NULL,0,0,0),('REVITEM192acd60:1602c9e243c:-3ce7','ACTIVE','4-02-01-010-11','RPF-EDUC. INSTITUTIONS RELATED ESTABLISHMENTS',NULL,'REVENUE','GENERAL','01','GENERAL-PROPER',0.00,'ANY',NULL,NULL,NULL,0,0,0),('REVITEM192acd60:1602c9e243c:-3d2c','ACTIVE','4-02-01-010-11','DANCING SCHOOL/SLIMMER/AEROBICS/FITNESS GYM CONTEST/JUDO AND KARATE/DRIVING SCHOOL',NULL,'REVENUE','GENERAL','01','GENERAL-PROPER',0.00,'ANY',NULL,NULL,NULL,0,0,0),('REVITEM192acd60:1602c9e243c:-3d71','ACTIVE','4-02-01-010-11','RPF-NURSERY/VOCATIONAL AND OTHER SCHOOLS NOT REGULATED BY DEPED',NULL,'REVENUE','GENERAL','01','GENERAL-PROPER',0.00,'ANY',NULL,NULL,NULL,0,0,0),('REVITEM192acd60:1602c9e243c:-3dbb','ACTIVE','4-02-01-010-11','RPF-PRIVATE SCHOOLS (PRIMARY/SECONDARY/COLLEGE)',NULL,'REVENUE','GENERAL','01','GENERAL-PROPER',0.00,'ANY',NULL,NULL,NULL,0,0,0),('REVITEM192acd60:1602c9e243c:-3e0a','ACTIVE','4-02-01-010-11','RPF-PETS CLINIC/HOSPITALS',NULL,'REVENUE','GENERAL','01','GENERAL-PROPER',0.00,'ANY',NULL,NULL,NULL,0,0,0),('REVITEM192acd60:1602c9e243c:-3e4f','ACTIVE','4-02-01-010-11','RPF-PRIVATE HOSPITAL',NULL,'REVENUE','GENERAL','01','GENERAL-PROPER',0.00,'ANY',NULL,NULL,NULL,0,0,0),('REVITEM192acd60:1602c9e243c:-3e96','ACTIVE','4-02-01-010-11','RPF-MEDICAL/DENTAL AND OPTICAL CLINIC',NULL,'REVENUE','GENERAL','01','GENERAL-PROPER',0.00,'ANY',NULL,NULL,NULL,0,0,0),('REVITEM192acd60:1602c9e243c:-3edb','ACTIVE','4-02-01-010-11','RPF-PRIVATE DETECTIVE AGENCIES',NULL,'REVENUE','GENERAL','01','GENERAL-PROPER',0.00,'ANY',NULL,NULL,NULL,0,0,0),('REVITEM192acd60:1602c9e243c:-3f41','ACTIVE','4-02-01-010-11','RPF-COLLECTING AGENCIES',NULL,'REVENUE','GENERAL','01','GENERAL-PROPER',0.00,'ANY',NULL,NULL,NULL,0,0,0),('REVITEM192acd60:1602c9e243c:-3f87','ACTIVE','4-02-01-010-11','RPF-EMPLOYMENT AGENCIES',NULL,'REVENUE','GENERAL','01','GENERAL-PROPER',0.00,'ANY',NULL,NULL,NULL,0,0,0),('REVITEM192acd60:1602c9e243c:-3fcc','ACTIVE','4-02-01-010-11','RPF-TRAVEL AGENCY AND TOURIST AGENCY',NULL,'REVENUE','GENERAL','01','GENERAL-PROPER',0.00,'ANY',NULL,NULL,NULL,0,0,0),('REVITEM192acd60:1602c9e243c:-4011','ACTIVE','4-02-01-010-11','RPF-CAR EXCHANGE OR COSIGNMENT BASIS',NULL,'REVENUE','GENERAL','01','GENERAL-PROPER',0.00,'ANY',NULL,NULL,NULL,0,0,0),('REVITEM192acd60:1602c9e243c:-65d4','ACTIVE','4-02-01-010-11','RPF-WITH DOCK AREA OF MORE THAN 1 HECTARE',NULL,'REVENUE','GENERAL','01','GENERAL-PROPER',0.00,'ANY',NULL,NULL,NULL,0,0,0),('REVITEM192acd60:1602c9e243c:-661e','ACTIVE','4-02-01-010-11','RPF-WITH DOCK AREA OF 1 HECTARE OR LESS',NULL,'REVENUE','GENERAL','01','GENERAL-PROPER',0.00,'ANY',NULL,NULL,NULL,0,0,0),('REVITEM192acd60:1602c9e243c:-6696','ACTIVE','4-02-01-010-11','RPF-SHIPYARD FOR REPAIRING SHOP',NULL,'REVENUE','GENERAL','01','GENERAL-PROPER',0.00,'ANY',NULL,NULL,NULL,0,0,0),('REVITEM192acd60:1602c9e243c:-670a','ACTIVE','4-02-01-010-11','RPF-UPHOLSTERY SHOP OR WOOD CARVING',NULL,'REVENUE','GENERAL','01','GENERAL-PROPER',0.00,'ANY',NULL,NULL,NULL,0,0,0),('REVITEM192acd60:1602c9e243c:-6754','ACTIVE','4-02-01-010-11','RPF-SHOE REPAIR SHOP/SHINE SERVICE',NULL,'REVENUE','GENERAL','01','GENERAL-PROPER',0.00,'ANY',NULL,NULL,NULL,0,0,0),('REVITEM192acd60:1602c9e243c:-679a','ACTIVE','4-02-01-010-11','RPF-SCULPTURE SHOP',NULL,'REVENUE','GENERAL','01','GENERAL-PROPER',0.00,'ANY',NULL,NULL,NULL,0,0,0),('REVITEM192acd60:1602c9e243c:-67df','ACTIVE','4-02-01-010-11','RPF-WATCH REPAIR SHOP',NULL,'REVENUE','GENERAL','01','GENERAL-PROPER',0.00,'ANY',NULL,NULL,NULL,0,0,0),('REVITEM192acd60:1602c9e243c:-6824','ACTIVE','4-02-01-010-11','RPF-VEHICLE/ENGINE REPAIR',NULL,'REVENUE','GENERAL','01','GENERAL-PROPER',0.00,'ANY',NULL,NULL,NULL,0,0,0),('REVITEM192acd60:1602c9e243c:-6869','ACTIVE','4-02-01-010-11','RPF-HOUSEHOLD APPLIANCE',NULL,'REVENUE','GENERAL','01','GENERAL-PROPER',0.00,'ANY',NULL,NULL,NULL,0,0,0),('REVITEM192acd60:1602c9e243c:-68ae','ACTIVE','4-02-01-010-11','RPF-ELECTRONIC EQUIPMENTS',NULL,'REVENUE','GENERAL','01','GENERAL-PROPER',0.00,'ANY',NULL,NULL,NULL,0,0,0),('REVITEM192acd60:1602c9e243c:-68f3','ACTIVE','4-02-01-010-11','RPF-LATHE MACHINE',NULL,'REVENUE','GENERAL','01','GENERAL-PROPER',0.00,'ANY',NULL,NULL,NULL,0,0,0),('REVITEM192acd60:1602c9e243c:-6938','ACTIVE','4-02-01-010-11','RPF-VULCANIZING SHOP',NULL,'REVENUE','GENERAL','01','GENERAL-PROPER',0.00,'ANY',NULL,NULL,NULL,0,0,0),('REVITEM192acd60:1602c9e243c:-69be','ACTIVE','4-02-01-010-11','RPF-WELDING SHOP',NULL,'REVENUE','GENERAL','01','GENERAL-PROPER',0.00,'ANY',NULL,NULL,NULL,0,0,0),('REVITEM192acd60:1602c9e243c:-6a8a','ACTIVE','4-02-01-010-11','RPF-ELECTRICAL AND MECHANICAL REPAIR SHOP',NULL,'REVENUE','GENERAL','01','GENERAL-PROPER',0.00,'ANY',NULL,NULL,NULL,0,0,0),('REVITEM192acd60:1602c9e243c:-6afc','ACTIVE','4-02-01-010-11','RPF-FABRICATION SHOP',NULL,'REVENUE','GENERAL','01','GENERAL-PROPER',0.00,'ANY',NULL,NULL,NULL,0,0,0),('REVITEM192acd60:1602c9e243c:-6b41','ACTIVE','4-02-01-010-11','RPF-CHAINSAW REPAIR/SERVICES',NULL,'REVENUE','GENERAL','01','GENERAL-PROPER',0.00,'ANY',NULL,NULL,NULL,0,0,0),('REVITEM192acd60:1602c9e243c:-6b86','ACTIVE','4-02-01-010-11','RPF-SHUTTLE FERRIES',NULL,'REVENUE','GENERAL','01','GENERAL-PROPER',0.00,'ANY',NULL,NULL,NULL,0,0,0),('REVITEM192acd60:1602c9e243c:-6bd1','ACTIVE','4-02-01-010-11','RPF-OPERATION OF MOTOR BANCA FOR PASSENGER AND CARGOS',NULL,'REVENUE','GENERAL','01','GENERAL-PROPER',0.00,'ANY',NULL,NULL,NULL,0,0,0),('REVITEM192acd60:1602c9e243c:-6c1b','ACTIVE','4-02-01-010-11','RPF-OPERATION OF BANCA (LAYAG)',NULL,'REVENUE','GENERAL','01','GENERAL-PROPER',0.00,'ANY',NULL,NULL,NULL,0,0,0),('REVITEM192acd60:1602c9e243c:-6d39','ACTIVE','4-02-01-010-11','RPF-MANUAL BAKERY WITH ORDINARY OVEN',NULL,'REVENUE','GENERAL','01','GENERAL-PROPER',0.00,'ANY',NULL,NULL,NULL,0,0,0),('REVITEM192acd60:1602c9e243c:-6d98','ACTIVE','4-02-01-010-11','RPF-MECHANIZE BAKERY',NULL,'REVENUE','GENERAL','01','GENERAL-PROPER',0.00,'ANY',NULL,NULL,NULL,0,0,0),('REVITEM192acd60:1602c9e243c:-6df1','ACTIVE','4-02-01-010-11','RPF-FEEDS MANUFACTURER',NULL,'REVENUE','GENERAL','01','GENERAL-PROPER',0.00,'ANY',NULL,NULL,NULL,0,0,0),('REVITEM192acd60:1602c9e243c:-6e36','ACTIVE','4-02-01-010-11','RPF-DAIRY PRODUCTS',NULL,'REVENUE','GENERAL','01','GENERAL-PROPER',0.00,'ANY',NULL,NULL,NULL,0,0,0),('REVITEM192acd60:1602c9e243c:-6e7b','ACTIVE','4-02-01-010-11','RPF-CALAMAY VENDOR',NULL,'REVENUE','GENERAL','01','GENERAL-PROPER',0.00,'ANY',NULL,NULL,NULL,0,0,0),('REVITEM192acd60:1602c9e243c:-6ec0','ACTIVE','4-02-01-010-11','RPF-NIPA SHINGLES DEALER',NULL,'REVENUE','GENERAL','01','GENERAL-PROPER',0.00,'ANY',NULL,NULL,NULL,0,0,0),('REVITEM192acd60:1602c9e243c:-6f05','ACTIVE','4-02-01-010-11','RPF-WHOLE COCONUTS',NULL,'REVENUE','GENERAL','01','GENERAL-PROPER',0.00,'ANY',NULL,NULL,NULL,0,0,0),('REVITEM192acd60:1602c9e243c:-6f4a','ACTIVE','4-02-01-010-11','RPF-BUNCH AND FLOWERS',NULL,'REVENUE','GENERAL','01','GENERAL-PROPER',0.00,'ANY',NULL,NULL,NULL,0,0,0),('REVITEM192acd60:1602c9e243c:-6f94','ACTIVE','4-02-01-010-11','RPF-MEAT (FRESH AND PRESERVED BUTCHER)',NULL,'REVENUE','GENERAL','01','GENERAL-PROPER',0.00,'ANY',NULL,NULL,NULL,0,0,0),('REVITEM192acd60:1602c9e243c:-6fda','ACTIVE','4-02-01-010-11','RPF-LARGE CATTLE AND OTHER LIVESTOCK BUYER',NULL,'REVENUE','GENERAL','01','GENERAL-PROPER',0.00,'ANY',NULL,NULL,NULL,0,0,0),('REVITEM192acd60:1602c9e243c:-707c','ACTIVE','4-02-01-010-11','RPF-SALTED AND DRIED FISH VENDOR',NULL,'REVENUE','GENERAL','01','GENERAL-PROPER',0.00,'ANY',NULL,NULL,NULL,0,0,0),('REVITEM192acd60:1602c9e243c:-7200','ACTIVE','4-02-01-010-11','RPF-FRUITS/SPICES/VEGETABLES',NULL,'REVENUE','GENERAL','01','GENERAL-PROPER',0.00,'ANY',NULL,NULL,NULL,0,0,0),('REVITEM192acd60:1602c9e243c:-725b','ACTIVE','4-02-01-010-11','RPF-SEAFOODS RETAILER',NULL,'REVENUE','GENERAL','01','GENERAL-PROPER',0.00,'ANY',NULL,NULL,NULL,0,0,0),('REVITEM192acd60:1602c9e243c:-72a0','ACTIVE','4-02-01-010-11','RPF-FISH/MEAT VENDOR WITH FIXED STALLS',NULL,'REVENUE','GENERAL','01','GENERAL-PROPER',0.00,'ANY',NULL,NULL,NULL,0,0,0),('REVITEM192acd60:1602c9e243c:-72fc','ACTIVE','4-02-01-010-11','RPF-FISH VENDOR (AMBULANT)',NULL,'REVENUE','GENERAL','01','GENERAL-PROPER',0.00,'ANY',NULL,NULL,NULL,0,0,0),('REVITEM192acd60:1602c9e243c:-7410','ACTIVE','4-02-01-010-11','RPF-CHICKEN FOODS AND EGGS',NULL,'REVENUE','GENERAL','01','GENERAL-PROPER',0.00,'ANY',NULL,NULL,NULL,0,0,0),('REVITEM1a8fcc9a:15fad7afcd1:-56b1','ACTIVE','4-02-01-040-05','CERTIFICATE OF REGISTRATION',NULL,'REVENUE','GENERAL','01','GENERAL-PROPER',0.00,'ANY',NULL,NULL,NULL,0,0,0),('REVITEM1aca5122:15f381760e7:-7fbb','ACTIVE','4-02-01-130-1A','LCR-BIRTH MISCELLANEOUS',NULL,'REVENUE','GENERAL','01','GENERAL-PROPER',0.00,'ANY',NULL,NULL,NULL,0,0,0),('REVITEM1b107e16:1112d6c4f73:-767f','ACTIVE','598-002','PARKING FEES (CASH TICKET)',NULL,'REVENUE','GENERAL','01','GENERAL-PROPER',NULL,'ANY',NULL,NULL,NULL,0,0,0),('REVITEM1e4db3c0:15f5639ea81:-7fd0','ACTIVE','4-02-02-050','RENTAL OF TRACTOR',NULL,'REVENUE','TRUST','03','TRUST-PROPER',0.00,'ANY',NULL,NULL,NULL,0,0,0),('REVITEM1efe7818:167a66d127c:-7fdb','ACTIVE','128','REFUND FROM AID TO BRGY.',NULL,'REVENUE','GENERAL','01','GENERAL-PROPER',0.00,'ANY',NULL,NULL,NULL,0,0,0),('REVITEM1f3778ab:1644464db86:-7fd7','ACTIVE','122','SCHOLARSHIP REFUND',NULL,'REVENUE','GENERAL','01','GENERAL-PROPER',0.00,'ANY',NULL,NULL,NULL,0,0,0),('REVITEM1fcbe8a0:160cead7b48:-727f','ACTIVE','4-02-01-010-11','RPF-WHOLESALER_OR_DISTRIBUTOR','RPF-WHOLESALER_OR_DISTRIBUTOR','REVENUE','GENERAL','01','GENERAL-PROPER',0.00,'ANY',NULL,NULL,NULL,0,0,0),('REVITEM1fcbe8a0:160cead7b48:-7354','ACTIVE','4-02-01-010-11','RPF-CELL REPAIR SHOP','RPF-CELL REPAIR SHOP','REVENUE','GENERAL','01','GENERAL-PROPER',0.00,'ANY',NULL,NULL,NULL,0,0,0),('REVITEM1fcbe8a0:160cead7b48:-7742','ACTIVE','4-02-01-010-11','RPF-FOREIGN EXCHANGE DEALER','RPF-FOREIGN EXCHANGE DEALER','REVENUE','GENERAL','01','GENERAL-PROPER',0.00,'ANY',NULL,NULL,NULL,0,0,0),('REVITEM2140c441:16142d44198:-7fd6','ACTIVE','4-02-01-010-11','MP FOR BACKRIDING',NULL,'REVENUE','GENERAL','01','GENERAL-PROPER',0.00,'ANY',NULL,NULL,NULL,0,0,0),('REVITEM24130e31:16052cdc36f:-5025','ACTIVE','4-02-01-010-11','RPF-RENT OF BICCYLE/TRICYCLE/MOTOR/SKATES','RPF-RENT OF BICCYLE/TRICYCLE/MOTOR/SKATES','REVENUE','GENERAL','01','GENERAL-PROPER',0.00,'ANY',NULL,NULL,NULL,0,0,0),('REVITEM2659f5f8:16098b408c6:-7a2b','ACTIVE','4-02-01-010-11','MP FOR MEAT BUTCHERS',NULL,'REVENUE','GENERAL','01','GENERAL-PROPER',0.00,'ANY',NULL,NULL,NULL,0,0,0),('REVITEM27804570:15f521cfc2d:-75ae','ACTIVE','4-06-01-010','BAC FORM',NULL,'REVENUE','TRUST','03','TRUST-PROPER',0.00,'ANY',NULL,NULL,NULL,0,0,0),('REVITEM27a36f2e:1611ff43c34:-7fae','ACTIVE','4-02-02-050','ATM SPACE RENTAL-OFFSITE',NULL,'REVENUE','GENERAL','01','GENERAL-PROPER',0.00,'ANY',NULL,NULL,NULL,0,0,0),('REVITEM29c76ebb:167aa9cec35:-7fa6','ACTIVE','4-02-01-010-11','MP FOR FIREWORKS DISPLAY',NULL,'REVENUE','GENERAL','01','GENERAL-PROPER',0.00,'ANY',NULL,NULL,NULL,0,0,0),('REVITEM2af9b316:164ac1153b9:-7fd1','ACTIVE','125','REFUND FOR OVERPAYMENT OF DISBURSEMENTS',NULL,'REVENUE','GENERAL','01','GENERAL-PROPER',0.00,'ANY',NULL,NULL,NULL,0,0,0),('REVITEM2b92e7a:15f47b2aad1:-7ebf','ACTIVE','4-02-01-010-11','MAYORS PERMIT FEE',NULL,'REVENUE','GENERAL','01','GENERAL-PROPER',0.00,'ANY',NULL,NULL,NULL,0,0,0),('REVITEM2b92e7a:15f47b2aad1:-7f1e','ACTIVE','4-06-01-010','MISCELLANEOUS (MTO)',NULL,'REVENUE','GENERAL','01','GENERAL-PROPER',0.00,'ANY',NULL,NULL,NULL,0,0,0),('REVITEM2b92e7a:15f47b2aad1:-7f9c','ACTIVE','4-02-01-130-1J','LCR-BURIAL',NULL,'REVENUE','GENERAL','01','GENERAL-PROPER',100.00,'ANY',NULL,NULL,NULL,0,0,0),('REVITEM2b92e7a:15f47b2aad1:-7fd1','ACTIVE','4-06-01-010','LCR-DEATH MISCELLANEOUS FEE',NULL,'REVENUE','GENERAL','01','GENERAL-PROPER',0.00,'ANY',NULL,NULL,NULL,0,0,0),('REVITEM2bb004b:1601f3e0294:-7ce4','ACTIVE','4-02-01-010-11','RPF-SIOMAI VENDOR','RPF-SIOMAI VENDOR','REVENUE','GENERAL','01','GENERAL-PROPER',0.00,'ANY',NULL,NULL,NULL,0,0,0),('REVITEM2bb004b:1601f3e0294:-7d19','ACTIVE','4-02-01-010-11','RPF-BARBEQUE STAND','RPF-BARBEQUE STAND','REVENUE','GENERAL','01','GENERAL-PROPER',0.00,'ANY',NULL,NULL,NULL,0,0,0),('REVITEM2bb004b:1601f3e0294:-7d4e','ACTIVE','4-02-01-010-11','RPF-ICE CREAM STANDS/RETAILER','RPF-ICE CREAM STANDS','REVENUE','GENERAL','01','GENERAL-PROPER',0.00,'ANY',NULL,NULL,NULL,0,0,0),('REVITEM2bb004b:1601f3e0294:-7d83','ACTIVE','4-02-01-010-11','RPF-JUICE RETAILER','RPF-JUICE RETAILER','REVENUE','GENERAL','01','GENERAL-PROPER',0.00,'ANY',NULL,NULL,NULL,0,0,0),('REVITEM2bb004b:1601f3e0294:-7df2','ACTIVE','4-02-01-010-11','RPF-BANANACUE RETAILER','RPF-BANANACUE RETAILER','REVENUE','GENERAL','01','GENERAL-PROPER',0.00,'ANY',NULL,NULL,NULL,0,0,0),('REVITEM2bb004b:1601f3e0294:-7e27','ACTIVE','4-02-01-010-11','RPF-GULAMAN/BUKO STANDS AND CARTS','RPF-GULAMAN/BUKO STANDS AND CARTS','REVENUE','GENERAL','01','GENERAL-PROPER',0.00,'ANY',NULL,NULL,NULL,0,0,0),('REVITEM2bb004b:1601f3e0294:-7e5c','ACTIVE','4-02-01-010-11','RPF-FOOD STAND','RPF-FOOD STAND','REVENUE','GENERAL','01','GENERAL-PROPER',0.00,'ANY',NULL,NULL,NULL,0,0,0),('REVITEM2bb004b:1601f3e0294:-7e91','ACTIVE','4-02-01-010-11','RPF-FOOD CATERS RESTAURANT','RPF-FOOD CATERS RESTAURANT','REVENUE','GENERAL','01','GENERAL-PROPER',0.00,'ANY',NULL,NULL,NULL,0,0,0),('REVITEM2bb004b:1601f3e0294:-7ee1','ACTIVE','4-02-01-010-11','RPF-RESTAURANT','RPF-RESTAURANT','REVENUE','GENERAL','01','GENERAL-PROPER',0.00,'ANY',NULL,NULL,NULL,0,0,0),('REVITEM2bb004b:1601f3e0294:-7f27','ACTIVE','4-02-01-010-11','RPF CARENDERIA/EATERY','RPF CARENDERIA/EATERY','REVENUE','GENERAL','01','GENERAL-PROPER',0.00,'ANY',NULL,NULL,NULL,0,0,0),('REVITEM2bb004b:1601f3e0294:-7f5c','ACTIVE','4-02-01-010-11','RPF-CAFES AND CAFETERIAS',NULL,'REVENUE','GENERAL','01','GENERAL-PROPER',0.00,'ANY',NULL,NULL,NULL,0,0,0),('REVITEM2e2ba462:1614349e6f8:-7ec0','ACTIVE','4-02-01-010-11','LCR-MARRIAGE MISCELANNEOUS',NULL,'REVENUE','GENERAL','01','GENERAL-PROPER',0.00,'ANY',NULL,NULL,NULL,0,0,0),('REVITEM2e2ba462:1614349e6f8:-7f11','ACTIVE','111','SUPPLEMENTAL REPORT',NULL,'REVENUE','GENERAL','01','GENERAL-PROPER',0.00,'ANY',NULL,NULL,NULL,0,0,0),('REVITEM2e2ba462:1614349e6f8:-7fdb','ACTIVE','4-02-02-100','ELECTRIC BILL',NULL,'REVENUE','GENERAL','01','GENERAL-PROPER',0.00,'ANY',NULL,NULL,NULL,0,0,0),('REVITEM2eaea5c9:1604d440216:-6b0d','ACTIVE','4-02-01-010-11','RPF-HARDWARE HELPERS','RPF-HARDWARE HELPERS ','REVENUE','GENERAL','01','GENERAL-PROPER',0.00,'ANY',NULL,NULL,NULL,0,0,0),('REVITEM30b93fd0:1604e4d402e:-6f4a','ACTIVE','4-02-01-010-11','RPF-POULTRY LESS THAN 500','RPF-POULTRY LESS THAN 500','REVENUE','GENERAL','01','GENERAL-PROPER',0.00,'ANY',NULL,NULL,NULL,0,0,0),('REVITEM31040544:161c3f1e2be:-7f92','ACTIVE','4-02-01-010-11','RPF-GROCERY',NULL,'REVENUE','GENERAL','01','GENERAL-PROPER',0.00,'ANY',NULL,NULL,NULL,0,0,0),('REVITEM31040544:161c3f1e2be:-7fd7','ACTIVE','4-02-01-010-11','RPF-PHARMACY',NULL,'REVENUE','GENERAL','01','GENERAL-PROPER',0.00,'ANY',NULL,NULL,NULL,0,0,0),('REVITEM3353b391:16037651dd6:-6590','ACTIVE','4-02-01-010-11','RPF-FISH BREEDING GROUND',NULL,'REVENUE','GENERAL','01','GENERAL-PROPER',0.00,'ANY',NULL,NULL,NULL,0,0,0),('REVITEM3353b391:16037651dd6:-65d5','ACTIVE','4-02-01-010-11','RPF-PRAWN FARM',NULL,'REVENUE','GENERAL','01','GENERAL-PROPER',0.00,'ANY',NULL,NULL,NULL,0,0,0),('REVITEM3353b391:16037651dd6:-6672','ACTIVE','4-02-01-010-11','RPF-FISHPOND',NULL,'REVENUE','GENERAL','01','GENERAL-PROPER',0.00,'ANY',NULL,NULL,NULL,0,0,0),('REVITEM3353b391:16037651dd6:-66b7','ACTIVE','4-02-01-010-11','RPF-VIDEOKE MACHINE',NULL,'REVENUE','GENERAL','01','GENERAL-PROPER',0.00,'ANY',NULL,NULL,NULL,0,0,0),('REVITEM3353b391:16037651dd6:-6701','ACTIVE','4-02-01-010-11','RPF-VCD RENTAL/TRADER',NULL,'REVENUE','GENERAL','01','GENERAL-PROPER',0.00,'ANY',NULL,NULL,NULL,0,0,0),('REVITEM3353b391:16037651dd6:-674b','ACTIVE','4-02-01-010-11','RPF-ELECTRONIC RECORDING',NULL,'REVENUE','GENERAL','01','GENERAL-PROPER',0.00,'ANY',NULL,NULL,NULL,0,0,0),('REVITEM3353b391:16037651dd6:-6790','ACTIVE','4-02-01-010-11','RPF-ELECTRONIC REPAIR SHOP',NULL,'REVENUE','GENERAL','01','GENERAL-PROPER',0.00,'ANY',NULL,NULL,NULL,0,0,0),('REVITEM3353b391:16037651dd6:-67da','ACTIVE','4-02-01-010-11','RPF-ELECTRONIC SUPPLY',NULL,'REVENUE','GENERAL','01','GENERAL-PROPER',0.00,'ANY',NULL,NULL,NULL,0,0,0),('REVITEM3353b391:16037651dd6:-681f','ACTIVE','4-02-01-010-11','RPF-PLASTIC LAMINATION',NULL,'REVENUE','GENERAL','01','GENERAL-PROPER',0.00,'ANY',NULL,NULL,NULL,0,0,0),('REVITEM3353b391:16037651dd6:-68c8','ACTIVE','4-02-01-010-11','RPF-RUSH I.D.',NULL,'REVENUE','GENERAL','01','GENERAL-PROPER',0.00,'ANY',NULL,NULL,NULL,0,0,0),('REVITEM3353b391:16037651dd6:-6912','ACTIVE','4-02-01-010-11','RPF-DEVELOPING CENTER',NULL,'REVENUE','GENERAL','01','GENERAL-PROPER',0.00,'ANY',NULL,NULL,NULL,0,0,0),('REVITEM3353b391:16037651dd6:-695c','ACTIVE','4-02-01-010-11','RPF-MIMEOGRAPHING/TYPING',NULL,'REVENUE','GENERAL','01','GENERAL-PROPER',0.00,'ANY',NULL,NULL,NULL,0,0,0),('REVITEM3353b391:16037651dd6:-69a1','ACTIVE','4-02-01-010-11','RPF-SCANNER',NULL,'REVENUE','GENERAL','01','GENERAL-PROPER',0.00,'ANY',NULL,NULL,NULL,0,0,0),('REVITEM3353b391:16037651dd6:-69e6','ACTIVE','4-02-01-010-11','RPF-XEROX MACHINE PER UNIT',NULL,'REVENUE','GENERAL','01','GENERAL-PROPER',0.00,'ANY',NULL,NULL,NULL,0,0,0),('REVITEM3353b391:16037651dd6:-6a32','ACTIVE','4-02-01-010-11','RPF-PHOTOGRAPHY',NULL,'REVENUE','GENERAL','01','GENERAL-PROPER',0.00,'ANY',NULL,NULL,NULL,0,0,0),('REVITEM3353b391:16037651dd6:-6a77','ACTIVE','4-02-01-010-11','RPF-FM RADIO STATION',NULL,'REVENUE','GENERAL','01','GENERAL-PROPER',0.00,'ANY',NULL,NULL,NULL,0,0,0),('REVITEM3353b391:16037651dd6:-6abc','ACTIVE','4-02-01-010-11','RPF-AM RADIO STATION',NULL,'REVENUE','GENERAL','01','GENERAL-PROPER',0.00,'ANY',NULL,NULL,NULL,0,0,0),('REVITEM3353b391:16037651dd6:-6b11','ACTIVE','4-02-01-010-11','RPF-DRESSING PLANT-LESS THAN 500',NULL,'REVENUE','GENERAL','01','GENERAL-PROPER',0.00,'ANY',NULL,NULL,NULL,0,0,0),('REVITEM3353b391:16037651dd6:-6b56','ACTIVE','4-02-01-010-11','RPF-DRESSING PLANT-500 HEADS OR MORE',NULL,'REVENUE','GENERAL','01','GENERAL-PROPER',0.00,'ANY',NULL,NULL,NULL,0,0,0),('REVITEM3353b391:16037651dd6:-6b9b','ACTIVE','4-02-01-010-11','RPF-POUTRY RAISING-LESS THAN 500',NULL,'REVENUE','GENERAL','01','GENERAL-PROPER',0.00,'ANY',NULL,NULL,NULL,0,0,0),('REVITEM3353b391:16037651dd6:-6be0','ACTIVE','4-02-01-010-11','RPF-POULTRY RAISING-500 HEADS OR MORE',NULL,'REVENUE','GENERAL','01','GENERAL-PROPER',0.00,'ANY',NULL,NULL,NULL,0,0,0),('REVITEM3353b391:16037651dd6:-6c2a','ACTIVE','4-02-01-010-11','RPF-BOTTLE BUYER',NULL,'REVENUE','GENERAL','01','GENERAL-PROPER',0.00,'ANY',NULL,NULL,NULL,0,0,0),('REVITEM3353b391:16037651dd6:-6c74','ACTIVE','4-02-01-010-11','RPF-SCRAP/IRON BUYER',NULL,'REVENUE','GENERAL','01','GENERAL-PROPER',0.00,'ANY',NULL,NULL,NULL,0,0,0),('REVITEM3353b391:16037651dd6:-6cb9','ACTIVE','4-02-01-010-11','RPF-JUNKSHOP',NULL,'REVENUE','GENERAL','01','GENERAL-PROPER',0.00,'ANY',NULL,NULL,NULL,0,0,0),('REVITEM3353b391:16037651dd6:-6cfe','ACTIVE','4-02-01-010-11','RPF-VIDEOGAMES PER UNIT',NULL,'REVENUE','GENERAL','01','GENERAL-PROPER',0.00,'ANY',NULL,NULL,NULL,0,0,0),('REVITEM3353b391:16037651dd6:-6d43','ACTIVE','4-02-01-010-11','RPF-INTERNET PER UNIT',NULL,'REVENUE','GENERAL','01','GENERAL-PROPER',0.00,'ANY',NULL,NULL,NULL,0,0,0),('REVITEM3353b391:16037651dd6:-6d88','ACTIVE','4-02-01-010-11','RPF-INTERNET CAFE OPERATOR',NULL,'REVENUE','GENERAL','01','GENERAL-PROPER',0.00,'ANY',NULL,NULL,NULL,0,0,0),('REVITEM3353b391:16037651dd6:-6dcd','ACTIVE','4-02-01-010-11','RPF-INTERNET CAFE',NULL,'REVENUE','GENERAL','01','GENERAL-PROPER',0.00,'ANY',NULL,NULL,NULL,0,0,0),('REVITEM3353b391:16037651dd6:-6e17','ACTIVE','4-02-01-010-11','RPF-STEEL AND IRON PRODUCTS',NULL,'REVENUE','GENERAL','01','GENERAL-PROPER',0.00,'ANY',NULL,NULL,NULL,0,0,0),('REVITEM3353b391:16037651dd6:-6e5e','ACTIVE','4-02-01-010-11','RPF-WHITE CLAY PRODUCER',NULL,'REVENUE','GENERAL','01','GENERAL-PROPER',0.00,'ANY',NULL,NULL,NULL,0,0,0),('REVITEM3353b391:16037651dd6:-6ea3','ACTIVE','4-02-01-010-11','RPF-CONCRETE BLOCK FACTORY',NULL,'REVENUE','GENERAL','01','GENERAL-PROPER',0.00,'ANY',NULL,NULL,NULL,0,0,0),('REVITEM3353b391:16037651dd6:-6ee8','ACTIVE','4-02-01-010-11','RPF-MARBLE DEALER',NULL,'REVENUE','GENERAL','01','GENERAL-PROPER',0.00,'ANY',NULL,NULL,NULL,0,0,0),('REVITEM3353b391:16037651dd6:-6f32','ACTIVE','4-02-01-010-11','RPF-HELPERS/EMPLOYEES',NULL,'REVENUE','GENERAL','01','GENERAL-PROPER',0.00,'ANY',NULL,NULL,NULL,0,0,0),('REVITEM3353b391:16037651dd6:-6fc7','ACTIVE','4-02-01-010-11','RPF-SAND AND GRAVEL',NULL,'REVENUE','GENERAL','01','GENERAL-PROPER',0.00,'ANY',NULL,NULL,NULL,0,0,0),('REVITEM3353b391:16037651dd6:-700c','ACTIVE','4-02-01-010-11','RPF-PAINTING MATERIALS',NULL,'REVENUE','GENERAL','01','GENERAL-PROPER',0.00,'ANY',NULL,NULL,NULL,0,0,0),('REVITEM3353b391:16037651dd6:-70a8','ACTIVE','4-02-01-010-11','RPF-LUMBER',NULL,'REVENUE','GENERAL','01','GENERAL-PROPER',0.00,'ANY',NULL,NULL,NULL,0,0,0),('REVITEM3353b391:16037651dd6:-7129','ACTIVE','4-02-01-010-11','RPF-HOLLOW BLOCKS MAKING',NULL,'REVENUE','GENERAL','01','GENERAL-PROPER',0.00,'ANY',NULL,NULL,NULL,0,0,0),('REVITEM3353b391:16037651dd6:-716e','ACTIVE','4-02-01-010-11','RPF-HOLLOW BLOCKS',NULL,'REVENUE','GENERAL','01','GENERAL-PROPER',0.00,'ANY',NULL,NULL,NULL,0,0,0),('REVITEM3353b391:16037651dd6:-7313','ACTIVE','4-02-01-010-11','RPF-G.I. SHEETS AND ALUMINUM CONTAINS',NULL,'REVENUE','GENERAL','01','GENERAL-PROPER',0.00,'ANY',NULL,NULL,NULL,0,0,0),('REVITEM3353b391:16037651dd6:-738c','ACTIVE','4-02-01-010-11','RPF-ELECTRICAL SUPPLY',NULL,'REVENUE','GENERAL','01','GENERAL-PROPER',0.00,'ANY',NULL,NULL,NULL,0,0,0),('REVITEM3353b391:16037651dd6:-73d1','ACTIVE','4-02-01-010-11','RPF-CONSTRUCTION SUPPLY',NULL,'REVENUE','GENERAL','01','GENERAL-PROPER',0.00,'ANY',NULL,NULL,NULL,0,0,0),('REVITEM3353b391:16037651dd6:-7416','ACTIVE','4-02-01-010-11','RPF-CEMENT',NULL,'REVENUE','GENERAL','01','GENERAL-PROPER',0.00,'ANY',NULL,NULL,NULL,0,0,0),('REVITEM3353b391:16037651dd6:-7460','ACTIVE','4-02-01-010-11','RPF-BODEGA',NULL,'REVENUE','GENERAL','01','GENERAL-PROPER',0.00,'ANY',NULL,NULL,NULL,0,0,0),('REVITEM3353b391:16037651dd6:-7e33','ACTIVE','4-02-01-010-11','RPF-FURNITURE REPAIR SHOP',NULL,'REVENUE','GENERAL','01','GENERAL-PROPER',0.00,'ANY',NULL,NULL,NULL,0,0,0),('REVITEM3353b391:16037651dd6:-7e78','ACTIVE','4-02-01-010-11','RPF-FURNITURE DEALER',NULL,'REVENUE','GENERAL','01','GENERAL-PROPER',0.00,'ANY',NULL,NULL,NULL,0,0,0),('REVITEM3353b391:16037651dd6:-7f19','ACTIVE','4-02-01-010-11','RPF-AUTO PARTS AND SUPPLY',NULL,'REVENUE','GENERAL','01','GENERAL-PROPER',0.00,'ANY',NULL,NULL,NULL,0,0,0),('REVITEM3353b391:16037651dd6:-7f61','ACTIVE','4-02-01-010-11','RPF-MOTORCYCLE PARTS',NULL,'REVENUE','GENERAL','01','GENERAL-PROPER',0.00,'ANY',NULL,NULL,NULL,0,0,0),('REVITEM33c49367:166e17f6444:-7ee9','ACTIVE','4-02-01-150','AQUACULTURE-SEAWEEDS',NULL,'REVENUE','GENERAL','01','GENERAL-PROPER',0.00,'ANY',NULL,NULL,NULL,0,0,0),('REVITEM352ed54f:163b41562f9:-7f99','ACTIVE','4-02-01-010-10','WEIGHING SCALE CALIBRATION',NULL,'REVENUE','GENERAL','01','GENERAL-PROPER',0.00,'ANY',NULL,NULL,NULL,0,0,0),('REVITEM3718f03e:1677d14ff17:-6753','ACTIVE','124','FUND TRANSFER 50% 2ND % 3RD TRANCH- CONS. OF MULTI-COMMUNITY AND PROCESSING CENTER',NULL,'REVENUE','TRUST','03','TRUST-PROPER',0.00,'ANY',NULL,NULL,NULL,0,0,0),('REVITEM373bdce5:162f51a15a0:-7e99','ACTIVE','4-02-02-980','VIOLATION OF MUN. ORDINANCE NO. 4.',NULL,'REVENUE','GENERAL','01','GENERAL-PROPER',0.00,'ANY',NULL,NULL,NULL,0,0,0),('REVITEM381a031e:15f50fef12f:-7f43','ACTIVE','1605-0001','EXCESS OF FINANCIAL ASSISTANCE- BRGY. PROJECT',NULL,'REVENUE','GENERAL','01','GENERAL-PROPER',0.00,'ANY',NULL,NULL,NULL,0,0,0),('REVITEM381a031e:15f50fef12f:-7f9a','ACTIVE','4-02-01-130-1H','LCR-MARRIAGE REGISTRATION',NULL,'REVENUE','GENERAL','01','GENERAL-PROPER',20.00,'ANY',NULL,NULL,NULL,0,0,0),('REVITEM38b35feb:15f467aa648:-7c22','ACTIVE','4-02-01-010-11','MAYORS PERMIT FOR TARPAULIN INSTALLATION',NULL,'REVENUE','GENERAL','01','GENERAL-PROPER',0.00,'ANY',NULL,NULL,NULL,0,0,0),('REVITEM38b35feb:15f467aa648:-7cd8','ACTIVE','148-0001','REFUND OF CASH ADVANCE(PETTY CASH)',NULL,'REVENUE','GENERAL','01','GENERAL-PROPER',0.00,'ANY',NULL,NULL,NULL,0,0,0),('REVITEM39a2025a:160e2f7cb1b:-4725','ACTIVE','4-02-01-010-11','RPF-CARPENTRY TOOLS','RPF-CARPENTRY TOOLS','REVENUE','GENERAL','01','GENERAL-PROPER',0.00,'ANY',NULL,NULL,NULL,0,0,0),('REVITEM39ff37bd:160d7ea2b2f:-7558','ACTIVE','4-02-01-010-11','RPF-SPACE RENTAL',NULL,'REVENUE','GENERAL','01','GENERAL-PROPER',0.00,'ANY',NULL,NULL,NULL,0,0,0),('REVITEM3b891cb9:15fe0680067:-74c8','ACTIVE','148-0007','REFUND TO CASH ADVANCE',NULL,'REVENUE','GENERAL','01','GENERAL-PROPER',0.00,'ANY',NULL,NULL,NULL,0,0,0),('REVITEM3c43aaba:160252ae9c2:-6fc5','ACTIVE','4-02-01-010-11','RPF-BEACH RESORTS','RPF-BEACH RESORTS','REVENUE','GENERAL','01','GENERAL-PROPER',0.00,'ANY',NULL,NULL,NULL,0,0,0),('REVITEM3cc0f801:16124025cb1:-7f10','ACTIVE','4-02-01-010-11','MP FOR MOTORCADE',NULL,'REVENUE','GENERAL','01','GENERAL-PROPER',0.00,'ANY',NULL,NULL,NULL,0,0,0),('REVITEM3cc0f801:16124025cb1:-7f72','ACTIVE','4-02-01-010-11','RPF-MEAT VENDOR',NULL,'REVENUE','GENERAL','01','GENERAL-PROPER',0.00,'ANY',NULL,NULL,NULL,0,0,0),('REVITEM3cc0f801:16124025cb1:-7fc8','ACTIVE','4-02-01-100','ANNUAL INSPECTION FEE',NULL,'REVENUE','GENERAL','01','GENERAL-PROPER',0.00,'ANY',NULL,NULL,NULL,0,0,0),('REVITEM3d23f27b:15f9efd78b4:-7fcc','ACTIVE','4-02-01-130-1N','LCR-CORRECTION OF ENTRY(R.A.9048)',NULL,'REVENUE','GENERAL','01','GENERAL-PROPER',0.00,'ANY',NULL,NULL,NULL,0,0,0),('REVITEM3de5eeb3:160059245a1:-7f52','ACTIVE','4-02-01-010-11','RPF-BREAD RETAILER',NULL,'REVENUE','GENERAL','01','GENERAL-PROPER',0.00,'ANY',NULL,NULL,NULL,0,0,0),('REVITEM3de5eeb3:160059245a1:-7f87','ACTIVE','4-02-01-010-11','RPF-MANUAL W/ ORDINARY OVEN',NULL,'REVENUE','GENERAL','01','GENERAL-PROPER',0.00,'ANY',NULL,NULL,NULL,0,0,0),('REVITEM3de5eeb3:160059245a1:-7fbc','ACTIVE','4-02-01-010-11','RPF-MECHANIZE BAKERY','RPF MECHANIZE BAKERY ','REVENUE','GENERAL','01','GENERAL-PROPER',0.00,'ANY',NULL,NULL,NULL,0,0,0),('REVITEM3fb0690a:166f265754b:-7f60','ACTIVE','123','PF-RHU 1 BIRTHING CENTER',NULL,'REVENUE','TRUST','03','TRUST-PROPER',0.00,'ANY',NULL,NULL,NULL,0,0,0),('REVITEM3ff53070:15f59b704ae:-7fc7','ACTIVE','4-02-01-010-11','FENCING PERMIT',NULL,'REVENUE','GENERAL','01','GENERAL-PROPER',0.00,'ANY',NULL,NULL,NULL,0,0,0),('REVITEM4069ab2a:15f382b09e2:-78ca','ACTIVE','4-02-01-010-11','MAYORS PERMIT FOR DISCO',NULL,'REVENUE','GENERAL','01','GENERAL-PROPER',0.00,'ANY',NULL,NULL,NULL,0,0,0),('REVITEM417a95fb:1607a74caf5:-7fcb','ACTIVE','4-02-01-010-11','MP FOR CAROLING',NULL,'REVENUE','GENERAL','01','GENERAL-PROPER',0.00,'ANY',NULL,NULL,NULL,0,0,0),('REVITEM43193444:16195549845:-3ed0','ACTIVE','4-02-01-150','PAMO',NULL,'REVENUE','GENERAL','01','GENERAL-PROPER',0.00,'ANY',NULL,NULL,NULL,0,0,0),('REVITEM454e42ff:1625129f279:-55d2','ACTIVE','4-02-02-190','INCOME FROM SWM RECYCLABLE',NULL,'REVENUE','GENERAL','01','GENERAL-PROPER',0.00,'ANY',NULL,NULL,NULL,0,0,0),('REVITEM454e42ff:1625129f279:-7623','ACTIVE','4-02-01-150','PANA MANO-MANO',NULL,'REVENUE','GENERAL','01','GENERAL-PROPER',0.00,'ANY',NULL,NULL,NULL,0,0,0),('REVITEM454e42ff:1625129f279:-767c','ACTIVE','4-02-01-150','BARUTO',NULL,'REVENUE','GENERAL','01','GENERAL-PROPER',0.00,'ANY',NULL,NULL,NULL,0,0,0),('REVITEM48146200:161e292b240:-7f76','ACTIVE','4-02-01-010-11','RPF-FITNESS ACTIVITY',NULL,'REVENUE','GENERAL','01','GENERAL-PROPER',0.00,'ANY',NULL,NULL,NULL,0,0,0),('REVITEM48146200:161e292b240:-7fd6','ACTIVE','4-02-01-010-11','RPF-PRODUCT SELLING',NULL,'REVENUE','GENERAL','01','GENERAL-PROPER',0.00,'ANY',NULL,NULL,NULL,0,0,0),('REVITEM4a5a8bec:15fdf614831:-6cb4','ACTIVE','4-02-01-030','COST OF PLATE',NULL,'REVENUE','GENERAL','01','GENERAL-PROPER',100.00,'ANY',NULL,NULL,NULL,0,0,0),('REVITEM4a5a8bec:15fdf614831:-6d36','ACTIVE','4-06-01-010','MISCELLANEOUS INCOME',NULL,'REVENUE','GENERAL','01','GENERAL-PROPER',900.00,'ANY',NULL,NULL,NULL,0,0,0),('REVITEM4a5a8bec:15fdf614831:-6d6b','ACTIVE','4-02-01-010-11','ANNUAL FRANCHISE',NULL,'REVENUE','GENERAL','01','GENERAL-PROPER',150.00,'ANY',NULL,NULL,NULL,0,0,0),('REVITEM4aa11075:160019ef736:-7fd1','ACTIVE','4-02-01-010-11','MAYORS PERMIT FEE-FOR ELECTRICIAN',NULL,'REVENUE','GENERAL','01','GENERAL-PROPER',0.00,'ANY',NULL,NULL,NULL,0,0,0),('REVITEM4d55a9dc:15f4fa766b5:-79f3','ACTIVE','4-02-01-130-1B','TRANSFER OF CADAVER',NULL,'REVENUE','GENERAL','01','GENERAL-PROPER',0.00,'ANY',NULL,NULL,NULL,0,0,0),('REVITEM4d55a9dc:15f4fa766b5:-7d93','ACTIVE','4-02-01-130-2P','LAND IMPROVEMENTS',NULL,'REVENUE','GENERAL','01','GENERAL-PROPER',0.00,'ANY',NULL,NULL,NULL,0,0,0),('REVITEM4d55a9dc:15f4fa766b5:-7dc8','ACTIVE','4-02-01-130-2S','LAND HOLDING',NULL,'REVENUE','GENERAL','01','GENERAL-PROPER',0.00,'ANY',NULL,NULL,NULL,0,0,0),('REVITEM4d55a9dc:15f4fa766b5:-7dfd','ACTIVE','4-02-01-130-2N','TRUE COPY',NULL,'REVENUE','GENERAL','01','GENERAL-PROPER',0.00,'ANY',NULL,NULL,NULL,0,0,0),('REVITEM50942284:15f38fa023e:-7fd1','ACTIVE','4-02-01-040-05','TAX CLEARANCE',NULL,'REVENUE','GENERAL','01','GENERAL-PROPER',0.00,'ANY',NULL,NULL,NULL,0,0,0),('REVITEM51329dc3:161f85dc2cd:-7fd9','ACTIVE','100','PAYMENT OF RPT (TRUST)',NULL,'REVENUE','TRUST','03','TRUST-PROPER',0.00,'ANY',NULL,NULL,NULL,0,0,0),('REVITEM524384eb:160ebbdcc4a:684a','ACTIVE','4-02-01-010-11','RPF-BROADCASTING',NULL,'REVENUE','GENERAL','01','GENERAL-PROPER',0.00,'ANY',NULL,NULL,NULL,0,0,0),('REVITEM542b05fc:166a51144fc:-7fc8','ACTIVE','4-02-01-010-11','MP FOR PARADE',NULL,'REVENUE','GENERAL','01','GENERAL-PROPER',0.00,'ANY',NULL,NULL,NULL,0,0,0),('REVITEM58785957:160e0cb25d7:-3914','ACTIVE','4-02-01-010-11','RPF-PLASTICWARE JUAGDAN/BIABAS',NULL,'REVENUE','GENERAL','01','GENERAL-PROPER',0.00,'ANY',NULL,NULL,NULL,0,0,0),('REVITEM58785957:160e0cb25d7:-6813','ACTIVE','4-01-03-030-03','TAX ON MILLERS',NULL,'REVENUE','GENERAL','01','GENERAL-PROPER',0.00,'ANY',NULL,NULL,NULL,0,0,0),('REVITEM58785957:160e0cb25d7:-6feb','ACTIVE','4-01-03-030-01','TAX ON RECTIFIERS/COMPOUNDERS',NULL,'REVENUE','GENERAL','01','GENERAL-PROPER',0.00,'ANY',NULL,NULL,NULL,0,0,0),('REVITEM58785957:160e0cb25d7:-7027','ACTIVE','4-01-03-030-01','TAX ON REPACKERS',NULL,'REVENUE','GENERAL','01','GENERAL-PROPER',0.00,'ANY',NULL,NULL,NULL,0,0,0),('REVITEM59994e5:16434a13235:-775f','ACTIVE','4-02-01-010-11','PERMIT TO TRANSPORT-HOGS (BOAR/SOW) @ 30.00 PER HEAD',NULL,'REVENUE','GENERAL','01','GENERAL-PROPER',0.00,'ANY',NULL,NULL,NULL,0,0,0),('REVITEM59994e5:16434a13235:-780a','ACTIVE','4-02-01-010-11','PERMIT TO TRANSPORT-LARGE CATTLE @ 50.00 PER HEAD',NULL,'REVENUE','GENERAL','01','GENERAL-PROPER',0.00,'ANY',NULL,NULL,NULL,0,0,0),('REVITEM59994e5:16434a13235:-7929','ACTIVE','4-02-01-150','SLAUGHTER FEE-CHICKEN/FOWLS @ 1.00 PER HEAD',NULL,'REVENUE','GENERAL','01','GENERAL-PROPER',0.00,'ANY',NULL,NULL,NULL,0,0,0),('REVITEM59994e5:16434a13235:-7988','ACTIVE','4-02-01-150','SLAUGHTER FEE-GOAT SHEEP AND THE LIKES @ 10 PER HEAD',NULL,'REVENUE','GENERAL','01','GENERAL-PROPER',0.00,'ANY',NULL,NULL,NULL,0,0,0),('REVITEM59994e5:16434a13235:-79d9','ACTIVE','4-02-01-150','SLAUGHTER FEE-HOGS @ 50 PER HEAD',NULL,'REVENUE','GENERAL','01','GENERAL-PROPER',0.00,'ANY',NULL,NULL,NULL,0,0,0),('REVITEM59994e5:16434a13235:-7a9d','ACTIVE','4-02-01-150','SLAUGHTER FEE-LARGE CATTLE @ 100 PER HEAD',NULL,'REVENUE','GENERAL','01','GENERAL-PROPER',0.00,'ANY',NULL,NULL,NULL,0,0,0),('REVITEM59994e5:16434a13235:-7b5c','ACTIVE','4-02-01-100','INSPECTION FEE-POST MORTEM MEAT AND POULTRY @ 0.25 PER KILO',NULL,'REVENUE','GENERAL','01','GENERAL-PROPER',0.00,'ANY',NULL,NULL,NULL,0,0,0),('REVITEM59994e5:16434a13235:-7ba6','ACTIVE','4-02-01-100','INSPECTION FEE-ANTE MORTEM POULTRY @ 0.15 PER HEAD',NULL,'REVENUE','GENERAL','01','GENERAL-PROPER',0.00,'ANY',NULL,NULL,NULL,0,0,0),('REVITEM59994e5:16434a13235:-7beb','ACTIVE','4-02-01-100','INSPECTION FEE-ANTE MORTEM GOAT/SHEEP @ 3 PER HEAD',NULL,'REVENUE','GENERAL','01','GENERAL-PROPER',0.00,'ANY',NULL,NULL,NULL,0,0,0),('REVITEM59994e5:16434a13235:-7c31','ACTIVE','4-02-01-100','INSPECTION FEE-ANTE MORTEM HOGS @ 3 PER HEAD',NULL,'REVENUE','GENERAL','01','GENERAL-PROPER',0.00,'ANY',NULL,NULL,NULL,0,0,0),('REVITEM59994e5:16434a13235:-7c76','ACTIVE','4-02-01-100','INSPECTION FEE-ANTE MORTEM LARGE CATTLE @ 5 PER HEAD',NULL,'REVENUE','GENERAL','01','GENERAL-PROPER',0.00,'ANY',NULL,NULL,NULL,0,0,0),('REVITEM59994e5:16434a13235:-7cc0','ACTIVE','4-02-01-010-11','PERMIT TO TRANSPORT-FIGHTING COCKS-CHICKS @ 10 PER HEAD',NULL,'REVENUE','GENERAL','01','GENERAL-PROPER',0.00,'ANY',NULL,NULL,NULL,0,0,0),('REVITEM59994e5:16434a13235:-7d05','ACTIVE','4-02-01-010-11','PERMIT TO TRANSPORT-FIGHTING COCKS-STAG @ 25 PER HEAD',NULL,'REVENUE','GENERAL','01','GENERAL-PROPER',0.00,'ANY',NULL,NULL,NULL,0,0,0),('REVITEM59994e5:16434a13235:-7d4c','ACTIVE','4-02-01-010-11','PERMIT TO TRANSPORT-FIGHTING COCKS-COCKS @ 50 PER HEAD',NULL,'REVENUE','GENERAL','01','GENERAL-PROPER',0.00,'ANY',NULL,NULL,NULL,0,0,0),('REVITEM59994e5:16434a13235:-7d91','ACTIVE','4-02-01-010-11','PERMIT TO TRANSPORT-FOWLS(FOR TABLE PURPOSES) @ 10 PER HEAD',NULL,'REVENUE','GENERAL','01','GENERAL-PROPER',0.00,'ANY',NULL,NULL,NULL,0,0,0),('REVITEM59994e5:16434a13235:-7e44','ACTIVE','4-2-01-010-11','PERMIT TO TRANSPORT-GOATS/SHEEPS AND THE LIKES @ 50 PER HEAD',NULL,'REVENUE','GENERAL','01','GENERAL-PROPER',0.00,'ANY',NULL,NULL,NULL,0,0,0),('REVITEM59994e5:16434a13235:-7e89','ACTIVE','4-02-01-010-11','PERMIT TO TRANSPORT-HOGS(LECHONON) 20 PER HEAD',NULL,'REVENUE','GENERAL','01','GENERAL-PROPER',0.00,'ANY',NULL,NULL,NULL,0,0,0),('REVITEM59994e5:16434a13235:-7f8a','ACTIVE','4-02-01-130','FILING FEE FOR ADMINISTRATIVE CASES FILED IN THE OFFICE OF SB',NULL,'REVENUE','GENERAL','01','GENERAL-PROPER',0.00,'ANY',NULL,NULL,NULL,0,0,0),('REVITEM59994e5:16434a13235:-7fd6','ACTIVE','4-02-01-010-11','MP FOR RAW MATERIALS TRANSPORT',NULL,'REVENUE','GENERAL','01','GENERAL-PROPER',0.00,'ANY',NULL,NULL,NULL,0,0,0),('REVITEM59d3fc75:160e717b819:-2aa5','ACTIVE','4-02-01-010-11','RPF-EGGS',NULL,'REVENUE','GENERAL','01','GENERAL-PROPER',0.00,'ANY',NULL,NULL,NULL,0,0,0),('REVITEM59d3fc75:160e717b819:-7fd6','ACTIVE','4-02-01-010-11','RPF-LPG DEALER/RETAILER',NULL,'REVENUE','GENERAL','01','GENERAL-PROPER',0.00,'ANY',NULL,NULL,NULL,0,0,0),('REVITEM5a8c519f:15f6bfdd238:-7fb5','ACTIVE','4-01-04-990','OCCUPATIONAL TAX RECEIPT',NULL,'REVENUE','GENERAL','01','GENERAL-PROPER',150.00,'ANY',NULL,NULL,NULL,0,0,0),('REVITEM5bdb0099:15fb8ab9279:-6448','ACTIVE','4-02-01-990','LCR-SERVICE FEE',NULL,'REVENUE','GENERAL','01','GENERAL-PROPER',0.00,'ANY',NULL,NULL,NULL,0,0,0),('REVITEM5d2f996c:163edc63eee:-7fd0','ACTIVE','424-27','TRANSFER OF FUNDS FROM GENERAL TO SEF',NULL,'REVENUE','SEF','02','SEF-PROPER',0.00,'ANY',NULL,NULL,NULL,0,0,0),('REVITEM5ec8277e:16036de746e:-6f71','ACTIVE','4-02-01-010-11','RPF-BICYCLE PARTS',NULL,'REVENUE','GENERAL','01','GENERAL-PROPER',0.00,'ANY',NULL,NULL,NULL,0,0,0),('REVITEM5ec8277e:16036de746e:-6fb6','ACTIVE','4-02-01-010-11','RPF-MICRO FINANCE',NULL,'REVENUE','GENERAL','01','GENERAL-PROPER',0.00,'ANY',NULL,NULL,NULL,0,0,0),('REVITEM5ec8277e:16036de746e:-6ffb','ACTIVE','4-02-01-010-11','RPF-SAVINGS AND CREDIT',NULL,'REVENUE','GENERAL','01','GENERAL-PROPER',0.00,'ANY',NULL,NULL,NULL,0,0,0),('REVITEM5ec8277e:16036de746e:-7042','ACTIVE','4-02-01-010-11','RPF-COOPERATIVE',NULL,'REVENUE','GENERAL','01','GENERAL-PROPER',0.00,'ANY',NULL,NULL,NULL,0,0,0),('REVITEM5ec8277e:16036de746e:-7093','ACTIVE','4-02-01-010-11','RPF-SPA',NULL,'REVENUE','GENERAL','01','GENERAL-PROPER',0.00,'ANY',NULL,NULL,NULL,0,0,0),('REVITEM5ec8277e:16036de746e:-70d8','ACTIVE','4-02-01-010-11','RPF-BEAUTY PARLOR/SALON',NULL,'REVENUE','GENERAL','01','GENERAL-PROPER',0.00,'ANY',NULL,NULL,NULL,0,0,0),('REVITEM5ec8277e:16036de746e:-713d','ACTIVE','4-02-01-010-11','RPF-BARBERSHOP AIRCON',NULL,'REVENUE','GENERAL','01','GENERAL-PROPER',0.00,'ANY',NULL,NULL,NULL,0,0,0),('REVITEM5ec8277e:16036de746e:-718a','ACTIVE','4-02-01-010-11','RPF-BARBERSHOP NON-AIRCON',NULL,'REVENUE','GENERAL','01','GENERAL-PROPER',0.00,'ANY',NULL,NULL,NULL,0,0,0),('REVITEM5ec8277e:16036de746e:-7209','ACTIVE','4-02-01-010-11','RPF-APPLIANCE DISTRIBUTOR',NULL,'REVENUE','GENERAL','01','GENERAL-PROPER',0.00,'ANY',NULL,NULL,NULL,0,0,0),('REVITEM5ec8277e:16036de746e:-724e','ACTIVE','4-02-01-010-11','RPF-APPLIANCE DEALER',NULL,'REVENUE','GENERAL','01','GENERAL-PROPER',0.00,'ANY',NULL,NULL,NULL,0,0,0),('REVITEM5ec8277e:16036de746e:-7298','ACTIVE','4-02-01-010-11','RPF-TRUCKING CARGOS',NULL,'REVENUE','GENERAL','01','GENERAL-PROPER',0.00,'ANY',NULL,NULL,NULL,0,0,0),('REVITEM5ec8277e:16036de746e:-72de','ACTIVE','4-02-01-010-11','RPF-DISTRIBUTOR OF ASSORTED PRODUCTS',NULL,'REVENUE','GENERAL','01','GENERAL-PROPER',0.00,'ANY',NULL,NULL,NULL,0,0,0),('REVITEM5ec8277e:16036de746e:-7323','ACTIVE','4-02-01-010-11','RPF-DISTRIBUTORS/WHOLESALER',NULL,'REVENUE','GENERAL','01','GENERAL-PROPER',0.00,'ANY',NULL,NULL,NULL,0,0,0),('REVITEM5ec8277e:16036de746e:-7368','ACTIVE','4-02-01-010-11','RPF-FOOD SUPLEMENTS',NULL,'REVENUE','GENERAL','01','GENERAL-PROPER',0.00,'ANY',NULL,NULL,NULL,0,0,0),('REVITEM5ec8277e:16036de746e:-73e4','ACTIVE','4-02-01-010-11','RPF-FOOD SUPLEMENTS',NULL,'REVENUE','GENERAL','01','GENERAL-PROPER',0.00,'ANY',NULL,NULL,NULL,0,0,0),('REVITEM5ec8277e:16036de746e:-742b','ACTIVE','4-02-01-010-11','RPF-DRUGSTORE/PHARMACY',NULL,'REVENUE','GENERAL','01','GENERAL-PROPER',0.00,'ANY',NULL,NULL,NULL,0,0,0),('REVITEM5ec8277e:16036de746e:-7473','ACTIVE','4-02-01-010-11','RPF-MERCHANDISING',NULL,'REVENUE','GENERAL','01','GENERAL-PROPER',0.00,'ANY',NULL,NULL,NULL,0,0,0),('REVITEM5ec8277e:16036de746e:-74bd','ACTIVE','4-02-01-010-11','RPF-DEPARTMENT STORE',NULL,'REVENUE','GENERAL','01','GENERAL-PROPER',0.00,'ANY',NULL,NULL,NULL,0,0,0),('REVITEM5ec8277e:16036de746e:-7547','ACTIVE','4-02-01-010-11','DEPARTMENT STORE',NULL,'REVENUE','GENERAL','01','GENERAL-PROPER',0.00,'ANY',NULL,NULL,NULL,0,0,0),('REVITEM5ec8277e:16036de746e:-758e','ACTIVE','4-02-01-010-11','RPF-GROCERY',NULL,'REVENUE','GENERAL','01','GENERAL-PROPER',0.00,'ANY',NULL,NULL,NULL,0,0,0),('REVITEM5ec8277e:16036de746e:-75d3','ACTIVE','4-02-01-010-11','RPF-PRAWN FEEDS',NULL,'REVENUE','GENERAL','01','GENERAL-PROPER',0.00,'ANY',NULL,NULL,NULL,0,0,0),('REVITEM5ec8277e:16036de746e:-7618','ACTIVE','4-02-01-010-11','RPF-VETERINARY PRODUCTS',NULL,'REVENUE','GENERAL','01','GENERAL-PROPER',0.00,'ANY',NULL,NULL,NULL,0,0,0),('REVITEM5ec8277e:16036de746e:-765d','ACTIVE','4-02-01-010-11','RPF-AGRIVET SUPPLY',NULL,'REVENUE','GENERAL','01','GENERAL-PROPER',0.00,'ANY',NULL,NULL,NULL,0,0,0),('REVITEM5ec8277e:16036de746e:-76a2','ACTIVE','4-02-01-010-11','RPF-CHEMICAL AND PESTICIDES SUPPLY',NULL,'REVENUE','GENERAL','01','GENERAL-PROPER',0.00,'ANY',NULL,NULL,NULL,0,0,0),('REVITEM5ec8277e:16036de746e:-772b','ACTIVE','4-02-01-010-11','RPF-AGRICULTURAL SUPPLY',NULL,'REVENUE','GENERAL','01','GENERAL-PROPER',0.00,'ANY',NULL,NULL,NULL,0,0,0),('REVITEM5ec8277e:16036de746e:-7770','ACTIVE','4-02-01-010-11','RPF-COPRA BUYER',NULL,'REVENUE','GENERAL','01','GENERAL-PROPER',0.00,'ANY',NULL,NULL,NULL,0,0,0),('REVITEM5ec8277e:16036de746e:-77bc','ACTIVE','4-02-01-010-11','RPF-PALAY BUYER',NULL,'REVENUE','GENERAL','01','GENERAL-PROPER',0.00,'ANY',NULL,NULL,NULL,0,0,0),('REVITEM5ec8277e:16036de746e:-7807','ACTIVE','4-02-01-010-11','RPF-RICE/CORN RETAILER',NULL,'REVENUE','GENERAL','01','GENERAL-PROPER',0.00,'ANY',NULL,NULL,NULL,0,0,0),('REVITEM5ec8277e:16036de746e:-78ed','ACTIVE','4-02-01-010-11','RPF-FOREIGN LIQUOR',NULL,'REVENUE','GENERAL','01','GENERAL-PROPER',0.00,'ANY',NULL,NULL,NULL,0,0,0),('REVITEM5ec8277e:16036de746e:-7937','ACTIVE','4-02-01-010-11','RPF-FISHING SUPPLY',NULL,'REVENUE','GENERAL','01','GENERAL-PROPER',0.00,'ANY',NULL,NULL,NULL,0,0,0),('REVITEM5ec8277e:16036de746e:-7981','ACTIVE','4-02-01-010-11','RPF-FERTILIZER',NULL,'REVENUE','GENERAL','01','GENERAL-PROPER',0.00,'ANY',NULL,NULL,NULL,0,0,0),('REVITEM5ec8277e:16036de746e:-79c6','ACTIVE','4-02-01-010-11','RPF-CONFECTIONARIES AND CANDIES',NULL,'REVENUE','GENERAL','01','GENERAL-PROPER',0.00,'ANY',NULL,NULL,NULL,0,0,0),('REVITEM5ec8277e:16036de746e:-7a3e','ACTIVE','4-02-01-010-11','RPF-CANDLES',NULL,'REVENUE','GENERAL','01','GENERAL-PROPER',0.00,'ANY',NULL,NULL,NULL,0,0,0),('REVITEM5ec8277e:16036de746e:-7a88','ACTIVE','4-02-01-010-11','RPF-CLOTHES AND GARMENTS',NULL,'REVENUE','GENERAL','01','GENERAL-PROPER',0.00,'ANY',NULL,NULL,NULL,0,0,0),('REVITEM5ec8277e:16036de746e:-7ad2','ACTIVE','4-02-01-010-11','RPF-DOMESTIC LIQUOR',NULL,'REVENUE','GENERAL','01','GENERAL-PROPER',0.00,'ANY',NULL,NULL,NULL,0,0,0),('REVITEM5ec8277e:16036de746e:-7b17','ACTIVE','4-02-01-010-11','RPF-KITCHENWARE',NULL,'REVENUE','GENERAL','01','GENERAL-PROPER',0.00,'ANY',NULL,NULL,NULL,0,0,0),('REVITEM5ec8277e:16036de746e:-7b5c','ACTIVE','4-02-01-010-11','RPF-PLASTICWARE',NULL,'REVENUE','GENERAL','01','GENERAL-PROPER',0.00,'ANY',NULL,NULL,NULL,0,0,0),('REVITEM5ec8277e:16036de746e:-7ba2','ACTIVE','4-02-01-010-11','RPF-DRYGOODS',NULL,'REVENUE','GENERAL','01','GENERAL-PROPER',0.00,'ANY',NULL,NULL,NULL,0,0,0),('REVITEM5ec8277e:16036de746e:-7be7','ACTIVE','4-02-01-010-11','RPF-SOAP AND COSMETICS DEALER',NULL,'REVENUE','GENERAL','01','GENERAL-PROPER',0.00,'ANY',NULL,NULL,NULL,0,0,0),('REVITEM5ec8277e:16036de746e:-7c2c','ACTIVE','4-02-01-010-11','RPF-COSMETIC DEALER',NULL,'REVENUE','GENERAL','01','GENERAL-PROPER',0.00,'ANY',NULL,NULL,NULL,0,0,0),('REVITEM5ec8277e:16036de746e:-7c71','ACTIVE','4-02-01-010-11','RPF-CIGARETTE',NULL,'REVENUE','GENERAL','01','GENERAL-PROPER',0.00,'ANY',NULL,NULL,NULL,0,0,0),('REVITEM5ec8277e:16036de746e:-7cb6','ACTIVE','4-02-01-010-11','RPF-CHUCHERIAS',NULL,'REVENUE','GENERAL','01','GENERAL-PROPER',0.00,'ANY',NULL,NULL,NULL,0,0,0),('REVITEM5f85d46c:1617b65d2bf:-7d27','ACTIVE','4-02-01-150','PADDLE BOAT',NULL,'REVENUE','GENERAL','01','GENERAL-PROPER',0.00,'ANY',NULL,NULL,NULL,0,0,0),('REVITEM5f85d46c:1617b65d2bf:-7d73','ACTIVE','4-02-01-020','CATTLE/ANIMAL REGISTRATION FEE',NULL,'REVENUE','GENERAL','01','GENERAL-PROPER',0.00,'ANY',NULL,NULL,NULL,0,0,0),('REVITEM5f85d46c:1617b65d2bf:-7fd6','ACTIVE','424-27','INTERBANK TRANSFER OF FUNDS (TRUST)',NULL,'REVENUE','TRUST','03','TRUST-PROPER',0.00,'ANY',NULL,NULL,NULL,0,0,0),('REVITEM60d778ea:161064c8db4:-7fae','ACTIVE','4-02-01-010-11','RPF-ATM MACHINE',NULL,'REVENUE','GENERAL','01','GENERAL-PROPER',0.00,'ANY',NULL,NULL,NULL,0,0,0),('REVITEM6377840a:15faeb03e4e:-79ab','ACTIVE','4-02-01-130-1M','EXCERPT COPY',NULL,'REVENUE','GENERAL','01','GENERAL-PROPER',0.00,'ANY',NULL,NULL,NULL,0,0,0),('REVITEM663b94e5:1638f7e3ebd:-79d3','ACTIVE','108','SK REGISTRATION FOR ORIENTATION',NULL,'REVENUE','TRUST','03','TRUST-PROPER',0.00,'ANY',NULL,NULL,NULL,0,0,0),('REVITEM668dffb5:15f5bde06ed:-7fbf','ACTIVE','148-0002','REFUND OF CASH ADVANCE(TRAVEL)',NULL,'REVENUE','GENERAL','01','GENERAL-PROPER',0.00,'ANY',NULL,NULL,NULL,0,0,0),('REVITEM69ab918a:16188c29f27:-62ec','ACTIVE','4-02-01-010-11','RPF-MANUFACTURER','RPF-MANUFACTURER','REVENUE','GENERAL','01','GENERAL-PROPER',0.00,'ANY',NULL,NULL,NULL,0,0,0),('REVITEM6f5c9ed0:160bec0e88b:2054','ACTIVE','4-02-01-010-11','RPF-GASOLINE PER PUMP','RPF-GASOLINE PER PUMP','REVENUE','GENERAL','01','GENERAL-PROPER',0.00,'ANY',NULL,NULL,NULL,0,0,0),('REVITEM6f5c9ed0:160bec0e88b:2089','ACTIVE','4-02-01-010-11','RPF-GASOLINE DISPENSER','RPF-GASOLINE DISPENSER','REVENUE','GENERAL','01','GENERAL-PROPER',0.00,'ANY',NULL,NULL,NULL,0,0,0),('REVITEM6f5c9ed0:160bec0e88b:292b','ACTIVE','4-02-01-010-11','RPF-DIESEL','RPF-DIESEL','REVENUE','GENERAL','01','GENERAL-PROPER',0.00,'ANY',NULL,NULL,NULL,0,0,0),('REVITEM6f5c9ed0:160bec0e88b:2960','ACTIVE','4-02-01-010-11','RPF-GASOLINE SPECIAL','RPF-GASOLINE SPECIAL','REVENUE','GENERAL','01','GENERAL-PROPER',0.00,'ANY',NULL,NULL,NULL,0,0,0),('REVITEM6f5c9ed0:160bec0e88b:2995','ACTIVE','4-02-01-010-11','RPF-KEROSENE','RPF-KEROSENE','REVENUE','GENERAL','01','GENERAL-PROPER',0.00,'ANY',NULL,NULL,NULL,0,0,0),('REVITEM6f5c9ed0:160bec0e88b:29ca','ACTIVE','4-02-01-010-11','RPF GAS SPECIAL FILLING PUMPS','RPF GAS SPECIAL FILLING PUMPS','REVENUE','GENERAL','01','GENERAL-PROPER',0.00,'ANY',NULL,NULL,NULL,0,0,0),('REVITEM6f5c9ed0:160bec0e88b:2eb7','ACTIVE','4-02-01-010-11','RPF-DIESEL FILLING PUMPS','RPF DIESEL FILLING PUMPS','REVENUE','GENERAL','01','GENERAL-PROPER',0.00,'ANY',NULL,NULL,NULL,0,0,0),('REVITEM6f6709c5:15f415d39fa:-77f6','ACTIVE','4-02-02-200','DENTAL FEE',NULL,'REVENUE','GENERAL','01','GENERAL-PROPER',50.00,'FIXEDUNIT',NULL,NULL,NULL,0,0,0),('REVITEM6f6709c5:15f415d39fa:-788c','ACTIVE','4-02-01-040-05','CERTIFICATE OF FINALITY',NULL,'REVENUE','GENERAL','01','GENERAL-PROPER',0.00,'ANY',NULL,NULL,NULL,0,0,0),('REVITEM6f6709c5:15f415d39fa:-7921','ACTIVE','4-02-01-130-1O','LCR-PER ANNOTATION',NULL,'REVENUE','GENERAL','01','GENERAL-PROPER',0.00,'ANY',NULL,NULL,NULL,0,0,0),('REVITEM6f6709c5:15f415d39fa:-796c','ACTIVE','4-02-01-010-11','OPERATOR',NULL,'REVENUE','GENERAL','01','GENERAL-PROPER',0.00,'ANY',NULL,NULL,NULL,0,0,0),('REVITEM6f6709c5:15f415d39fa:-79bd','ACTIVE','4-02-01-020-01','BUSINESS REGISTRATION FOR HIRE',NULL,'REVENUE','GENERAL','01','GENERAL-PROPER',0.00,'ANY',NULL,NULL,NULL,0,0,0),('REVITEM6f6709c5:15f415d39fa:-7a06','ACTIVE','4-02-01-130-1P','EXHUMATION',NULL,'REVENUE','GENERAL','01','GENERAL-PROPER',0.00,'ANY',NULL,NULL,NULL,0,0,0),('REVITEM700cee30:161056c75c8:-7fdc','ACTIVE','11','MISCELLANEOUS TRUST LIABILITIES-ADVANCE PAYMENT',NULL,'REVENUE','GENERAL','01','GENERAL-PROPER',0.00,'ANY',NULL,NULL,NULL,0,0,0),('REVITEM70f50ae2:1622d2e17f2:-7e46','ACTIVE','105','REFUND OF CASH ADVANCE (TRUST FUND)',NULL,'REVENUE','TRUST','03','TRUST-PROPER',0.00,'ANY',NULL,NULL,NULL,0,0,0),('REVITEM71656458:1600f56d4fd:e74','ACTIVE','439-0001-A','BID SECURITY',NULL,'REVENUE','TRUST','03','TRUST-PROPER',0.00,'ANY',NULL,NULL,NULL,0,0,0),('REVITEM7178d7fd:16053e381de:-79c1','ACTIVE','4-02-02-980','BUSINESS SURCHARGE','BUSINESS SURCHARGE','REVENUE','GENERAL','01','GENERAL-PROPER',0.00,'ANY',NULL,NULL,NULL,0,0,0),('REVITEM71cc3c5a:15fc75fc425:-430c','ACTIVE','4-02-02-980','VIOLATION OF MUNICIPAL ORDINANCE',NULL,'REVENUE','GENERAL','01','GENERAL-PROPER',0.00,'ANY',NULL,NULL,NULL,0,0,0),('REVITEM7373181:1645da33cee:-722e','ACTIVE','4-02-01-010-11','MP FOR ASSOCIATION',NULL,'REVENUE','GENERAL','01','GENERAL-PROPER',0.00,'ANY',NULL,NULL,NULL,0,0,0),('REVITEM74581a8:16435d098ca:-7d8a','ACTIVE','4-02-01-040-05','CLEARANCES',NULL,'REVENUE','GENERAL','01','GENERAL-PROPER',0.00,'ANY',NULL,NULL,NULL,0,0,0),('REVITEM75eb5467:160c71682b9:-3eca','ACTIVE','4-02-01-010-11','RPF-SECURITY LOCATION',NULL,'REVENUE','GENERAL','01','GENERAL-PROPER',0.00,'ANY',NULL,NULL,NULL,0,0,0),('REVITEM75eb5467:160c71682b9:-55ff','ACTIVE','4-02-01-010-11','RPF-SECURITY AGENCY',NULL,'REVENUE','GENERAL','01','GENERAL-PROPER',0.00,'ANY',NULL,NULL,NULL,0,0,0),('REVITEM75eb5467:160c71682b9:-7f21','ACTIVE','4-02-01-010-11','RPF-REAL ESTATE LESSOR/DEALER',NULL,'REVENUE','GENERAL','01','GENERAL-PROPER',0.00,'ANY',NULL,NULL,NULL,0,0,0),('REVITEM75eb5467:160c71682b9:-85f','ACTIVE','4-02-01-040-03','HEALTH CARD',NULL,'REVENUE','GENERAL','01','GENERAL-PROPER',0.00,'ANY',NULL,NULL,NULL,0,0,0),('REVITEM75eb5467:160c71682b9:-aad','ACTIVE','4-02-01-010-11','RPF-INSURANCE',NULL,'REVENUE','GENERAL','01','GENERAL-PROPER',0.00,'ANY',NULL,NULL,NULL,0,0,0),('REVITEM75eb5467:160c71682b9:-ccb','ACTIVE','4-02-01-010-11','RPF-OPTICAL',NULL,'REVENUE','GENERAL','01','GENERAL-PROPER',0.00,'ANY',NULL,NULL,NULL,0,0,0),('REVITEM7641ff65:163dd44e3c2:-7fdc','ACTIVE','109','REFUND OF FINANCIAL ASSISTANCE FOR TANDA SA BARANGAY',NULL,'REVENUE','GENERAL','01','GENERAL-PROPER',0.00,'ANY',NULL,NULL,NULL,0,0,0),('REVITEM7754c717:164a6d0fff9:-7fd6','ACTIVE','4-02-01-010-11','MP FOR COMMUNITY WORKS/OUTREACH PROGRAM',NULL,'REVENUE','GENERAL','01','GENERAL-PROPER',0.00,'ANY',NULL,NULL,NULL,0,0,0),('REVITEM78f40f73:15f5ae0e97b:-7f42','ACTIVE','4-02-01-990','VET HEALTH',NULL,'REVENUE','GENERAL','01','GENERAL-PROPER',0.00,'ANY',NULL,NULL,NULL,0,0,0),('REVITEM78f40f73:15f5ae0e97b:-7f88','ACTIVE','4-02-01-020-02','REGISTRATION OF LARGE CATTLE',NULL,'REVENUE','GENERAL','01','GENERAL-PROPER',0.00,'ANY',NULL,NULL,NULL,0,0,0),('REVITEM78f40f73:15f5ae0e97b:-7fc6','ACTIVE','4-02-01-990','PD 914',NULL,'REVENUE','GENERAL','01','GENERAL-PROPER',0.00,'ANY',NULL,NULL,NULL,0,0,0),('REVITEM7b1e8e54:164c58c2e45:-7fd6','ACTIVE','1605-00001','EXCESS OF BHW AID',NULL,'REVENUE','GENERAL','01','GENERAL-PROPER',0.00,'ANY',NULL,NULL,NULL,0,0,0),('REVITEM7c163e8e:161e7df1f5b:-7f22','ACTIVE','4-02-02-050','RENTAL OF GRADER',NULL,'REVENUE','GENERAL','01','GENERAL-PROPER',0.00,'ANY',NULL,NULL,NULL,0,0,0),('REVITEM7c163e8e:161e7df1f5b:-7f67','ACTIVE','4-02-02-050','RENTAL OF ROAD ROLLER',NULL,'REVENUE','GENERAL','01','GENERAL-PROPER',0.00,'ANY',NULL,NULL,NULL,0,0,0),('REVITEM7c163e8e:161e7df1f5b:-7fca','ACTIVE','4-02-02-050','RENTAL OF GRADER',NULL,'REVENUE','GENERAL','01','GENERAL-PROPER',0.00,'ANY',NULL,NULL,NULL,0,0,0),('REVITEM7d5f4b7c:16777b446b7:-6d5f','ACTIVE','124','SMALL CLAIM CASE NO. 133-18SC',NULL,'REVENUE','TRUST','03','TRUST-PROPER',0.00,'ANY',NULL,NULL,NULL,0,0,0),('REVITEM7da7d6d4:160c1f33bd7:-4188','ACTIVE','4-02-01-010-11','MP FOR ELECTRICIAN',NULL,'REVENUE','GENERAL','01','GENERAL-PROPER',0.00,'ANY',NULL,NULL,NULL,0,0,0),('REVITEM7da7d6d4:160c1f33bd7:-4699','ACTIVE','4-02-01-010-11','RPF-ADD. MAHJONG TABLE',NULL,'REVENUE','GENERAL','01','GENERAL-PROPER',0.00,'ANY',NULL,NULL,NULL,0,0,0),('REVITEM7da7d6d4:160c1f33bd7:-472c','ACTIVE','4-02-01-010-11','RPF-MAHJONG TABLE',NULL,'REVENUE','GENERAL','01','GENERAL-PROPER',0.00,'ANY',NULL,NULL,NULL,0,0,0),('REVITEM7da7d6d4:160c2bfc277:2963','ACTIVE','4-02-01-010-11','OTHER PERMITS AND LICENSES',NULL,'REVENUE','GENERAL','01','GENERAL-PROPER',0.00,'ANY',NULL,NULL,NULL,0,0,0),('REVITEM7da7d6d4:160c2bfc277:2a10','ACTIVE','4-02-01-010-11','SPECIAL PERMITS(SELLING OF BEER AND BEVERAGES)',NULL,'REVENUE','GENERAL','01','GENERAL-PROPER',0.00,'ANY',NULL,NULL,NULL,0,0,0),('REVITEM7da7d6d4:160c2bfc277:2a6c','ACTIVE','4-02-02-990','ELECTRICAL CONSUMPTION FEE',NULL,'REVENUE','GENERAL','01','GENERAL-PROPER',0.00,'ANY',NULL,NULL,NULL,0,0,0),('REVITEM7e965909:1610db5eadc:-5bb7','ACTIVE','4-02-01-010-11','SALE OF BODY NUMBER','SALE OF BODY NUMBER','REVENUE','GENERAL','01','GENERAL-PROPER',0.00,'ANY',NULL,NULL,NULL,0,0,0),('REVITEM7e965909:1610db5eadc:-5e1d','ACTIVE','4-02-01-150','REG. FOR BICYCLE','REG. FOR BICYCLE','REVENUE','GENERAL','01','GENERAL-PROPER',0.00,'ANY',NULL,NULL,NULL,0,0,0),('REVITEM7e965909:1610db5eadc:-6400','ACTIVE','4-02-01-010-11','MP FOR TRISIKAD','MP FOR TRISIKAD','REVENUE','GENERAL','01','GENERAL-PROPER',0.00,'ANY',NULL,NULL,NULL,0,0,0),('REVITEM7e965909:1610db5eadc:-73af','ACTIVE','4-02-01-010-11','RPF-ICE CREAM','RPF-ICE CREAM','REVENUE','GENERAL','01','GENERAL-PROPER',0.00,'ANY',NULL,NULL,NULL,0,0,0),('REVITEM7f58832b:161af71869d:-7252','ACTIVE','4-02-01-010-11','RPF-FISH VENDOR',NULL,'REVENUE','GENERAL','01','GENERAL-PROPER',0.00,'ANY',NULL,NULL,NULL,0,0,0),('REVITEM7f58832b:161af71869d:-7fd8','ACTIVE','103','CEST PROJECT',NULL,'REVENUE','TRUST','03','TRUST-PROPER',0.00,'ANY',NULL,NULL,NULL,0,0,0),('REVITEM95d229d:1602e58bd2a:-6b13','ACTIVE','2-04-01-030','REFUND OF ERRONEOUS BAIL BOND',NULL,'REVENUE','TRUST','03','TRUST-PROPER',0.00,'ANY',NULL,NULL,NULL,0,0,0),('REVITEMa9c6057:15fbd00bd37:-2ffe','ACTIVE','4-02-01-130-2R','VACCINATION',NULL,'REVENUE','GENERAL','01','GENERAL-PROPER',0.00,'ANY',NULL,NULL,NULL,0,0,0),('REVITEMa9c6057:15fbd00bd37:-7406','ACTIVE','4-04-01-020','PCSO SHARE',NULL,'REVENUE','GENERAL','01','GENERAL-PROPER',0.00,'ANY',NULL,NULL,NULL,0,0,0),('REVITEMa9c6057:15fbd00bd37:-743b','ACTIVE','4-06-01-010','STL SHARE',NULL,'REVENUE','GENERAL','01','GENERAL-PROPER',0.00,'ANY',NULL,NULL,NULL,0,0,0),('REVITEMc3c7846:16050eff9dc:-41f3','ACTIVE','424-26','TRANSFER OF FUNDS FROM TRUST FUND TO GENERAL FUND',NULL,'REVENUE','GENERAL','01','GENERAL-PROPER',0.00,'ANY',NULL,NULL,NULL,0,0,0),('REVITEMe2fadf8:16075c11aac:-5791','ACTIVE','4-02-02-150','ANTE AND POST MORTEM INSPECTION FEE',NULL,'REVENUE','GENERAL','01','GENERAL-PROPER',0.00,'ANY',NULL,NULL,NULL,0,0,0),('REVITEMef95b42:16323a64b20:-7fca','ACTIVE','4-02-01-150','AQUACULTURE',NULL,'REVENUE','GENERAL','01','GENERAL-PROPER',0.00,'ANY',NULL,NULL,NULL,0,0,0),('REVITEMfdcc78e:15fc2c8409c:-6906','ACTIVE','4-02-02-990','ANTE NATAL (RHU - II)',NULL,'REVENUE','TRUST','03','TRUST-PROPER',0.00,'ANY',NULL,NULL,NULL,0,0,0),('REVITEMfdcc78e:15fc2c8409c:-693b','ACTIVE','4-02-02-990','ANTE NATAL (RHU I)',NULL,'REVENUE','TRUST','03','TRUST-PROPER',0.00,'ANY',NULL,NULL,NULL,0,0,0),('REVITEMfdcc78e:15fc2c8409c:-69f5','ACTIVE','4-02-02-990','TB DOTS (RHU II)',NULL,'REVENUE','TRUST','03','TRUST-PROPER',0.00,'ANY',NULL,NULL,NULL,0,0,0),('REVITEMfdcc78e:15fc2c8409c:-6a2a','ACTIVE','4-02-02-990','TB DOTS (RHU-I)',NULL,'REVENUE','TRUST','03','TRUST-PROPER',0.00,'ANY',NULL,NULL,NULL,0,0,0),('RPT_BASICINT_CURRENT','ACTIVE','588-004','RPT BASIC PENALTY CURRENT','RPT BASIC PENALTY CURRENT','REVENUE','GENERAL','01','GENERAL-PROPER',0.00,'ANY',NULL,NULL,NULL,0,NULL,0),('RPT_BASICINT_CURRENT_BRGY_SHARE','ACTIVE','455-049','RPT BASIC PENALTY CURRENT BARANGAY SHARE','RPT BASIC PENALTY CURRENT BARANGAY SHARE','PAYABLE','GENERAL','01','GENERAL-PROPER',0.00,'ANY',NULL,NULL,NULL,0,NULL,0),('RPT_BASICINT_CURRENT_PROVINCE_SHARE','ACTIVE','455-049','RPT BASIC CURRENT PENALTY PROVINCE SHARE','RPT BASIC CURRENT PENALTY PROVINCE SHARE','PAYABLE','GENERAL','01','GENERAL-PROPER',0.00,'ANY',NULL,NULL,NULL,0,NULL,0),('RPT_BASICINT_PREVIOUS','ACTIVE','588-005','RPT BASIC PENALTY PREVIOUS','RPT BASIC PENALTY PREVIOUS','REVENUE','GENERAL','01','GENERAL-PROPER',0.00,'ANY',NULL,NULL,NULL,0,NULL,0),('RPT_BASICINT_PREVIOUS_BRGY_SHARE','ACTIVE','455-049','RPT BASIC PENALTY PREVIOUS BARANGAY SHARE','RPT BASIC PENALTY PREVIOUS BARANGAY SHARE','PAYABLE','GENERAL','01','GENERAL-PROPER',0.00,'ANY',NULL,NULL,NULL,0,NULL,0),('RPT_BASICINT_PREVIOUS_PROVINCE_SHARE','ACTIVE','455-049','RPT BASIC PREVIOUS PENALTY PROVINCE SHARE','RPT BASIC PREVIOUS PENALTY PROVINCE SHARE','PAYABLE','GENERAL','01','GENERAL-PROPER',0.00,'ANY',NULL,NULL,NULL,0,NULL,0),('RPT_BASICINT_PRIOR','ACTIVE','588-006','RPT BASIC PENALTY PRIOR','RPT BASIC PENALTY PRIOR','REVENUE','GENERAL','01','GENERAL-PROPER',0.00,'ANY',NULL,NULL,NULL,0,NULL,0),('RPT_BASICINT_PRIOR_BRGY_SHARE','ACTIVE','455-049','RPT BASIC PENALTY PRIOR BARANGAY SHARE','RPT BASIC PENALTY PRIOR BARANGAY SHARE','PAYABLE','GENERAL','01','GENERAL-PROPER',0.00,'ANY',NULL,NULL,NULL,0,NULL,0),('RPT_BASICINT_PRIOR_PROVINCE_SHARE','ACTIVE','455-049','RPT BASIC PRIOR PENALTY PROVINCE SHARE','RPT BASIC PRIOR PENALTY PROVINCE SHARE','PAYABLE','GENERAL','01','GENERAL-PROPER',0.00,'ANY',NULL,NULL,NULL,0,NULL,0),('RPT_BASIC_ADVANCE','ACTIVE','588-007','RPT BASIC ADVANCE','RPT BASIC ADVANCE','REVENUE','GENERAL','01','GENERAL-PROPER',0.00,'ANY',NULL,NULL,NULL,0,NULL,0),('RPT_BASIC_ADVANCE_BRGY_SHARE','ACTIVE','455-049','RPT BASIC ADVANCE BARANGAY SHARE','RPT BASIC ADVANCE BARANGAY SHARE','PAYABLE','GENERAL','01','GENERAL-PROPER',0.00,'ANY',NULL,NULL,NULL,0,NULL,0),('RPT_BASIC_ADVANCE_PROVINCE_SHARE','ACTIVE','455-049','RPT BASIC ADVANCE PROVINCE SHARE','RPT BASIC ADVANCE PROVINCE SHARE','PAYABLE','GENERAL','01','GENERAL-PROPER',0.00,'ANY',NULL,NULL,NULL,0,NULL,0),('RPT_BASIC_CURRENT','ACTIVE','588-001','RPT BASIC CURRENT','RPT BASIC CURRENT','REVENUE','GENERAL','01','GENERAL-PROPER',0.00,'ANY',NULL,NULL,NULL,0,NULL,0),('RPT_BASIC_CURRENT_BRGY_SHARE','ACTIVE','455-049','RPT BASIC CURRENT BARANGAY SHARE','RPT BASIC CURRENT BARANGAY SHARE','PAYABLE','GENERAL','01','GENERAL-PROPER',0.00,'ANY',NULL,NULL,NULL,0,NULL,0),('RPT_BASIC_CURRENT_PROVINCE_SHARE','ACTIVE','455-049','RPT BASIC CURRENT PROVINCE SHARE','RPT BASIC CURRENT PROVINCE SHARE','PAYABLE','GENERAL','01','GENERAL-PROPER',0.00,'ANY',NULL,NULL,NULL,0,NULL,0),('RPT_BASIC_PREVIOUS','ACTIVE','588-002','RPT BASIC PREVIOUS','RPT BASIC PREVIOUS','REVENUE','GENERAL','01','GENERAL-PROPER',0.00,'ANY',NULL,NULL,NULL,0,NULL,0),('RPT_BASIC_PREVIOUS_BRGY_SHARE','ACTIVE','455-049','RPT BASIC PREVIOUS BARANGAY SHARE','RPT BASIC PREVIOUS BARANGAY SHARE','PAYABLE','GENERAL','01','GENERAL-PROPER',0.00,'ANY',NULL,NULL,NULL,0,NULL,0),('RPT_BASIC_PREVIOUS_PROVINCE_SHARE','ACTIVE','455-049','RPT BASIC PREVIOUS PROVINCE SHARE','RPT BASIC PREVIOUS PROVINCE SHARE','PAYABLE','GENERAL','01','GENERAL-PROPER',0.00,'ANY',NULL,NULL,NULL,0,NULL,0),('RPT_BASIC_PRIOR','ACTIVE','588-003','RPT BASIC PRIOR','RPT BASIC PRIOR','REVENUE','GENERAL','01','GENERAL-PROPER',0.00,'ANY',NULL,NULL,NULL,0,NULL,0),('RPT_BASIC_PRIOR_BRGY_SHARE','ACTIVE','455-049','RPT BASIC PRIOR BARANGAY SHARE','RPT BASIC PRIOR BARANGAY SHARE','PAYABLE','GENERAL','01','GENERAL-PROPER',0.00,'ANY',NULL,NULL,NULL,0,NULL,0),('RPT_BASIC_PRIOR_PROVINCE_SHARE','ACTIVE','455-049','RPT BASIC PRIOR PROVINCE SHARE','RPT BASIC PRIOR PROVINCE SHARE','PAYABLE','GENERAL','01','GENERAL-PROPER',0.00,'ANY',NULL,NULL,NULL,0,NULL,0),('RPT_SEFINT_CURRENT','ACTIVE','455-050','RPT SEF PENALTY CURRENT','RPT SEF PENALTY CURRENT','REVENUE','SEF','02','SEF-PROPER',0.00,'ANY',NULL,NULL,NULL,0,NULL,0),('RPT_SEFINT_CURRENT_PROVINCE_SHARE','ACTIVE','455-050','RPT SEF CURRENT PENALTY PROVINCE SHARE','RPT SEF CURRENT PENALTY PROVINCE SHARE','PAYABLE','SEF','02','SEF-PROPER',0.00,'ANY',NULL,NULL,NULL,0,NULL,0),('RPT_SEFINT_PREVIOUS','ACTIVE','455-050','RPT SEF PENALTY PREVIOUS','RPT SEF PENALTY PREVIOUS','REVENUE','SEF','02','SEF-PROPER',0.00,'ANY',NULL,NULL,NULL,0,NULL,0),('RPT_SEFINT_PREVIOUS_PROVINCE_SHARE','ACTIVE','455-050','RPT SEF PREVIOUS PENALTY PROVINCE SHARE','RPT SEF PREVIOUS PENALTY PROVINCE SHARE','PAYABLE','SEF','02','SEF-PROPER',0.00,'ANY',NULL,NULL,NULL,0,NULL,0),('RPT_SEFINT_PRIOR','ACTIVE','455-050','RPT SEF PENALTY PRIOR','RPT SEF PENALTY PRIOR','REVENUE','SEF','02','SEF-PROPER',0.00,'ANY',NULL,NULL,NULL,0,NULL,0),('RPT_SEFINT_PRIOR_PROVINCE_SHARE','ACTIVE','455-050','RPT SEF PRIOR PENALTY PROVINCE SHARE','RPT SEF PRIOR PENALTY PROVINCE SHARE','PAYABLE','SEF','02','SEF-PROPER',0.00,'ANY',NULL,NULL,NULL,0,NULL,0),('RPT_SEF_ADVANCE','ACTIVE','455-050','RPT SEF ADVANCE','RPT SEF ADVANCE','REVENUE','SEF','02','SEF-PROPER',0.00,'ANY',NULL,NULL,NULL,0,NULL,0),('RPT_SEF_ADVANCE_PROVINCE_SHARE','ACTIVE','455-050','RPT SEF ADVANCE PROVINCE SHARE','RPT SEF ADVANCE PROVINCE SHARE','PAYABLE','SEF','02','SEF-PROPER',0.00,'ANY',NULL,NULL,NULL,0,NULL,0),('RPT_SEF_CURRENT','ACTIVE','455-050','RPT SEF CURRENT','RPT SEF CURRENT','REVENUE','SEF','02','SEF-PROPER',0.00,'ANY',NULL,NULL,NULL,0,NULL,0),('RPT_SEF_CURRENT_PROVINCE_SHARE','ACTIVE','455-050','RPT SEF CURRENT PROVINCE SHARE','RPT SEF CURRENT PROVINCE SHARE','PAYABLE','SEF','02','SEF-PROPER',0.00,'ANY',NULL,NULL,NULL,0,NULL,0),('RPT_SEF_PREVIOUS','ACTIVE','455-050','RPT SEF PREVIOUS','RPT SEF PREVIOUS','REVENUE','SEF','02','SEF-PROPER',0.00,'ANY',NULL,NULL,NULL,0,NULL,0),('RPT_SEF_PREVIOUS_PROVINCE_SHARE','ACTIVE','455-050','RPT SEF PREVIOUS PROVINCE SHARE','RPT SEF PREVIOUS PROVINCE SHARE','PAYABLE','SEF','02','SEF-PROPER',0.00,'ANY',NULL,NULL,NULL,0,NULL,0),('RPT_SEF_PRIOR','ACTIVE','455-050','RPT SEF PRIOR','RPT SEF PRIOR','REVENUE','SEF','02','SEF-PROPER',0.00,'ANY',NULL,NULL,NULL,0,NULL,0),('RPT_SEF_PRIOR_PROVINCE_SHARE','ACTIVE','455-050','RPT SEF PRIOR PROVINCE SHARE','RPT SEF PRIOR PROVINCE SHARE','PAYABLE','SEF','02','SEF-PROPER',0.00,'ANY',NULL,NULL,NULL,0,NULL,0);
/*!40000 ALTER TABLE `itemaccount` ENABLE KEYS */;
UNLOCK TABLES;

--
-- Dumping data for table `itemaccount_tag`
--

LOCK TABLES `itemaccount_tag` WRITE;
/*!40000 ALTER TABLE `itemaccount_tag` DISABLE KEYS */;
INSERT INTO `itemaccount_tag` VALUES ('RPT_BASICINT_CURRENT','rpt_basicint_current','RPT_BASICINT_CURRENT'),('RPT_BASICINT_CURRENT_BRGY_SHARE','rpt_basicint_current','RPT_BASICINT_CURRENT_BRGY_SHARE'),('RPT_BASICINT_CURRENT_PROVINCE_SHARE','rpt_basicint_current','RPT_BASICINT_CURRENT_PROVINCE_SHARE'),('RPT_BASICINT_PREVIOUS','rpt_basicint_previous','RPT_BASICINT_PREVIOUS'),('RPT_BASICINT_PREVIOUS_BRGY_SHARE','rpt_basicint_previous','RPT_BASICINT_PREVIOUS_BRGY_SHARE'),('RPT_BASICINT_PREVIOUS_PROVINCE_SHARE','rpt_basicint_previous','RPT_BASICINT_PREVIOUS_PROVINCE_SHARE'),('RPT_BASICINT_PRIOR','rpt_basicint_prior','RPT_BASICINT_PRIOR'),('RPT_BASICINT_PRIOR_BRGY_SHARE','rpt_basicint_prior','RPT_BASICINT_PRIOR_BRGY_SHARE'),('RPT_BASICINT_PRIOR_PROVINCE_SHARE','rpt_basicint_prior','RPT_BASICINT_PRIOR_PROVINCE_SHARE'),('RPT_BASIC_ADVANCE','rpt_basic_advance','RPT_BASIC_ADVANCE'),('RPT_BASIC_ADVANCE_BRGY_SHARE','rpt_basic_advance','RPT_BASIC_ADVANCE_BRGY_SHARE'),('RPT_BASIC_ADVANCE_PROVINCE_SHARE','rpt_basic_advance','RPT_BASIC_ADVANCE_PROVINCE_SHARE'),('RPT_BASIC_CURRENT','rpt_basic_current','RPT_BASIC_CURRENT'),('RPT_BASIC_CURRENT_BRGY_SHARE','rpt_basic_current','RPT_BASIC_CURRENT_BRGY_SHARE'),('RPT_BASIC_CURRENT_PROVINCE_SHARE','rpt_basic_current','RPT_BASIC_CURRENT_PROVINCE_SHARE'),('RPT_BASIC_PREVIOUS','rpt_basic_previous','RPT_BASIC_PREVIOUS'),('RPT_BASIC_PREVIOUS_BRGY_SHARE','rpt_basic_previous','RPT_BASIC_PREVIOUS_BRGY_SHARE'),('RPT_BASIC_PREVIOUS_PROVINCE_SHARE','rpt_basic_previous','RPT_BASIC_PREVIOUS_PROVINCE_SHARE'),('RPT_BASIC_PRIOR','rpt_basic_prior','RPT_BASIC_PRIOR'),('RPT_BASIC_PRIOR_BRGY_SHARE','rpt_basic_prior','RPT_BASIC_PRIOR_BRGY_SHARE'),('RPT_BASIC_PRIOR_PROVINCE_SHARE','rpt_basic_prior','RPT_BASIC_PRIOR_PROVINCE_SHARE'),('RPT_SEFINT_CURRENT','rpt_sefint_current','RPT_SEFINT_CURRENT'),('RPT_SEFINT_CURRENT_PROVINCE_SHARE','rpt_sefint_current','RPT_SEFINT_CURRENT_PROVINCE_SHARE'),('RPT_SEFINT_PREVIOUS','rpt_sefint_previous','RPT_SEFINT_PREVIOUS'),('RPT_SEFINT_PREVIOUS_PROVINCE_SHARE','rpt_sefint_previous','RPT_SEFINT_PREVIOUS_PROVINCE_SHARE'),('RPT_SEFINT_PRIOR','rpt_sefint_prior','RPT_SEFINT_PRIOR'),('RPT_SEFINT_PRIOR_PROVINCE_SHARE','rpt_sefint_prior','RPT_SEFINT_PRIOR_PROVINCE_SHARE'),('RPT_SEF_ADVANCE','rpt_sef_advance','RPT_SEF_ADVANCE'),('RPT_SEF_ADVANCE_PROVINCE_SHARE','rpt_sef_advance','RPT_SEF_ADVANCE_PROVINCE_SHARE'),('RPT_SEF_CURRENT','rpt_sef_current','RPT_SEF_CURRENT'),('RPT_SEF_CURRENT_PROVINCE_SHARE','rpt_sef_current','RPT_SEF_CURRENT_PROVINCE_SHARE'),('RPT_SEF_PREVIOUS','rpt_sef_previous','RPT_SEF_PREVIOUS'),('RPT_SEF_PREVIOUS_PROVINCE_SHARE','rpt_sef_previous','RPT_SEF_PREVIOUS_PROVINCE_SHARE'),('RPT_SEF_PRIOR','rpt_sef_prior','RPT_SEF_PRIOR'),('RPT_SEF_PRIOR_PROVINCE_SHARE','rpt_sef_prior','RPT_SEF_PRIOR_PROVINCE_SHARE');
/*!40000 ALTER TABLE `itemaccount_tag` ENABLE KEYS */;
UNLOCK TABLES;

--
-- Dumping data for table `jev`
--

LOCK TABLES `jev` WRITE;
/*!40000 ALTER TABLE `jev` DISABLE KEYS */;
/*!40000 ALTER TABLE `jev` ENABLE KEYS */;
UNLOCK TABLES;

--
-- Dumping data for table `jevitem`
--

LOCK TABLES `jevitem` WRITE;
/*!40000 ALTER TABLE `jevitem` DISABLE KEYS */;
/*!40000 ALTER TABLE `jevitem` ENABLE KEYS */;
UNLOCK TABLES;

--
-- Dumping data for table `landadjustment`
--

LOCK TABLES `landadjustment` WRITE;
/*!40000 ALTER TABLE `landadjustment` DISABLE KEYS */;
/*!40000 ALTER TABLE `landadjustment` ENABLE KEYS */;
UNLOCK TABLES;

--
-- Dumping data for table `landadjustmentparameter`
--

LOCK TABLES `landadjustmentparameter` WRITE;
/*!40000 ALTER TABLE `landadjustmentparameter` DISABLE KEYS */;
/*!40000 ALTER TABLE `landadjustmentparameter` ENABLE KEYS */;
UNLOCK TABLES;

--
-- Dumping data for table `landadjustmenttype`
--

LOCK TABLES `landadjustmenttype` WRITE;
/*!40000 ALTER TABLE `landadjustmenttype` DISABLE KEYS */;
/*!40000 ALTER TABLE `landadjustmenttype` ENABLE KEYS */;
UNLOCK TABLES;

--
-- Dumping data for table `landadjustmenttype_classification`
--

LOCK TABLES `landadjustmenttype_classification` WRITE;
/*!40000 ALTER TABLE `landadjustmenttype_classification` DISABLE KEYS */;
/*!40000 ALTER TABLE `landadjustmenttype_classification` ENABLE KEYS */;
UNLOCK TABLES;

--
-- Dumping data for table `landassesslevel`
--

LOCK TABLES `landassesslevel` WRITE;
/*!40000 ALTER TABLE `landassesslevel` DISABLE KEYS */;
/*!40000 ALTER TABLE `landassesslevel` ENABLE KEYS */;
UNLOCK TABLES;

--
-- Dumping data for table `landassesslevelrange`
--

LOCK TABLES `landassesslevelrange` WRITE;
/*!40000 ALTER TABLE `landassesslevelrange` DISABLE KEYS */;
/*!40000 ALTER TABLE `landassesslevelrange` ENABLE KEYS */;
UNLOCK TABLES;

--
-- Dumping data for table `landdetail`
--

LOCK TABLES `landdetail` WRITE;
/*!40000 ALTER TABLE `landdetail` DISABLE KEYS */;
/*!40000 ALTER TABLE `landdetail` ENABLE KEYS */;
UNLOCK TABLES;

--
-- Dumping data for table `landrpu`
--

LOCK TABLES `landrpu` WRITE;
/*!40000 ALTER TABLE `landrpu` DISABLE KEYS */;
/*!40000 ALTER TABLE `landrpu` ENABLE KEYS */;
UNLOCK TABLES;

--
-- Dumping data for table `landrysetting`
--

LOCK TABLES `landrysetting` WRITE;
/*!40000 ALTER TABLE `landrysetting` DISABLE KEYS */;
/*!40000 ALTER TABLE `landrysetting` ENABLE KEYS */;
UNLOCK TABLES;

--
-- Dumping data for table `landspecificclass`
--

LOCK TABLES `landspecificclass` WRITE;
/*!40000 ALTER TABLE `landspecificclass` DISABLE KEYS */;
INSERT INTO `landspecificclass` VALUES ('MAC65ce3399:1674e92d986:-704b','APPROVED','COCL','COCONUT LAND'),('MAC65ce3399:1674e92d986:-7065','APPROVED','A','AGRICULTURAL LAND'),('MAC65ce3399:1674e92d986:-707f','APPROVED','ROAD','ROAD'),('MAC65ce3399:1674e92d986:-7099','APPROVED','LOW-URL','LOWLAND UNIRRIGATED RICE LAND'),('MAC65ce3399:1674e92d986:-70b3','APPROVED','LOW-IRR','LOW LAND IRRIGATED RICE LAND'),('MAC65ce3399:1674e92d986:-70cd','APPROVED','C','COMMERCIAL'),('MAC65ce3399:1674e92d986:-70e9','APPROVED','R','RESIDENTIAL');
/*!40000 ALTER TABLE `landspecificclass` ENABLE KEYS */;
UNLOCK TABLES;

--
-- Dumping data for table `landtax_lgu_account_mapping`
--

LOCK TABLES `landtax_lgu_account_mapping` WRITE;
/*!40000 ALTER TABLE `landtax_lgu_account_mapping` DISABLE KEYS */;
/*!40000 ALTER TABLE `landtax_lgu_account_mapping` ENABLE KEYS */;
UNLOCK TABLES;

--
-- Dumping data for table `landtax_report_rptdelinquency`
--

LOCK TABLES `landtax_report_rptdelinquency` WRITE;
/*!40000 ALTER TABLE `landtax_report_rptdelinquency` DISABLE KEYS */;
/*!40000 ALTER TABLE `landtax_report_rptdelinquency` ENABLE KEYS */;
UNLOCK TABLES;

--
-- Dumping data for table `lcuvspecificclass`
--

LOCK TABLES `lcuvspecificclass` WRITE;
/*!40000 ALTER TABLE `lcuvspecificclass` DISABLE KEYS */;
/*!40000 ALTER TABLE `lcuvspecificclass` ENABLE KEYS */;
UNLOCK TABLES;

--
-- Dumping data for table `lcuvstripping`
--

LOCK TABLES `lcuvstripping` WRITE;
/*!40000 ALTER TABLE `lcuvstripping` DISABLE KEYS */;
/*!40000 ALTER TABLE `lcuvstripping` ENABLE KEYS */;
UNLOCK TABLES;

--
-- Dumping data for table `lcuvsubclass`
--

LOCK TABLES `lcuvsubclass` WRITE;
/*!40000 ALTER TABLE `lcuvsubclass` DISABLE KEYS */;
/*!40000 ALTER TABLE `lcuvsubclass` ENABLE KEYS */;
UNLOCK TABLES;

--
-- Dumping data for table `machassesslevel`
--

LOCK TABLES `machassesslevel` WRITE;
/*!40000 ALTER TABLE `machassesslevel` DISABLE KEYS */;
/*!40000 ALTER TABLE `machassesslevel` ENABLE KEYS */;
UNLOCK TABLES;

--
-- Dumping data for table `machassesslevelrange`
--

LOCK TABLES `machassesslevelrange` WRITE;
/*!40000 ALTER TABLE `machassesslevelrange` DISABLE KEYS */;
/*!40000 ALTER TABLE `machassesslevelrange` ENABLE KEYS */;
UNLOCK TABLES;

--
-- Dumping data for table `machdetail`
--

LOCK TABLES `machdetail` WRITE;
/*!40000 ALTER TABLE `machdetail` DISABLE KEYS */;
/*!40000 ALTER TABLE `machdetail` ENABLE KEYS */;
UNLOCK TABLES;

--
-- Dumping data for table `machforex`
--

LOCK TABLES `machforex` WRITE;
/*!40000 ALTER TABLE `machforex` DISABLE KEYS */;
/*!40000 ALTER TABLE `machforex` ENABLE KEYS */;
UNLOCK TABLES;

--
-- Dumping data for table `machine`
--

LOCK TABLES `machine` WRITE;
/*!40000 ALTER TABLE `machine` DISABLE KEYS */;
INSERT INTO `machine` VALUES ('MACH-1d573228:149e7fe512e:-6ce9','APPROVED','DEWD','DEEP WELL DRILLING'),('MACH-1d573228:149e7fe512e:-6cf2','APPROVED','DEWP','DEEP WELL PROPPING'),('MACH-1d573228:149e7fe512e:-6d18','APPROVED','SUBM','SUBMERSIBLE PUMP'),('MACH-1d573228:149e7fe512e:-6d24','APPROVED','PUMA','PUMP MACHINE'),('MACH-1d573228:149e7fe512e:-6d2d','APPROVED','CALI','CALIBRATOR'),('MACH-1d573228:149e7fe512e:-6d81','APPROVED','DRYR','DRYER'),('MACH-1d573228:149e7fe512e:-6d8f','APPROVED','SORT','SORTING MACHINE'),('MACH-1d573228:149e7fe512e:-6db9','APPROVED','CHIL','CHILLER'),('MACH-1d573228:149e7fe512e:-6dc6','APPROVED','GEEQ','GENERATOR & POWER EQUIPMENT'),('MACH-1d573228:149e7fe512e:-6dcf','APPROVED','PAEQ','PACKING EQUIPMENT'),('MACH-1d573228:149e7fe512e:-6dd8','APPROVED','WSCA','WEIGHING SCALE'),('MACH-1d573228:149e7fe512e:-6de1','APPROVED','JETP','JET PUMP'),('MACH-1d573228:149e7fe512e:-6dea','APPROVED','POEQ','POWER EQUIPMENT'),('MACH-1d573228:149e7fe512e:-6e0c','APPROVED','MACR','MACRO MOBILE BANANA PROCESSOR'),('MACH-1d573228:149e7fe512e:-6e15','APPROVED','MINI','MINI MOBILE BANANA PROCESSOR'),('MACH-1d573228:149e7fe512e:-6e32','APPROVED','WATS','WATER TREATMENT SYSTEM'),('MACH-1d573228:149e7fe512e:-6e40','APPROVED','SCRE','SCREEDER'),('MACH-1d573228:149e7fe512e:-6e49','APPROVED','CHEM','CHEMICAL MIXING EQUIPMENT'),('MACH-1d573228:149e7fe512e:-7038','APPROVED','MIPU','MIXING PUMP'),('MACH-1d573228:149e7fe512e:-7041','APPROVED','TRCA','TRANSFORMER CAGE'),('MACH-1d573228:149e7fe512e:-7070','APPROVED','EXMA','EXTRUDER MACHINE'),('MACH-1d573228:149e7fe512e:-708b','APPROVED','POLI','POLISHER'),('MACH-1d573228:149e7fe512e:-7094','APPROVED','RIHO','RICE HOLLER'),('MACH-1d573228:149e7fe512e:-709d','APPROVED','CONO','BABY CONO'),('MACH-1d573228:149e7fe512e:-70a6','APPROVED','GRIN','GRINDER'),('MACH-1d573228:149e7fe512e:-70af','APPROVED','MOEN','MOTOR ENGINE WITH ACCESSORIES'),('MACH-1d573228:149e7fe512e:-70b8','APPROVED','ENGI','ENGINE SET WITH APPARATUS'),('MACH-1d573228:149e7fe512e:-70ca','APPROVED','RORO','ROUGH ROLLER'),('MACH-1d573228:149e7fe512e:-70ea','APPROVED','RIMI','RICE MILL MACHINE'),('MACH-1d573228:149e7fe512e:-70f3','APPROVED','COMI','CORN MILL MACHINE'),('MACH-1d573228:149e7fe512e:-70fc','APPROVED','AIRC','AIRCONDITION UNIT'),('MACH-1d573228:149e7fe512e:-7105','APPROVED','BTSE','BTS EQUIPMENT'),('MACH-1d573228:149e7fe512e:-710e','APPROVED','FEED','FEEDERS'),('MACH-1d573228:149e7fe512e:-7117','APPROVED','RECT','RECTIFIERS'),('MACH-1d573228:149e7fe512e:-7120','APPROVED','MICRO','MICROVE RADIUS'),('MACH-1d573228:149e7fe512e:-7129','APPROVED','ALAR','ALARM'),('MACH-1d573228:149e7fe512e:-7141','APPROVED','CETO','CELLULAR TOWER'),('MACH-1d573228:149e7fe512e:-7179','APPROVED','COND','CONDENSER'),('MACH-1d573228:149e7fe512e:-7182','APPROVED','COMP','COMPRESSOR'),('MACH-1d573228:149e7fe512e:-718b','APPROVED','AGIT','AGITATOR'),('MACH-1d573228:149e7fe512e:-7194','APPROVED','TROL','TROLLEY'),('MACH-1d573228:149e7fe512e:-719d','APPROVED','TOWE','TOWER'),('MACH-1d573228:149e7fe512e:-71be','APPROVED','TANK','TANK'),('MACH-1d573228:149e7fe512e:-71c7','APPROVED','WARE','WASTE REFILLER'),('MACH-1d573228:149e7fe512e:-71d3','APPROVED','WATA','WATER TANK'),('MACH-1d573228:149e7fe512e:-71e7','APPROVED','BLOW','BLOWER'),('MACH-1d573228:149e7fe512e:-71f5','APPROVED','VAGE','VAULT GENERATOR'),('MACH-1d573228:149e7fe512e:-720a','APPROVED','WASO','WATER SOFTENER'),('MACH-1d573228:149e7fe512e:-7213','APPROVED','BOIL','BOILER'),('MACH-1d573228:149e7fe512e:-721c','APPROVED','GLME','GLUE MIXING EQUIPMENT'),('MACH-1d573228:149e7fe512e:-722c','APPROVED','RECO','RE-CONDITIONER'),('MACH-1d573228:149e7fe512e:-7235','APPROVED','FAMA','FACER MACHINERY'),('MACH-1d573228:149e7fe512e:-723e','APPROVED','ROST','ROLL STAND'),('MACH-1d573228:149e7fe512e:-7247','APPROVED','DIDM','DIRECT DRIVE MODEL'),('MACH-1d573228:149e7fe512e:-7250','APPROVED','KNIF','KNIFE SINGLE AUTO DEON STACKER'),('MACH-1d573228:149e7fe512e:-7259','APPROVED','SLIT','SLITTER SCORER'),('MACH-1d573228:149e7fe512e:-726b','APPROVED','GLUE','GLUE MACHINERY'),('MACH-1d573228:149e7fe512e:-7274','APPROVED','HEAT','HEATER'),('MACH-1d573228:149e7fe512e:-727d','APPROVED','BRID','BRIDGE DOUBLE OVERHEAD'),('MACH-1d573228:149e7fe512e:-7286','APPROVED','SPLI','SPLICES MACHINE'),('MACH-1d573228:149e7fe512e:-728f','APPROVED','WAYC','WAY COATER'),('MACH-1d573228:149e7fe512e:-7298','APPROVED','TRIM','TRIM BLOWER & CHOPPER'),('MACH-1d573228:149e7fe512e:-72a1','APPROVED','AUBM','AUTOMATIC BAKER MACHINE'),('MACH-1d573228:149e7fe512e:-72aa','APPROVED','SHMA','SHREDDER MACHINE'),('MACH-1d573228:149e7fe512e:-72b3','APPROVED','READ','REFRIGERATED AIR DRYER'),('MACH-1d573228:149e7fe512e:-72bc','APPROVED','ROSC','ROTARY SCREW COMPRESSOR'),('MACH-1d573228:149e7fe512e:-72c5','APPROVED','WWTP','WASTE WATER TREATMENT PLANT'),('MACH-1d573228:149e7fe512e:-72d5','APPROVED','STRA','STEE RACK'),('MACH-1d573228:149e7fe512e:-72de','APPROVED','LUFL','LUMINAR FLOW'),('MACH-1d573228:149e7fe512e:-72e7','APPROVED','MOTO','MOTOR PUMP'),('MACH-1d573228:149e7fe512e:-72f7','APPROVED','CVOL','CONTROL VOLTAGE'),('MACH-1d573228:149e7fe512e:-7300','APPROVED','ESYS','ELECTRIC LINE SYSTEM'),('MACH-1d573228:149e7fe512e:-7309','APPROVED','ELGE','ELECTRIC GENERATOR'),('MACH-1d573228:149e7fe512e:-7319','APPROVED','VOLT','VOLTAGE REGULATOR'),('MACH-1d573228:149e7fe512e:-7322','APPROVED','SYPB','SYNCHRONIZING PANEL BOARD'),('MACH-1d573228:149e7fe512e:-732b','APPROVED','TRLE','TRANSMISSION LINE EQUIPMENT'),('MACH-1d573228:149e7fe512e:-7334','APPROVED','COWI','COMPOUND WIRING'),('MACH-1d573228:149e7fe512e:-733d','APPROVED','KMTR','KILOWATT HOUR METER'),('MACH-1d573228:149e7fe512e:-7346','APPROVED','RADI','RADIO EQUIPMENT'),('MACH-1d573228:149e7fe512e:-7371','APPROVED','UNGT','UNDERGROUND TANK'),('MACH-1d573228:149e7fe512e:-7380','APPROVED','DIPU','DISPENSING PUMPS'),('MACH-1d573228:149e7fe512e:-7389','APPROVED','DIEP','DIESEL ENGINE POWER EQUIPMENT'),('MACH-1d573228:149e7fe512e:-7392','APPROVED','DEEP','DEEP WELL'),('MACH-1d573228:149e7fe512e:-73ab','APPROVED','STBA','STEEL BASE'),('MACH-1d573228:149e7fe512e:-73b4','APPROVED','HPCP','HIGH PRESSURE CLEANING PUMP'),('MACH-1d573228:149e7fe512e:-73cb','APPROVED','WSCO','WATER SYSTEM COMPLEX'),('MACH-1d573228:149e7fe512e:-73dc','APPROVED','SNMA','SNAPPING MACHINE'),('MACH-1d573228:149e7fe512e:-73fb','APPROVED','MOPA','MOTOR PUMPS & ACCESSORIES'),('MACH-1d573228:149e7fe512e:-7404','APPROVED','SUPU','SUMP PUMP'),('MACH-1d573228:149e7fe512e:-740d','APPROVED','MIDR','MICRO-DRIP IRRIGATION SYSTEM'),('MACH-1d573228:149e7fe512e:-7416','APPROVED','PICC','PIPELINES & CONCRETE CANALS'),('MACH-1d573228:149e7fe512e:-741f','APPROVED','PIPE','PIPELINES'),('MACH-1d573228:149e7fe512e:-7428','APPROVED','PUAC','PUMP & ACCESSORIES'),('MACH-1d573228:149e7fe512e:-7431','APPROVED','PEMA','PACKING EQUIPMENT MACHINERIES'),('MACH-1d573228:149e7fe512e:-743a','APPROVED','SHWP','SHALLOW WELL PUMP'),('MACH-1d573228:149e7fe512e:-7451','APPROVED','SPMA','STRAPPING MACHINE'),('MACH-1d573228:149e7fe512e:-745a','APPROVED','SKMA','STICKING MACHINE'),('MACH-1d573228:149e7fe512e:-7463','APPROVED','SPPU','SPRAY PUMP'),('MACH-1d573228:149e7fe512e:-746c','APPROVED','GRCO','GRAVITY CONVEYORS'),('MACH-1d573228:149e7fe512e:-7475','APPROVED','FLFS','FLAT FORM SCALES'),('MACH-1d573228:149e7fe512e:-747e','APPROVED','FLTA','FLOWTATION TANK'),('MACH-1d573228:149e7fe512e:-7487','APPROVED','ELMO','ELECTRIC MOTOR'),('MACH-1d573228:149e7fe512e:-7490','APPROVED','MEFP','MEDIA FILTERS PIPES'),('MACH-1d573228:149e7fe512e:-7499','APPROVED','TRAN','TRANSFORMER'),('MACH-1d573228:149e7fe512e:-74a2','APPROVED','AICO','AIR COMPRESSOR'),('MACH-1d573228:149e7fe512e:-74ab','APPROVED','STEE','STEEL TANK'),('MACH-1d573228:149e7fe512e:-74b6','APPROVED','ANTE','ANTENNA'),('MACH-1d573228:149e7fe512e:-74bf','APPROVED','PLAS','PLASTIC PELLETS MAKING MACHINE'),('MACH-1d573228:149e7fe512e:-74cd','APPROVED','DRIP','DRIP IRRIGATION'),('MACH-38f70c63:14c69d45960:-7fcd','APPROVED','ECUT','ELECTRIC CUTTER'),('MACH-38f70c63:14c69d45960:-7fd9','APPROVED','EPLN','ELECTRIC PLAINER'),('MACH-43fbdca7:14bc41f4676:-6cbb','APPROVED','AERI','AERIAL PROPPING SYSTEM'),('MACH-43fbdca7:14bc41f4676:-6cc7','APPROVED','GUYI','GUYING'),('MACH-4d44203a:14bc865709b:3ee7','APPROVED','MILL','MILL MACHINE'),('MACH-52380a52:14c011e374a:-10ce','APPROVED','ELPU','ELECTRIC PUMP'),('MACH-655bb946:14b991f861f:-3cc3','APPROVED','BXLC','BOX LIFT CONVEYOR WITH MOTOR'),('MACH-655bb946:14b991f861f:-3ccf','APPROVED','RJCM','REJECT CONVEYOR WITH MOTOR'),('MACH-655bb946:14b991f861f:-3cd8','APPROVED','FOGG','FOGGING SYSTEM'),('MACH-655bb946:14b991f861f:-3ce4','APPROVED','STIC','STICHING MACHINE'),('MACH1817c3b1:14c10b2141c:-7fce','APPROVED','FILT','FILTER TANK'),('MACH1817c3b1:14c10b2141c:-7fd7','APPROVED','GOUL','GOULD PUMP'),('MACH1d761657:14a978354ae:-7b07','APPROVED','MOPP','MOBILE PACKING PLANT'),('MACH1d761657:14a978354ae:-7b1a','APPROVED','DIMA','DISPENSING MACHINE'),('MACH1d761657:14a978354ae:-7b34','APPROVED','MASH','MACHINE SHED'),('MACH25003ed1:14c554e4ca8:-7f87','DRAFT','SAWC','BANDSAW WITH CARRIAGE'),('MACH25003ed1:14c554e4ca8:-7f93','APPROVED','GRNB','BENCH GRINDER'),('MACH25003ed1:14c554e4ca8:-7fa8','APPROVED','TSAW','TRIMMER SAW'),('MACH25003ed1:14c554e4ca8:-7fb4','APPROVED','SAWT','TABLE BANDSAW'),('MACH25003ed1:14c554e4ca8:-7fc0','APPROVED','BAND','BANDSAW'),('MACH25003ed1:14c554e4ca8:-7fcc','APPROVED','SAWM','MINI BANDSAW'),('MACH25003ed1:14c554e4ca8:-7fd8','APPROVED','CUTT','CUTTER'),('MACH5dc36edc:147eb035ac1:-7609','APPROVED','PUDI','PUMP DISPENSER'),('MACH5dc36edc:147eb035ac1:-7612','APPROVED','OVCP','OVERHEAD CABLE PROPPING'),('MACH71a4b1f7:147d72b1f11:-608c','APPROVED','AUTM','AUTOMATED TELLER MACHINE'),('MACH71a4b1f7:147d72b1f11:-60ae','APPROVED','WAPU','WATER PUMP'),('MACH71a4b1f7:147d72b1f11:-60c2','APPROVED','GSET','GENERATOR SET'),('MACH71a4b1f7:147d72b1f11:-60ce','APPROVED','CABL','CABLEWAYS'),('MACH7bb659d:14bfc00eb50:30c8','APPROVED','MDRY','MECHANIC DRYER'),('MACH7bb659d:14bfc00eb50:30d4','APPROVED','GRAN','GRANULATOR'),('MACH7bb659d:14bfc00eb50:30e0','APPROVED','PULV','PULVERIZER'),('MACH7bb659d:14bfc00eb50:30ec','APPROVED','TRUC','TRUCK SCALE');
/*!40000 ALTER TABLE `machine` ENABLE KEYS */;
UNLOCK TABLES;

--
-- Dumping data for table `machine_smv`
--

LOCK TABLES `machine_smv` WRITE;
/*!40000 ALTER TABLE `machine_smv` DISABLE KEYS */;
/*!40000 ALTER TABLE `machine_smv` ENABLE KEYS */;
UNLOCK TABLES;

--
-- Dumping data for table `machrpu`
--

LOCK TABLES `machrpu` WRITE;
/*!40000 ALTER TABLE `machrpu` DISABLE KEYS */;
/*!40000 ALTER TABLE `machrpu` ENABLE KEYS */;
UNLOCK TABLES;

--
-- Dumping data for table `machrysetting`
--

LOCK TABLES `machrysetting` WRITE;
/*!40000 ALTER TABLE `machrysetting` DISABLE KEYS */;
/*!40000 ALTER TABLE `machrysetting` ENABLE KEYS */;
UNLOCK TABLES;

--
-- Dumping data for table `machuse`
--

LOCK TABLES `machuse` WRITE;
/*!40000 ALTER TABLE `machuse` DISABLE KEYS */;
/*!40000 ALTER TABLE `machuse` ENABLE KEYS */;
UNLOCK TABLES;

--
-- Dumping data for table `material`
--

LOCK TABLES `material` WRITE;
/*!40000 ALTER TABLE `material` DISABLE KEYS */;
INSERT INTO `material` VALUES ('ALUM','APPROVED','ALUM','ALUMINUM'),('ANAH','APPROVED','ANAH','ANAHAW'),('ASBE','APPROVED','ASBE','ASBESTOS'),('BAMB','APPROVED','BAMB','BAMBOO'),('BUAW','APPROVED','BUAW','BUILD-A-WALL'),('CDEC','APPROVED','CDEC','CONCRETE DECK'),('CHB','APPROVED','COHB','CONCRETE HOLLOW BLOCK'),('COGO','APPROVED','COGO','COGON'),('GISHEET','APPROVED','GISH','G.I. SHEET'),('LSPA','APPROVED','LSPA','LONG SPAN'),('MARB','APPROVED','MARB','MARBLE'),('MAT-12ad08a1:14af095881c:-7d33','APPROVED','ROCE','ROUGH CEMENT'),('MAT-18a7635d:14b93645f4b:-57a8','APPROVED','CYCL','CYCLONE WIRE'),('MAT-18a7635d:14b93645f4b:-6ccc','APPROVED','OPEN','OPEN'),('MAT-1d573228:149e7fe512e:-306d','APPROVED','WTRU','WOOD TRUSS'),('MAT-1d573228:149e7fe512e:-6c9b','APPROVED','CPLA','CEMENT PLASTER'),('MAT-1d573228:149e7fe512e:-6ca4','APPROVED','ANAY','ANAY FINISHED'),('MAT-1d573228:149e7fe512e:-6cc3','APPROVED','CGSH','CORRIGATED G.I. SHEET'),('MAT-1d573228:149e7fe512e:-6ccc','APPROVED','CEME','CEMENT'),('MAT-1d573228:149e7fe512e:-6cdb','APPROVED','SOIL','SOIL'),('MAT-388551fc:14a0be486c3:-2402','APPROVED','COCO','COCO LUMBER'),('MAT-388551fc:14a0be486c3:-240b','APPROVED','KALA','KALAKAT'),('MAT34cebd50:1491f8d8c9d:-7fb6','APPROVED','AMAK','AMAKAN'),('MAT431e49c0:14b0a2d917e:-748f','APPROVED','RTGS','RIB TYPE GALVA STEEL'),('MAT78789b8a:1480e4fa143:-7e27','APPROVED','PLYW','PLYWOOD'),('NIPA','APPROVED','NIPA','NIPA'),('PLCE','APPROVED','PLCE','PLAIN CEMENT'),('RECO','APPROVED','RECO','REINFORCED CONCRETE'),('SAWA','APPROVED','SAWA','SAWALI'),('TILE','APPROVED','TILE','TILES'),('WOOD','APPROVED','WOOD','WOOD');
/*!40000 ALTER TABLE `material` ENABLE KEYS */;
UNLOCK TABLES;

--
-- Dumping data for table `mcsettlement`
--

LOCK TABLES `mcsettlement` WRITE;
/*!40000 ALTER TABLE `mcsettlement` DISABLE KEYS */;
/*!40000 ALTER TABLE `mcsettlement` ENABLE KEYS */;
UNLOCK TABLES;

--
-- Dumping data for table `mcsettlement_affectedrpu`
--

LOCK TABLES `mcsettlement_affectedrpu` WRITE;
/*!40000 ALTER TABLE `mcsettlement_affectedrpu` DISABLE KEYS */;
/*!40000 ALTER TABLE `mcsettlement_affectedrpu` ENABLE KEYS */;
UNLOCK TABLES;

--
-- Dumping data for table `mcsettlement_otherclaim`
--

LOCK TABLES `mcsettlement_otherclaim` WRITE;
/*!40000 ALTER TABLE `mcsettlement_otherclaim` DISABLE KEYS */;
/*!40000 ALTER TABLE `mcsettlement_otherclaim` ENABLE KEYS */;
UNLOCK TABLES;

--
-- Dumping data for table `memoranda_template`
--

LOCK TABLES `memoranda_template` WRITE;
/*!40000 ALTER TABLE `memoranda_template` DISABLE KEYS */;
/*!40000 ALTER TABLE `memoranda_template` ENABLE KEYS */;
UNLOCK TABLES;

--
-- Dumping data for table `migrated_business`
--

LOCK TABLES `migrated_business` WRITE;
/*!40000 ALTER TABLE `migrated_business` DISABLE KEYS */;
/*!40000 ALTER TABLE `migrated_business` ENABLE KEYS */;
UNLOCK TABLES;

--
-- Dumping data for table `miscassesslevel`
--

LOCK TABLES `miscassesslevel` WRITE;
/*!40000 ALTER TABLE `miscassesslevel` DISABLE KEYS */;
/*!40000 ALTER TABLE `miscassesslevel` ENABLE KEYS */;
UNLOCK TABLES;

--
-- Dumping data for table `miscassesslevelrange`
--

LOCK TABLES `miscassesslevelrange` WRITE;
/*!40000 ALTER TABLE `miscassesslevelrange` DISABLE KEYS */;
/*!40000 ALTER TABLE `miscassesslevelrange` ENABLE KEYS */;
UNLOCK TABLES;

--
-- Dumping data for table `miscitem`
--

LOCK TABLES `miscitem` WRITE;
/*!40000 ALTER TABLE `miscitem` DISABLE KEYS */;
/*!40000 ALTER TABLE `miscitem` ENABLE KEYS */;
UNLOCK TABLES;

--
-- Dumping data for table `miscitemvalue`
--

LOCK TABLES `miscitemvalue` WRITE;
/*!40000 ALTER TABLE `miscitemvalue` DISABLE KEYS */;
/*!40000 ALTER TABLE `miscitemvalue` ENABLE KEYS */;
UNLOCK TABLES;

--
-- Dumping data for table `miscrpu`
--

LOCK TABLES `miscrpu` WRITE;
/*!40000 ALTER TABLE `miscrpu` DISABLE KEYS */;
/*!40000 ALTER TABLE `miscrpu` ENABLE KEYS */;
UNLOCK TABLES;

--
-- Dumping data for table `miscrpuitem`
--

LOCK TABLES `miscrpuitem` WRITE;
/*!40000 ALTER TABLE `miscrpuitem` DISABLE KEYS */;
/*!40000 ALTER TABLE `miscrpuitem` ENABLE KEYS */;
UNLOCK TABLES;

--
-- Dumping data for table `miscrpuitem_rptparameter`
--

LOCK TABLES `miscrpuitem_rptparameter` WRITE;
/*!40000 ALTER TABLE `miscrpuitem_rptparameter` DISABLE KEYS */;
/*!40000 ALTER TABLE `miscrpuitem_rptparameter` ENABLE KEYS */;
UNLOCK TABLES;

--
-- Dumping data for table `miscrysetting`
--

LOCK TABLES `miscrysetting` WRITE;
/*!40000 ALTER TABLE `miscrysetting` DISABLE KEYS */;
/*!40000 ALTER TABLE `miscrysetting` ENABLE KEYS */;
UNLOCK TABLES;

--
-- Dumping data for table `municipality`
--

LOCK TABLES `municipality` WRITE;
/*!40000 ALTER TABLE `municipality` DISABLE KEYS */;
/*!40000 ALTER TABLE `municipality` ENABLE KEYS */;
UNLOCK TABLES;

--
-- Dumping data for table `municipality_taxaccount_mapping`
--

LOCK TABLES `municipality_taxaccount_mapping` WRITE;
/*!40000 ALTER TABLE `municipality_taxaccount_mapping` DISABLE KEYS */;
/*!40000 ALTER TABLE `municipality_taxaccount_mapping` ENABLE KEYS */;
UNLOCK TABLES;

--
-- Dumping data for table `payable_ledger`
--

LOCK TABLES `payable_ledger` WRITE;
/*!40000 ALTER TABLE `payable_ledger` DISABLE KEYS */;
/*!40000 ALTER TABLE `payable_ledger` ENABLE KEYS */;
UNLOCK TABLES;

--
-- Dumping data for table `payable_summary`
--

LOCK TABLES `payable_summary` WRITE;
/*!40000 ALTER TABLE `payable_summary` DISABLE KEYS */;
/*!40000 ALTER TABLE `payable_summary` ENABLE KEYS */;
UNLOCK TABLES;

--
-- Dumping data for table `paymentorder`
--

LOCK TABLES `paymentorder` WRITE;
/*!40000 ALTER TABLE `paymentorder` DISABLE KEYS */;
/*!40000 ALTER TABLE `paymentorder` ENABLE KEYS */;
UNLOCK TABLES;

--
-- Dumping data for table `paymentorder_cancelled`
--

LOCK TABLES `paymentorder_cancelled` WRITE;
/*!40000 ALTER TABLE `paymentorder_cancelled` DISABLE KEYS */;
/*!40000 ALTER TABLE `paymentorder_cancelled` ENABLE KEYS */;
UNLOCK TABLES;

--
-- Dumping data for table `paymentorder_paid`
--

LOCK TABLES `paymentorder_paid` WRITE;
/*!40000 ALTER TABLE `paymentorder_paid` DISABLE KEYS */;
/*!40000 ALTER TABLE `paymentorder_paid` ENABLE KEYS */;
UNLOCK TABLES;

--
-- Dumping data for table `paymentorder_type`
--

LOCK TABLES `paymentorder_type` WRITE;
/*!40000 ALTER TABLE `paymentorder_type` DISABLE KEYS */;
/*!40000 ALTER TABLE `paymentorder_type` ENABLE KEYS */;
UNLOCK TABLES;

--
-- Dumping data for table `pin`
--

LOCK TABLES `pin` WRITE;
/*!40000 ALTER TABLE `pin` DISABLE KEYS */;
/*!40000 ALTER TABLE `pin` ENABLE KEYS */;
UNLOCK TABLES;

--
-- Dumping data for table `planttree`
--

LOCK TABLES `planttree` WRITE;
/*!40000 ALTER TABLE `planttree` DISABLE KEYS */;
INSERT INTO `planttree` VALUES ('PT-2cb2e946:147f4943e9a:-77e0','APPROVED','UPLA','UPLAND RICE'),('PT-2cb2e946:147f4943e9a:-77ee','APPROVED','STAR','STAR APPLE'),('PT-2cb2e946:147f4943e9a:-77fc','APPROVED','JACK','JACKFRUIT'),('PT-2cb2e946:147f4943e9a:-785a','APPROVED','SANT','SANTOL'),('PT-40c36a84:147d7147e85:-7e20','APPROVED','VEGE','VEGETABLE TRACK'),('PT-40c36a84:147d7147e85:-7e29','APPROVED','TREE','TREE FARM'),('PT-40c36a84:147d7147e85:-7e32','APPROVED','TIMB','TIMBER LAND'),('PT-40c36a84:147d7147e85:-7e3b','APPROVED','SWIN','SWINE LAND'),('PT-40c36a84:147d7147e85:-7e44','APPROVED','SWAM','SWAMPLAND'),('PT-40c36a84:147d7147e85:-7e4d','APPROVED','SOYB','SOYBEANS'),('PT-40c36a84:147d7147e85:-7e56','APPROVED','SORG','SORGHUM'),('PT-40c36a84:147d7147e85:-7e5f','APPROVED','RUBB','RUBBER'),('PT-40c36a84:147d7147e85:-7e68','APPROVED','ROOT','ROOTCROPS'),('PT-40c36a84:147d7147e85:-7e71','APPROVED','RIWO','RICE WITHOUT IRRIGATION'),('PT-40c36a84:147d7147e85:-7e7a','APPROVED','RIWI','RICE WITH IRRIGATION'),('PT-40c36a84:147d7147e85:-7e83','APPROVED','RAMI','RAMIE'),('PT-40c36a84:147d7147e85:-7e8c','APPROVED','RAMB','RAMBUTAN'),('PT-40c36a84:147d7147e85:-7e95','APPROVED','POME','POMELO'),('PT-40c36a84:147d7147e85:-7e9e','APPROVED','PINE','PINEAPPLE'),('PT-40c36a84:147d7147e85:-7eaa','APPROVED','PAST','PASTURE LAND'),('PT-40c36a84:147d7147e85:-7eb3','APPROVED','PAPA','PAPAYA'),('PT-40c36a84:147d7147e85:-7ebc','APPROVED','PALM','PALM OIL'),('PT-40c36a84:147d7147e85:-7ec5','APPROVED','ORCH','ORCHARD'),('PT-40c36a84:147d7147e85:-7ece','APPROVED','NIPA','NIPA'),('PT-40c36a84:147d7147e85:-7ed7','APPROVED','MARS','MARSH'),('PT-40c36a84:147d7147e85:-7ee0','APPROVED','MARA','MARANG'),('PT-40c36a84:147d7147e85:-7ee9','APPROVED','MROV','MANGROOVE'),('PT-40c36a84:147d7147e85:-7ef2','APPROVED','MATN','MANGOSTEEN'),('PT-40c36a84:147d7147e85:-7efb','APPROVED','MANG','MANGO'),('PT-40c36a84:147d7147e85:-7f04','APPROVED','MAHO','MAHOGANY'),('PT-40c36a84:147d7147e85:-7f0d','APPROVED','LANZ','LANZONES'),('PT-40c36a84:147d7147e85:-7f16','APPROVED','IPIL','IPIL-IPIL'),('PT-40c36a84:147d7147e85:-7f1f','APPROVED','GEME','GEMELINA'),('PT-40c36a84:147d7147e85:-7f28','APPROVED','FORE','FOREST LAND'),('PT-40c36a84:147d7147e85:-7f31','APPROVED','FLOW','FLOWER LAND'),('PT-40c36a84:147d7147e85:-7f4a','APPROVED','FISI','FISHPOND INLAND'),('PT-40c36a84:147d7147e85:-7f53','APPROVED','FISH','FISHPOND'),('PT-40c36a84:147d7147e85:-7f5c','APPROVED','FALC','FALCATA'),('PT-40c36a84:147d7147e85:-7f65','APPROVED','DURI','DURIAN'),('PT-40c36a84:147d7147e85:-7f6e','APPROVED','CORN','CORN'),('PT-40c36a84:147d7147e85:-7f77','APPROVED','COGO','COGON'),('PT-40c36a84:147d7147e85:-7f80','APPROVED','COFF','COFFEE'),('PT-40c36a84:147d7147e85:-7f89','APPROVED','COCO','COCONUT'),('PT-40c36a84:147d7147e85:-7f92','APPROVED','CATT','CATTLE'),('PT-40c36a84:147d7147e85:-7f9b','APPROVED','CALA','CALAMANSI'),('PT-40c36a84:147d7147e85:-7fa4','APPROVED','CACA','CACAO'),('PT-40c36a84:147d7147e85:-7faf','APPROVED','BRUS','BRUSH LAND'),('PT-40c36a84:147d7147e85:-7fb8','APPROVED','BALO','BANANA LOCAL'),('PT-40c36a84:147d7147e85:-7fc1','APPROVED','BAEX','BANANA EXPORT'),('PT-40c36a84:147d7147e85:-7fca','APPROVED','BAMB','BAMBOO'),('PT-40c36a84:147d7147e85:-7fd3','APPROVED','BAGR','BAGRASS'),('PT-40c36a84:147d7147e85:-7fdc','APPROVED','ABAC','ABACA'),('PT-53a6d50d:14c34ba226f:-20a5','APPROVED','CITD','CITRUS (TREE)'),('PT-53a6d50d:14c34ba226f:-20bd','APPROVED','CITR','CITRUS'),('PT-53a6d50d:14c34ba226f:-f50','APPROVED','MACD','MACOPA (TREE)'),('PT-53a6d50d:14c34ba226f:-f8f','APPROVED','MACO','MACOPA'),('PT-7ceaf220:147d821beaa:-7d79','APPROVED','BANG','BANGKAL'),('PT-7ceaf220:147d821beaa:-7d82','APPROVED','BOGO','BOGO'),('PT-7ceaf220:147d821beaa:-7d8b','APPROVED','PAGA','PAGATPAT'),('PT-7ceaf220:147d821beaa:-7d94','APPROVED','ULAY','ULAYAN'),('PT-7ceaf220:147d821beaa:-7d9d','APPROVED','LANU','LANUTA'),('PT-7ceaf220:147d821beaa:-7da6','APPROVED','AMUG','AMUGUIS'),('PT-7ceaf220:147d821beaa:-7daf','APPROVED','MANM','MANGIUM'),('PT-7ceaf220:147d821beaa:-7db8','APPROVED','ECAM','E. CAMALDONES'),('PT-7ceaf220:147d821beaa:-7dc1','APPROVED','EBAG','E. BAGRAS'),('PT-7ceaf220:147d821beaa:-7dca','APPROVED','ACAC','ACACIA'),('PT-7ceaf220:147d821beaa:-7dd3','APPROVED','TALI','TALISAY'),('PT-7ceaf220:147d821beaa:-7ddc','APPROVED','LANI','LANIPAO'),('PT-7ceaf220:147d821beaa:-7de5','APPROVED','TUOG','TUOG'),('PT-7ceaf220:147d821beaa:-7dee','APPROVED','LUKT','LUKTOB'),('PT-7ceaf220:147d821beaa:-7df7','APPROVED','BAKA','BAKAN'),('PT-7ceaf220:147d821beaa:-7e00','APPROVED','ANTI','ANTIPOLO'),('PT-7ceaf220:147d821beaa:-7e09','APPROVED','BENG','BENGUET PINES'),('PT-7ceaf220:147d821beaa:-7e12','APPROVED','GUBA','GUBAS'),('PT-7ceaf220:147d821beaa:-7e1b','APPROVED','THAI','THAILAND ACACIA'),('PT-7ceaf220:147d821beaa:-7e24','APPROVED','KAMA','KAMANSI'),('PT-7ceaf220:147d821beaa:-7e2d','APPROVED','RIAN','RIAN TREE'),('PT-7ceaf220:147d821beaa:-7e36','APPROVED','MALU','MALUGAY'),('PT-7ceaf220:147d821beaa:-7e3f','APPROVED','LAUW','LAUAN WHITE'),('PT-7ceaf220:147d821beaa:-7e48','APPROVED','LAUR','LAUAN RED'),('PT-7ceaf220:147d821beaa:-7e51','APPROVED','FIRE','FIRE TREE'),('PT-7ceaf220:147d821beaa:-7e5a','APPROVED','DURIN','DURIAN NATIVE'),('PT-7ceaf220:147d821beaa:-7e63','APPROVED','COLO','COLO/BREADFRUIT'),('PT-7ceaf220:147d821beaa:-7e6c','APPROVED','CALI','CALIANDRA'),('PT-7ceaf220:147d821beaa:-7e75','APPROVED','BANO','BANOYO'),('PT-7ceaf220:147d821beaa:-7e7e','APPROVED','AFRI','AFRICAN TULIP'),('PT-7ceaf220:147d821beaa:-7e87','APPROVED','AGOH','AGOHO'),('PT-7ceaf220:147d821beaa:-7e90','APPROVED','HIMB','HIMBABAO'),('PT-7ceaf220:147d821beaa:-7e99','APPROVED','DITA','DITA'),('PT-7ceaf220:147d821beaa:-7ea2','APPROVED','MALA','MALAPAPAYA'),('PT-7ceaf220:147d821beaa:-7eab','APPROVED','KAPO','KAPOK (DOLDOL)'),('PT-7ceaf220:147d821beaa:-7eb4','APPROVED','ILAN','ILANG-ILANG'),('PT-7ceaf220:147d821beaa:-7ebd','APPROVED','KALU','KALUMPANG'),('PT-7ceaf220:147d821beaa:-7ec6','APPROVED','BINU','BINUANG'),('PT-7ceaf220:147d821beaa:-7ecf','APPROVED','ANIB','ANIBUANG'),('PT-7ceaf220:147d821beaa:-7ed8','APPROVED','TEAK','TEAK-PREMIUM SPP'),('PT-7ceaf220:147d821beaa:-7ee1','APPROVED','ALMO','ALMON'),('PT-7ceaf220:147d821beaa:-7eea','APPROVED','BAGT','BAGTIKAN'),('PT-7ceaf220:147d821beaa:-7eff','APPROVED','TANG','TANGUILE'),('PT-7ceaf220:147d821beaa:-7f08','APPROVED','NARR','NARRA-PREMIUM SPP'),('PT-7ceaf220:147d821beaa:-7f11','APPROVED','KAMG','KAMAGONG'),('PT-7ceaf220:147d821beaa:-7f1a','APPROVED','IPILP','IPIL-PREMIUM SPP'),('PT2bd5d118:147f4103d2c:-3b4a','APPROVED','OTFR','OTHER FRUIT'),('PT2bd5d118:147f4103d2c:-3d92','APPROVED','DAO','DAO'),('PT2bd5d118:147f4103d2c:-44cd','APPROVED','MOLA','MOLAVE - PREMIUM SPP'),('PT3ee3248:14b9902e4f4:-7e22','APPROVED','RUBI','RUBBER (IMPROVEMENT)'),('PT3ee3248:14b9902e4f4:-7e2b','APPROVED','PAMI','PALM OIL (IMPROVEMENT)'),('PT3ee3248:14b9902e4f4:-7ee8','APPROVED','NPAI','NIPA (IMPROVEMENT)'),('PT3ee3248:14b9902e4f4:-7ef1','APPROVED','MANI','MANGO (IMPROVEMENT)'),('PT3ee3248:14b9902e4f4:-7efa','APPROVED','DRNI','DURIAN (IMPROVEMENT)'),('PT3ee3248:14b9902e4f4:-7f03','APPROVED','COFI','COFFEE (IMPROVEMENT)'),('PT3ee3248:14b9902e4f4:-7f0c','APPROVED','COCI','COCONUT (IMPROVEMENT)'),('PT3ee3248:14b9902e4f4:-7f15','APPROVED','CACI','CACAO (IMPROVEMENT)'),('PT3ee3248:14b9902e4f4:-7f1e','APPROVED','BALI','BANANA LOCAL (IMPROVEMENT)'),('PT3ee3248:14b9902e4f4:-7f2d','APPROVED','BAXI','BANANA EXPORT (IMPROVEMENT)'),('PT3ee3248:14b9902e4f4:-7f36','APPROVED','BAMI','BAMBOO (IMPROVEMENT)'),('PT5a11dd55:14c064d62f1:-62e4','APPROVED','MATD','MANGOSTEEN (TREE)'),('PT5a11dd55:14c064d62f1:-6690','APPROVED','DUHD','DUHAT (TREE)'),('PT5a11dd55:14c064d62f1:-6699','APPROVED','DUHA','DUHAT'),('PT5a11dd55:14c064d62f1:-66a5','APPROVED','ATID','ATIS (TREE)'),('PT5a11dd55:14c064d62f1:-66ae','APPROVED','ATIS','ATIS'),('PT5a11dd55:14c064d62f1:-66b7','APPROVED','GUYD','GUYABANO (TREE)'),('PT5a11dd55:14c064d62f1:-66c0','APPROVED','GUYA','GUYABANO'),('PT5a11dd55:14c064d62f1:-66c9','APPROVED','CHID','CHICO (TREE)'),('PT5a11dd55:14c064d62f1:-66d2','APPROVED','CHIC','CHICO'),('PT5a11dd55:14c064d62f1:-66db','APPROVED','AVOD','AVOCADO (TREE)'),('PT5a11dd55:14c064d62f1:-66e4','APPROVED','AVOC','AVOCADO'),('PT5a11dd55:14c064d62f1:-66ed','APPROVED','GUAD','GUAVA (TREE)'),('PT5a11dd55:14c064d62f1:-6709','APPROVED','GUAV','GUAVA'),('PT5a11dd55:14c064d62f1:-6775','APPROVED','STAD','STAR APPLE (TREE)'),('PT5a11dd55:14c064d62f1:-677e','APPROVED','SAND','SANTOL (TREE)'),('PT5a11dd55:14c064d62f1:-6787','APPROVED','JACD','JACKFRUIT (TREE)'),('PT5a11dd55:14c064d62f1:-6790','APPROVED','MARD','MARANG ((TREE)'),('PT5a11dd55:14c064d62f1:-68c4','APPROVED','RUBD','RUBBER (TREE)'),('PT5a11dd55:14c064d62f1:-68cd','APPROVED','RAMD','RAMBUTAN (TREE)'),('PT5a11dd55:14c064d62f1:-68d6','APPROVED','POMD','POMELO (TREE)'),('PT5a11dd55:14c064d62f1:-68df','APPROVED','PAPD','PAPAYA (PLANT)'),('PT5a11dd55:14c064d62f1:-68e8','APPROVED','PALD','PALM OIL (TREE)'),('PT5a11dd55:14c064d62f1:-68f1','APPROVED','NIPD','NIPA (CLUMP)'),('PT5a11dd55:14c064d62f1:-68fa','APPROVED','MAND','MANGO (TREE)'),('PT5a11dd55:14c064d62f1:-6903','APPROVED','DURD','DURIAN (TREE)'),('PT5a11dd55:14c064d62f1:-690c','APPROVED','COCD','COCONUT (TREE)'),('PT5a11dd55:14c064d62f1:-6915','APPROVED','COFD','COFFEE (TREE)'),('PT5a11dd55:14c064d62f1:-691e','APPROVED','CALD','CALAMANSI (TREE)'),('PT5a11dd55:14c064d62f1:-6949','APPROVED','BALD','BANANA LOCAL (HILL)'),('PT5a11dd55:14c064d62f1:-6952','APPROVED','BAMD','BAMBOO (CLUMP)'),('PT5a11dd55:14c064d62f1:-6ecf','APPROVED','CACD','CACAO (HILL)'),('PT5dc36edc:147eb035ac1:-7508','APPROVED','MABO','MABOLO');
/*!40000 ALTER TABLE `planttree` ENABLE KEYS */;
UNLOCK TABLES;

--
-- Dumping data for table `planttreeassesslevel`
--

LOCK TABLES `planttreeassesslevel` WRITE;
/*!40000 ALTER TABLE `planttreeassesslevel` DISABLE KEYS */;
/*!40000 ALTER TABLE `planttreeassesslevel` ENABLE KEYS */;
UNLOCK TABLES;

--
-- Dumping data for table `planttreedetail`
--

LOCK TABLES `planttreedetail` WRITE;
/*!40000 ALTER TABLE `planttreedetail` DISABLE KEYS */;
/*!40000 ALTER TABLE `planttreedetail` ENABLE KEYS */;
UNLOCK TABLES;

--
-- Dumping data for table `planttreerpu`
--

LOCK TABLES `planttreerpu` WRITE;
/*!40000 ALTER TABLE `planttreerpu` DISABLE KEYS */;
/*!40000 ALTER TABLE `planttreerpu` ENABLE KEYS */;
UNLOCK TABLES;

--
-- Dumping data for table `planttreerysetting`
--

LOCK TABLES `planttreerysetting` WRITE;
/*!40000 ALTER TABLE `planttreerysetting` DISABLE KEYS */;
/*!40000 ALTER TABLE `planttreerysetting` ENABLE KEYS */;
UNLOCK TABLES;

--
-- Dumping data for table `planttreeunitvalue`
--

LOCK TABLES `planttreeunitvalue` WRITE;
/*!40000 ALTER TABLE `planttreeunitvalue` DISABLE KEYS */;
/*!40000 ALTER TABLE `planttreeunitvalue` ENABLE KEYS */;
UNLOCK TABLES;

--
-- Dumping data for table `previousfaas`
--

LOCK TABLES `previousfaas` WRITE;
/*!40000 ALTER TABLE `previousfaas` DISABLE KEYS */;
/*!40000 ALTER TABLE `previousfaas` ENABLE KEYS */;
UNLOCK TABLES;

--
-- Dumping data for table `profession`
--

LOCK TABLES `profession` WRITE;
/*!40000 ALTER TABLE `profession` DISABLE KEYS */;
INSERT INTO `profession` VALUES ('GOVERNMENT EMPLOYEE');
/*!40000 ALTER TABLE `profession` ENABLE KEYS */;
UNLOCK TABLES;

--
-- Dumping data for table `propertyclassification`
--

LOCK TABLES `propertyclassification` WRITE;
/*!40000 ALTER TABLE `propertyclassification` DISABLE KEYS */;
INSERT INTO `propertyclassification` VALUES ('AGRICULTURAL','APPROVED','A','AGRICULTURAL',0,2),('CEMETERY','APPROVED','SC','CEMETERY',1,57),('COMMERCIAL','APPROVED','C','COMMERCIAL',0,3),('CULTURAL','APPROVED','SU','CULTURAL',1,56),('GOCC','APPROVED','SG','GOCC',1,51),('HOSPITAL','APPROVED','SH','HOSPITAL',1,50),('INDUSTRIAL','APPROVED','I','INDUSTRIAL',0,4),('MINERAL','APPROVED','M','MINERAL',0,5),('NIA','APPROVED','SN','NIA',1,54),('RECREATIONAL ','APPROVED','SR','RECREATIONAL ',1,53),('RESIDENTIAL','APPROVED','R','RESIDENTIAL',0,1),('SCIENTIFIC','APPROVED','SS','SCIENTIFIC',1,52),('TIMBERLAND','APPROVED','T','TIMBERLAND',0,6),('WATER DISTRICT','APPROVED','SW','WATER DISTRICT',1,55);
/*!40000 ALTER TABLE `propertyclassification` ENABLE KEYS */;
UNLOCK TABLES;

--
-- Dumping data for table `propertypayer`
--

LOCK TABLES `propertypayer` WRITE;
/*!40000 ALTER TABLE `propertypayer` DISABLE KEYS */;
/*!40000 ALTER TABLE `propertypayer` ENABLE KEYS */;
UNLOCK TABLES;

--
-- Dumping data for table `propertypayer_item`
--

LOCK TABLES `propertypayer_item` WRITE;
/*!40000 ALTER TABLE `propertypayer_item` DISABLE KEYS */;
/*!40000 ALTER TABLE `propertypayer_item` ENABLE KEYS */;
UNLOCK TABLES;

--
-- Dumping data for table `province`
--

LOCK TABLES `province` WRITE;
/*!40000 ALTER TABLE `province` DISABLE KEYS */;
INSERT INTO `province` VALUES ('000','DRAFT','000','000','PROV',NULL,NULL,'-','GOVERNOR','OFFICE OF THE GOVERNOR','-','PROVINCIAL ASSESSOR','OFFICE OF THE PROVINCIAL ASSESSOR','-','PROVINCIAL TREASURER','OFFICE OF THE PROVINCIAL TREASURER','PROV, PHILIPPINES','PROVINCE OF PROV');
/*!40000 ALTER TABLE `province` ENABLE KEYS */;
UNLOCK TABLES;

--
-- Dumping data for table `province_taxaccount_mapping`
--

LOCK TABLES `province_taxaccount_mapping` WRITE;
/*!40000 ALTER TABLE `province_taxaccount_mapping` DISABLE KEYS */;
/*!40000 ALTER TABLE `province_taxaccount_mapping` ENABLE KEYS */;
UNLOCK TABLES;

--
-- Dumping data for table `queue`
--

LOCK TABLES `queue` WRITE;
/*!40000 ALTER TABLE `queue` DISABLE KEYS */;
/*!40000 ALTER TABLE `queue` ENABLE KEYS */;
UNLOCK TABLES;

--
-- Dumping data for table `realproperty`
--

LOCK TABLES `realproperty` WRITE;
/*!40000 ALTER TABLE `realproperty` DISABLE KEYS */;
/*!40000 ALTER TABLE `realproperty` ENABLE KEYS */;
UNLOCK TABLES;

--
-- Dumping data for table `religion`
--

LOCK TABLES `religion` WRITE;
/*!40000 ALTER TABLE `religion` DISABLE KEYS */;
/*!40000 ALTER TABLE `religion` ENABLE KEYS */;
UNLOCK TABLES;

--
-- Dumping data for table `remittance`
--

LOCK TABLES `remittance` WRITE;
/*!40000 ALTER TABLE `remittance` DISABLE KEYS */;
/*!40000 ALTER TABLE `remittance` ENABLE KEYS */;
UNLOCK TABLES;

--
-- Dumping data for table `remittance_af`
--

LOCK TABLES `remittance_af` WRITE;
/*!40000 ALTER TABLE `remittance_af` DISABLE KEYS */;
/*!40000 ALTER TABLE `remittance_af` ENABLE KEYS */;
UNLOCK TABLES;

--
-- Dumping data for table `remittance_fund`
--

LOCK TABLES `remittance_fund` WRITE;
/*!40000 ALTER TABLE `remittance_fund` DISABLE KEYS */;
/*!40000 ALTER TABLE `remittance_fund` ENABLE KEYS */;
UNLOCK TABLES;

--
-- Dumping data for table `remote_mapping`
--

LOCK TABLES `remote_mapping` WRITE;
/*!40000 ALTER TABLE `remote_mapping` DISABLE KEYS */;
/*!40000 ALTER TABLE `remote_mapping` ENABLE KEYS */;
UNLOCK TABLES;

--
-- Dumping data for table `report_rptcollection_annual_bypayer`
--

LOCK TABLES `report_rptcollection_annual_bypayer` WRITE;
/*!40000 ALTER TABLE `report_rptcollection_annual_bypayer` DISABLE KEYS */;
/*!40000 ALTER TABLE `report_rptcollection_annual_bypayer` ENABLE KEYS */;
UNLOCK TABLES;

--
-- Dumping data for table `report_rptdelinquency`
--

LOCK TABLES `report_rptdelinquency` WRITE;
/*!40000 ALTER TABLE `report_rptdelinquency` DISABLE KEYS */;
/*!40000 ALTER TABLE `report_rptdelinquency` ENABLE KEYS */;
UNLOCK TABLES;

--
-- Dumping data for table `report_rptdelinquency_barangay`
--

LOCK TABLES `report_rptdelinquency_barangay` WRITE;
/*!40000 ALTER TABLE `report_rptdelinquency_barangay` DISABLE KEYS */;
/*!40000 ALTER TABLE `report_rptdelinquency_barangay` ENABLE KEYS */;
UNLOCK TABLES;

--
-- Dumping data for table `report_rptdelinquency_error`
--

LOCK TABLES `report_rptdelinquency_error` WRITE;
/*!40000 ALTER TABLE `report_rptdelinquency_error` DISABLE KEYS */;
/*!40000 ALTER TABLE `report_rptdelinquency_error` ENABLE KEYS */;
UNLOCK TABLES;

--
-- Dumping data for table `report_rptdelinquency_forprocess`
--

LOCK TABLES `report_rptdelinquency_forprocess` WRITE;
/*!40000 ALTER TABLE `report_rptdelinquency_forprocess` DISABLE KEYS */;
/*!40000 ALTER TABLE `report_rptdelinquency_forprocess` ENABLE KEYS */;
UNLOCK TABLES;

--
-- Dumping data for table `report_rptdelinquency_item`
--

LOCK TABLES `report_rptdelinquency_item` WRITE;
/*!40000 ALTER TABLE `report_rptdelinquency_item` DISABLE KEYS */;
/*!40000 ALTER TABLE `report_rptdelinquency_item` ENABLE KEYS */;
UNLOCK TABLES;

--
-- Dumping data for table `report_rptdelinquency_total_bytaxpayer`
--

LOCK TABLES `report_rptdelinquency_total_bytaxpayer` WRITE;
/*!40000 ALTER TABLE `report_rptdelinquency_total_bytaxpayer` DISABLE KEYS */;
/*!40000 ALTER TABLE `report_rptdelinquency_total_bytaxpayer` ENABLE KEYS */;
UNLOCK TABLES;

--
-- Dumping data for table `resection`
--

LOCK TABLES `resection` WRITE;
/*!40000 ALTER TABLE `resection` DISABLE KEYS */;
/*!40000 ALTER TABLE `resection` ENABLE KEYS */;
UNLOCK TABLES;

--
-- Dumping data for table `resection_item`
--

LOCK TABLES `resection_item` WRITE;
/*!40000 ALTER TABLE `resection_item` DISABLE KEYS */;
/*!40000 ALTER TABLE `resection_item` ENABLE KEYS */;
UNLOCK TABLES;

--
-- Dumping data for table `resection_task`
--

LOCK TABLES `resection_task` WRITE;
/*!40000 ALTER TABLE `resection_task` DISABLE KEYS */;
/*!40000 ALTER TABLE `resection_task` ENABLE KEYS */;
UNLOCK TABLES;

--
-- Dumping data for table `rpt_changeinfo`
--

LOCK TABLES `rpt_changeinfo` WRITE;
/*!40000 ALTER TABLE `rpt_changeinfo` DISABLE KEYS */;
/*!40000 ALTER TABLE `rpt_changeinfo` ENABLE KEYS */;
UNLOCK TABLES;

--
-- Dumping data for table `rpt_redflag`
--

LOCK TABLES `rpt_redflag` WRITE;
/*!40000 ALTER TABLE `rpt_redflag` DISABLE KEYS */;
/*!40000 ALTER TABLE `rpt_redflag` ENABLE KEYS */;
UNLOCK TABLES;

--
-- Dumping data for table `rpt_requirement`
--

LOCK TABLES `rpt_requirement` WRITE;
/*!40000 ALTER TABLE `rpt_requirement` DISABLE KEYS */;
/*!40000 ALTER TABLE `rpt_requirement` ENABLE KEYS */;
UNLOCK TABLES;

--
-- Dumping data for table `rpt_requirement_type`
--

LOCK TABLES `rpt_requirement_type` WRITE;
/*!40000 ALTER TABLE `rpt_requirement_type` DISABLE KEYS */;
/*!40000 ALTER TABLE `rpt_requirement_type` ENABLE KEYS */;
UNLOCK TABLES;

--
-- Dumping data for table `rpt_sales_data`
--

LOCK TABLES `rpt_sales_data` WRITE;
/*!40000 ALTER TABLE `rpt_sales_data` DISABLE KEYS */;
/*!40000 ALTER TABLE `rpt_sales_data` ENABLE KEYS */;
UNLOCK TABLES;

--
-- Dumping data for table `rpt_sms`
--

LOCK TABLES `rpt_sms` WRITE;
/*!40000 ALTER TABLE `rpt_sms` DISABLE KEYS */;
/*!40000 ALTER TABLE `rpt_sms` ENABLE KEYS */;
UNLOCK TABLES;

--
-- Dumping data for table `rpt_sms_registration`
--

LOCK TABLES `rpt_sms_registration` WRITE;
/*!40000 ALTER TABLE `rpt_sms_registration` DISABLE KEYS */;
/*!40000 ALTER TABLE `rpt_sms_registration` ENABLE KEYS */;
UNLOCK TABLES;

--
-- Dumping data for table `rpt_syncdata`
--

LOCK TABLES `rpt_syncdata` WRITE;
/*!40000 ALTER TABLE `rpt_syncdata` DISABLE KEYS */;
/*!40000 ALTER TABLE `rpt_syncdata` ENABLE KEYS */;
UNLOCK TABLES;

--
-- Dumping data for table `rpt_syncdata_completed`
--

LOCK TABLES `rpt_syncdata_completed` WRITE;
/*!40000 ALTER TABLE `rpt_syncdata_completed` DISABLE KEYS */;
/*!40000 ALTER TABLE `rpt_syncdata_completed` ENABLE KEYS */;
UNLOCK TABLES;

--
-- Dumping data for table `rpt_syncdata_downloaded`
--

LOCK TABLES `rpt_syncdata_downloaded` WRITE;
/*!40000 ALTER TABLE `rpt_syncdata_downloaded` DISABLE KEYS */;
/*!40000 ALTER TABLE `rpt_syncdata_downloaded` ENABLE KEYS */;
UNLOCK TABLES;

--
-- Dumping data for table `rpt_syncdata_error`
--

LOCK TABLES `rpt_syncdata_error` WRITE;
/*!40000 ALTER TABLE `rpt_syncdata_error` DISABLE KEYS */;
/*!40000 ALTER TABLE `rpt_syncdata_error` ENABLE KEYS */;
UNLOCK TABLES;

--
-- Dumping data for table `rpt_syncdata_fordownload`
--

LOCK TABLES `rpt_syncdata_fordownload` WRITE;
/*!40000 ALTER TABLE `rpt_syncdata_fordownload` DISABLE KEYS */;
/*!40000 ALTER TABLE `rpt_syncdata_fordownload` ENABLE KEYS */;
UNLOCK TABLES;

--
-- Dumping data for table `rpt_syncdata_forsync`
--

LOCK TABLES `rpt_syncdata_forsync` WRITE;
/*!40000 ALTER TABLE `rpt_syncdata_forsync` DISABLE KEYS */;
/*!40000 ALTER TABLE `rpt_syncdata_forsync` ENABLE KEYS */;
UNLOCK TABLES;

--
-- Dumping data for table `rpt_syncdata_item`
--

LOCK TABLES `rpt_syncdata_item` WRITE;
/*!40000 ALTER TABLE `rpt_syncdata_item` DISABLE KEYS */;
/*!40000 ALTER TABLE `rpt_syncdata_item` ENABLE KEYS */;
UNLOCK TABLES;

--
-- Dumping data for table `rpt_syncdata_item_completed`
--

LOCK TABLES `rpt_syncdata_item_completed` WRITE;
/*!40000 ALTER TABLE `rpt_syncdata_item_completed` DISABLE KEYS */;
/*!40000 ALTER TABLE `rpt_syncdata_item_completed` ENABLE KEYS */;
UNLOCK TABLES;

--
-- Dumping data for table `rptacknowledgement`
--

LOCK TABLES `rptacknowledgement` WRITE;
/*!40000 ALTER TABLE `rptacknowledgement` DISABLE KEYS */;
/*!40000 ALTER TABLE `rptacknowledgement` ENABLE KEYS */;
UNLOCK TABLES;

--
-- Dumping data for table `rptacknowledgement_item`
--

LOCK TABLES `rptacknowledgement_item` WRITE;
/*!40000 ALTER TABLE `rptacknowledgement_item` DISABLE KEYS */;
/*!40000 ALTER TABLE `rptacknowledgement_item` ENABLE KEYS */;
UNLOCK TABLES;

--
-- Dumping data for table `rptbill`
--

LOCK TABLES `rptbill` WRITE;
/*!40000 ALTER TABLE `rptbill` DISABLE KEYS */;
/*!40000 ALTER TABLE `rptbill` ENABLE KEYS */;
UNLOCK TABLES;

--
-- Dumping data for table `rptbill_ledger`
--

LOCK TABLES `rptbill_ledger` WRITE;
/*!40000 ALTER TABLE `rptbill_ledger` DISABLE KEYS */;
/*!40000 ALTER TABLE `rptbill_ledger` ENABLE KEYS */;
UNLOCK TABLES;

--
-- Dumping data for table `rptcertification`
--

LOCK TABLES `rptcertification` WRITE;
/*!40000 ALTER TABLE `rptcertification` DISABLE KEYS */;
/*!40000 ALTER TABLE `rptcertification` ENABLE KEYS */;
UNLOCK TABLES;

--
-- Dumping data for table `rptcertification_online`
--

LOCK TABLES `rptcertification_online` WRITE;
/*!40000 ALTER TABLE `rptcertification_online` DISABLE KEYS */;
/*!40000 ALTER TABLE `rptcertification_online` ENABLE KEYS */;
UNLOCK TABLES;

--
-- Dumping data for table `rptcertification_task`
--

LOCK TABLES `rptcertification_task` WRITE;
/*!40000 ALTER TABLE `rptcertification_task` DISABLE KEYS */;
/*!40000 ALTER TABLE `rptcertification_task` ENABLE KEYS */;
UNLOCK TABLES;

--
-- Dumping data for table `rptcertificationitem`
--

LOCK TABLES `rptcertificationitem` WRITE;
/*!40000 ALTER TABLE `rptcertificationitem` DISABLE KEYS */;
/*!40000 ALTER TABLE `rptcertificationitem` ENABLE KEYS */;
UNLOCK TABLES;

--
-- Dumping data for table `rptcompromise`
--

LOCK TABLES `rptcompromise` WRITE;
/*!40000 ALTER TABLE `rptcompromise` DISABLE KEYS */;
/*!40000 ALTER TABLE `rptcompromise` ENABLE KEYS */;
UNLOCK TABLES;

--
-- Dumping data for table `rptcompromise_credit`
--

LOCK TABLES `rptcompromise_credit` WRITE;
/*!40000 ALTER TABLE `rptcompromise_credit` DISABLE KEYS */;
/*!40000 ALTER TABLE `rptcompromise_credit` ENABLE KEYS */;
UNLOCK TABLES;

--
-- Dumping data for table `rptcompromise_installment`
--

LOCK TABLES `rptcompromise_installment` WRITE;
/*!40000 ALTER TABLE `rptcompromise_installment` DISABLE KEYS */;
/*!40000 ALTER TABLE `rptcompromise_installment` ENABLE KEYS */;
UNLOCK TABLES;

--
-- Dumping data for table `rptcompromise_item`
--

LOCK TABLES `rptcompromise_item` WRITE;
/*!40000 ALTER TABLE `rptcompromise_item` DISABLE KEYS */;
/*!40000 ALTER TABLE `rptcompromise_item` ENABLE KEYS */;
UNLOCK TABLES;

--
-- Dumping data for table `rptexpiry`
--

LOCK TABLES `rptexpiry` WRITE;
/*!40000 ALTER TABLE `rptexpiry` DISABLE KEYS */;
/*!40000 ALTER TABLE `rptexpiry` ENABLE KEYS */;
UNLOCK TABLES;

--
-- Dumping data for table `rptledger`
--

LOCK TABLES `rptledger` WRITE;
/*!40000 ALTER TABLE `rptledger` DISABLE KEYS */;
/*!40000 ALTER TABLE `rptledger` ENABLE KEYS */;
UNLOCK TABLES;

--
-- Dumping data for table `rptledger_avdifference`
--

LOCK TABLES `rptledger_avdifference` WRITE;
/*!40000 ALTER TABLE `rptledger_avdifference` DISABLE KEYS */;
/*!40000 ALTER TABLE `rptledger_avdifference` ENABLE KEYS */;
UNLOCK TABLES;

--
-- Dumping data for table `rptledger_credit`
--

LOCK TABLES `rptledger_credit` WRITE;
/*!40000 ALTER TABLE `rptledger_credit` DISABLE KEYS */;
/*!40000 ALTER TABLE `rptledger_credit` ENABLE KEYS */;
UNLOCK TABLES;

--
-- Dumping data for table `rptledger_forprocess`
--

LOCK TABLES `rptledger_forprocess` WRITE;
/*!40000 ALTER TABLE `rptledger_forprocess` DISABLE KEYS */;
/*!40000 ALTER TABLE `rptledger_forprocess` ENABLE KEYS */;
UNLOCK TABLES;

--
-- Dumping data for table `rptledger_item`
--

LOCK TABLES `rptledger_item` WRITE;
/*!40000 ALTER TABLE `rptledger_item` DISABLE KEYS */;
/*!40000 ALTER TABLE `rptledger_item` ENABLE KEYS */;
UNLOCK TABLES;

--
-- Dumping data for table `rptledger_redflag`
--

LOCK TABLES `rptledger_redflag` WRITE;
/*!40000 ALTER TABLE `rptledger_redflag` DISABLE KEYS */;
/*!40000 ALTER TABLE `rptledger_redflag` ENABLE KEYS */;
UNLOCK TABLES;

--
-- Dumping data for table `rptledger_restriction`
--

LOCK TABLES `rptledger_restriction` WRITE;
/*!40000 ALTER TABLE `rptledger_restriction` DISABLE KEYS */;
/*!40000 ALTER TABLE `rptledger_restriction` ENABLE KEYS */;
UNLOCK TABLES;

--
-- Dumping data for table `rptledger_subledger`
--

LOCK TABLES `rptledger_subledger` WRITE;
/*!40000 ALTER TABLE `rptledger_subledger` DISABLE KEYS */;
/*!40000 ALTER TABLE `rptledger_subledger` ENABLE KEYS */;
UNLOCK TABLES;

--
-- Dumping data for table `rptledger_tag`
--

LOCK TABLES `rptledger_tag` WRITE;
/*!40000 ALTER TABLE `rptledger_tag` DISABLE KEYS */;
/*!40000 ALTER TABLE `rptledger_tag` ENABLE KEYS */;
UNLOCK TABLES;

--
-- Dumping data for table `rptledgerbill`
--

LOCK TABLES `rptledgerbill` WRITE;
/*!40000 ALTER TABLE `rptledgerbill` DISABLE KEYS */;
/*!40000 ALTER TABLE `rptledgerbill` ENABLE KEYS */;
UNLOCK TABLES;

--
-- Dumping data for table `rptledgerbillitem`
--

LOCK TABLES `rptledgerbillitem` WRITE;
/*!40000 ALTER TABLE `rptledgerbillitem` DISABLE KEYS */;
/*!40000 ALTER TABLE `rptledgerbillitem` ENABLE KEYS */;
UNLOCK TABLES;

--
-- Dumping data for table `rptledgerfaas`
--

LOCK TABLES `rptledgerfaas` WRITE;
/*!40000 ALTER TABLE `rptledgerfaas` DISABLE KEYS */;
/*!40000 ALTER TABLE `rptledgerfaas` ENABLE KEYS */;
UNLOCK TABLES;

--
-- Dumping data for table `rptparameter`
--

LOCK TABLES `rptparameter` WRITE;
/*!40000 ALTER TABLE `rptparameter` DISABLE KEYS */;
INSERT INTO `rptparameter` VALUES ('AREA_SQM','APPROVED','AREA_SQM','AREA IN SQM','AREA IN SQUARE METER','decimal',0,0),('DISTANCE_TO_AWR','APPROVED','DISTANCE_TO_AWR','DISTANCE TO AWR','','decimal',0,0),('DISTANCE_TO_LTC','APPROVED','DISTANCE_TO_LTC','DISTANCE TO LTC','','decimal',0,0),('MULTI_STOREY_RATE','APPROVED','MULTI_STOREY_RATE','MULTI-STOREY RATE',NULL,'decimal',0,0),('NO_OF_SETS','APPROVED','NO_OF_SETS','NO. OF SETS',NULL,'integer',0,0),('P65ce3399:1674f1aed8d:-1d8e','APPROVED','UV_160_210','UNIT VALUE (160-210)',NULL,'range_decimal',160,210),('RP-e1e86ac:147336bc626:-7fc1','APPROVED','LINEAR_METER','LINEAR METER','LINEAR OF METER','decimal',0,0),('RP1202d5ca:15141a9f463:-7b17','APPROVED','VALUE_ADJUSTMENT','VALUE ADJUSTMENT',NULL,'decimal',0,0),('RP1cb5fe2e:14cdb1a6034:-78d9','APPROVED','TOTAL_ADDITIONAL','TOTAL_ADDITIONAL',NULL,'decimal',0,0),('RP278b7a42:14e5756a3b6:-20bf','APPROVED','RATE_30_40','RATE (30% - 40%)',NULL,'range_decimal',30,40),('RP3153bf8b:1473788097f:-4fae','APPROVED','NO_UNITS','NO. OF UNITS',NULL,'integer',0,0),('RP3153bf8b:1473788097f:-5e15','APPROVED','NO_OF_UNITS','NUMBER OF UNITS',NULL,'decimal',0,0),('RP4d9894b6:14aca9c2cee:-1263','APPROVED','UV_3500_3800','UNIT VALUE (3500-3800)',NULL,'range_decimal',3500,3800),('RP65bd4b24:147eee7380d:-78b9','APPROVED','DISTANCE_KM','DISTANCE IN KM',NULL,'decimal',0,0),('RP65bd4b24:147eee7380d:1fdb','APPROVED','UV_800_1600','UNIT VALUE (800-1600)',NULL,'range_decimal',800,1600),('RP65bd4b24:147eee7380d:1fff','APPROVED','UV_250_300','UNIT VALUE (250-300)',NULL,'range_decimal',250,300),('RP65bd4b24:147eee7380d:2277','APPROVED','UV_1000_1300','UNIT VALUE (1000-1300)',NULL,'range_decimal',1000,1300),('RP65bd4b24:147eee7380d:2427','APPROVED','UV_500_800','UNIT VALUE (500-800)',NULL,'range_decimal',500,800),('RP65bd4b24:147eee7380d:243f','APPROVED','UV_450_750','UNIT VALUE (450-750)',NULL,'range_decimal',450,750),('RP65bd4b24:147eee7380d:2457','APPROVED','UV_400_600','UNIT VALUE (400-600)',NULL,'range_decimal',400,600),('RP65bd4b24:147eee7380d:2b29','APPROVED','UV_700_1000','UNIT VALUE (700-1000)',NULL,'range_decimal',700,1000),('RP65bd4b24:147eee7380d:2b3a','APPROVED','UV_2400_3000','UNIT VALUE (2400-3000)',NULL,'range_decimal',2400,3000),('RP65bd4b24:147eee7380d:2d97','APPROVED','UV_300_500','UNIT VALUE (300-500)',NULL,'range_decimal',300,500),('RP65bd4b24:147eee7380d:2daf','APPROVED','UV_300_400','UNIT VALUE (300-400)',NULL,'range_decimal',300,400),('RP65bd4b24:147eee7380d:3285','APPROVED','UV_50_100','UNIT VALUE (50-100)',NULL,'range_decimal',50,100),('RP65bd4b24:147eee7380d:3d1c','APPROVED','UV_400_450','UNIT VALUE (400-450)',NULL,'range_decimal',400,450),('RP65bd4b24:147eee7380d:3d34','APPROVED','UV_350_400','UNIT VALUE (350-400)',NULL,'range_decimal',350,400),('RP65bd4b24:147eee7380d:3d4c','APPROVED','UV_250_350','UNIT VALUE (250-350)',NULL,'range_decimal',250,350),('RP65bd4b24:147eee7380d:408c','APPROVED','UV_1000_1200','UNIT VALUE (1000-1200)',NULL,'range_decimal',1000,1200),('RP65bd4b24:147eee7380d:40a4','APPROVED','UV_900_1000','UNIT VALUE (900-1000)',NULL,'range_decimal',900,1000),('RP65bd4b24:147eee7380d:492e','APPROVED','HEIGHTS_METER','HEIGHTS IN METER',NULL,'decimal',0,0),('RP65bd4b24:147eee7380d:4e52','APPROVED','UV_5000_7500','UNIT VALUE (5000-7500)',NULL,'range_decimal',5000,7500),('RP65bd4b24:147eee7380d:5013','APPROVED','TOTAL_AREA','TOTAL AREA',NULL,'decimal',0,0),('RP65bd4b24:147eee7380d:52b0','APPROVED','PERCENTAGE_15_20','PERCENTAGE (15-20)',NULL,'range_decimal',0,0),('RP65bd4b24:147eee7380d:587d','APPROVED','UV_8000_9500','UNIT VALUE (8000-9500)',NULL,'range_decimal',8000,9500),('RP65bd4b24:147eee7380d:588e','APPROVED','UV_3500_6000','UNIT VALUE (3500-6000)',NULL,'range_decimal',3500,6000),('RP65bd4b24:147eee7380d:589f','APPROVED','UV_3500_4200','UNIT VALUE (3500-4200)',NULL,'range_decimal',3500,4200),('RP65bd4b24:147eee7380d:58c1','APPROVED','UV_2000_2300','UNIT VALUE (2000-2300)',NULL,'range_decimal',2000,2300),('RP65bd4b24:147eee7380d:6558','APPROVED','VOLUME_CU_M','VOLUME IN CU.M.',NULL,'decimal',0,0),('RP65bd4b24:147eee7380d:6658','APPROVED','UV_4000_4200','UNIT VALUE (4000-4200)',NULL,'range_decimal',4000,4200),('RP65bd4b24:147eee7380d:6670','APPROVED','UV_1000_1800','UNIT VALUE (1000-1800)',NULL,'range_decimal',1000,1800),('RP65bd4b24:147eee7380d:6c07','APPROVED','UV_500_700','UNIT VALUE (500-700)',NULL,'range_decimal',500,700),('RP65bd4b24:147eee7380d:6e89','APPROVED','NO_OF_PIECES','NUMBER OF PIECES',NULL,'integer',0,0),('RP65bd4b24:147eee7380d:6ea1','APPROVED','UV_25_50','UNIT VALUE (25-50)',NULL,'range_decimal',25,50),('RP65bd4b24:147eee7380d:71ab','APPROVED','UV_3300_3900','UNIT VALUE (3300-3900)',NULL,'range_decimal',3300,3900),('RP65bd4b24:147eee7380d:71c3','APPROVED','UV_1000_1100','UNIT VALUE (1000-1100)',NULL,'range_decimal',1000,1100),('RP65bd4b24:147eee7380d:71db','APPROVED','UV_3800_6000','UNIT VALUE (3800-6000)',NULL,'range_decimal',3800,6000),('RP65bd4b24:147eee7380d:727a','APPROVED','UV_900_1300','UNIT VALUE (900-1300)',NULL,'range_decimal',900,1300),('RP65bd4b24:147eee7380d:7292','APPROVED','UV_550_950','UNIT VALUE (550-950)',NULL,'range_decimal',550,950),('RP65bd4b24:147eee7380d:72aa','APPROVED','UV_350_700','UNIT VALUE (350-700)',NULL,'range_decimal',350,700),('RP65bd4b24:147eee7380d:72c2','APPROVED','UV_4500_8000','UNIT VALUE (4500-8000)',NULL,'range_decimal',4500,8000),('RP65bd4b24:147eee7380d:72da','APPROVED','UV_4000_5000','UNIT VALUE (4000-5000)',NULL,'range_decimal',4000,5000),('RP65bd4b24:147f0d26ed9:-7757','APPROVED','AREA_CU_M','AREA IN CU.M.',NULL,'decimal',0,0),('RP6ea552b8:14d6ea523dd:-47ad','APPROVED','DEPRECIATION_RATE','DEPRECIATION RATE','DEPRECIATION_RATE','decimal',0,0),('RP6ea552b8:14d6ea523dd:-5da8','APPROVED','PAINTED_AREA','PAINTED AREA (SQM)',NULL,'decimal',0,0),('TOTAL_ADVANCE','APPROVED','TOTAL_ADVANCE','TOTAL ADVANCE',NULL,'decimal',0,0),('TOTAL_AV','APPROVED','TOTAL_AV','TOTAL AV',NULL,'decimal',0,0),('TOTAL_BMV','APPROVED','TOTAL_BMV','TOTAL BMV',NULL,'decimal',0,0),('TOTAL_CURRENT','APPROVED','TOTAL_CURRENT','TOTAL CURRENT',NULL,'decimal',0,0),('TOTAL_MV','APPROVED','TOTAL_MV','TOTAL MV','','decimal',0,0),('TOTAL_PREVIOUS','APPROVED','TOTAL_PREVIOUS','TOTAL PREVIOUS',NULL,'decimal',0,0),('TOTAL_PRIOR','APPROVED','TOTAL_PRIOR','TOTAL PRIOR','','decimal',0,0),('TOTAL_VALUE','APPROVED','TOTAL_VALUE','TOTAL VALUE','','decimal',0,0);
/*!40000 ALTER TABLE `rptparameter` ENABLE KEYS */;
UNLOCK TABLES;

--
-- Dumping data for table `rptpayment`
--

LOCK TABLES `rptpayment` WRITE;
/*!40000 ALTER TABLE `rptpayment` DISABLE KEYS */;
/*!40000 ALTER TABLE `rptpayment` ENABLE KEYS */;
UNLOCK TABLES;

--
-- Dumping data for table `rptpayment_item`
--

LOCK TABLES `rptpayment_item` WRITE;
/*!40000 ALTER TABLE `rptpayment_item` DISABLE KEYS */;
/*!40000 ALTER TABLE `rptpayment_item` ENABLE KEYS */;
UNLOCK TABLES;

--
-- Dumping data for table `rptpayment_share`
--

LOCK TABLES `rptpayment_share` WRITE;
/*!40000 ALTER TABLE `rptpayment_share` DISABLE KEYS */;
/*!40000 ALTER TABLE `rptpayment_share` ENABLE KEYS */;
UNLOCK TABLES;

--
-- Dumping data for table `rptreceipt_capture`
--

LOCK TABLES `rptreceipt_capture` WRITE;
/*!40000 ALTER TABLE `rptreceipt_capture` DISABLE KEYS */;
/*!40000 ALTER TABLE `rptreceipt_capture` ENABLE KEYS */;
UNLOCK TABLES;

--
-- Dumping data for table `rpttask`
--

LOCK TABLES `rpttask` WRITE;
/*!40000 ALTER TABLE `rpttask` DISABLE KEYS */;
/*!40000 ALTER TABLE `rpttask` ENABLE KEYS */;
UNLOCK TABLES;

--
-- Dumping data for table `rpttaxclearance`
--

LOCK TABLES `rpttaxclearance` WRITE;
/*!40000 ALTER TABLE `rpttaxclearance` DISABLE KEYS */;
/*!40000 ALTER TABLE `rpttaxclearance` ENABLE KEYS */;
UNLOCK TABLES;

--
-- Dumping data for table `rpttaxcredit`
--

LOCK TABLES `rpttaxcredit` WRITE;
/*!40000 ALTER TABLE `rpttaxcredit` DISABLE KEYS */;
/*!40000 ALTER TABLE `rpttaxcredit` ENABLE KEYS */;
UNLOCK TABLES;

--
-- Dumping data for table `rpttaxincentive`
--

LOCK TABLES `rpttaxincentive` WRITE;
/*!40000 ALTER TABLE `rpttaxincentive` DISABLE KEYS */;
/*!40000 ALTER TABLE `rpttaxincentive` ENABLE KEYS */;
UNLOCK TABLES;

--
-- Dumping data for table `rpttaxincentive_item`
--

LOCK TABLES `rpttaxincentive_item` WRITE;
/*!40000 ALTER TABLE `rpttaxincentive_item` DISABLE KEYS */;
/*!40000 ALTER TABLE `rpttaxincentive_item` ENABLE KEYS */;
UNLOCK TABLES;

--
-- Dumping data for table `rpttracking`
--

LOCK TABLES `rpttracking` WRITE;
/*!40000 ALTER TABLE `rpttracking` DISABLE KEYS */;
/*!40000 ALTER TABLE `rpttracking` ENABLE KEYS */;
UNLOCK TABLES;

--
-- Dumping data for table `rpttransmittal`
--

LOCK TABLES `rpttransmittal` WRITE;
/*!40000 ALTER TABLE `rpttransmittal` DISABLE KEYS */;
/*!40000 ALTER TABLE `rpttransmittal` ENABLE KEYS */;
UNLOCK TABLES;

--
-- Dumping data for table `rpttransmittal_item`
--

LOCK TABLES `rpttransmittal_item` WRITE;
/*!40000 ALTER TABLE `rpttransmittal_item` DISABLE KEYS */;
/*!40000 ALTER TABLE `rpttransmittal_item` ENABLE KEYS */;
UNLOCK TABLES;

--
-- Dumping data for table `rptworkflow`
--

LOCK TABLES `rptworkflow` WRITE;
/*!40000 ALTER TABLE `rptworkflow` DISABLE KEYS */;
/*!40000 ALTER TABLE `rptworkflow` ENABLE KEYS */;
UNLOCK TABLES;

--
-- Dumping data for table `rptworkflow_state`
--

LOCK TABLES `rptworkflow_state` WRITE;
/*!40000 ALTER TABLE `rptworkflow_state` DISABLE KEYS */;
/*!40000 ALTER TABLE `rptworkflow_state` ENABLE KEYS */;
UNLOCK TABLES;

--
-- Dumping data for table `rpu`
--

LOCK TABLES `rpu` WRITE;
/*!40000 ALTER TABLE `rpu` DISABLE KEYS */;
/*!40000 ALTER TABLE `rpu` ENABLE KEYS */;
UNLOCK TABLES;

--
-- Dumping data for table `rpu_assessment`
--

LOCK TABLES `rpu_assessment` WRITE;
/*!40000 ALTER TABLE `rpu_assessment` DISABLE KEYS */;
/*!40000 ALTER TABLE `rpu_assessment` ENABLE KEYS */;
UNLOCK TABLES;

--
-- Dumping data for table `rpu_history`
--

LOCK TABLES `rpu_history` WRITE;
/*!40000 ALTER TABLE `rpu_history` DISABLE KEYS */;
/*!40000 ALTER TABLE `rpu_history` ENABLE KEYS */;
UNLOCK TABLES;

--
-- Dumping data for table `rpu_type_suffix`
--

LOCK TABLES `rpu_type_suffix` WRITE;
/*!40000 ALTER TABLE `rpu_type_suffix` DISABLE KEYS */;
INSERT INTO `rpu_type_suffix` VALUES ('BLDG-1001-1999','bldg',1001,1999),('BLDG-8001-8999','bldg',8001,8999),('LAND','land',0,0),('MACH-2001-2999','mach',2001,2999),('MISC-3001-3999','misc',3001,3999),('MISC-7001-7999','misc',7001,7999),('PLANTTREE-3001-6999','planttree',3001,6999);
/*!40000 ALTER TABLE `rpu_type_suffix` ENABLE KEYS */;
UNLOCK TABLES;

--
-- Dumping data for table `rpumaster`
--

LOCK TABLES `rpumaster` WRITE;
/*!40000 ALTER TABLE `rpumaster` DISABLE KEYS */;
/*!40000 ALTER TABLE `rpumaster` ENABLE KEYS */;
UNLOCK TABLES;

--
-- Dumping data for table `rysetting_lgu`
--

LOCK TABLES `rysetting_lgu` WRITE;
/*!40000 ALTER TABLE `rysetting_lgu` DISABLE KEYS */;
/*!40000 ALTER TABLE `rysetting_lgu` ENABLE KEYS */;
UNLOCK TABLES;

--
-- Dumping data for table `rysettinginfo`
--

LOCK TABLES `rysettinginfo` WRITE;
/*!40000 ALTER TABLE `rysettinginfo` DISABLE KEYS */;
/*!40000 ALTER TABLE `rysettinginfo` ENABLE KEYS */;
UNLOCK TABLES;

--
-- Dumping data for table `signatory`
--

LOCK TABLES `signatory` WRITE;
/*!40000 ALTER TABLE `signatory` DISABLE KEYS */;
/*!40000 ALTER TABLE `signatory` ENABLE KEYS */;
UNLOCK TABLES;

--
-- Dumping data for table `sms_rpt_registration`
--

LOCK TABLES `sms_rpt_registration` WRITE;
/*!40000 ALTER TABLE `sms_rpt_registration` DISABLE KEYS */;
/*!40000 ALTER TABLE `sms_rpt_registration` ENABLE KEYS */;
UNLOCK TABLES;

--
-- Dumping data for table `specialaccountsetting`
--

LOCK TABLES `specialaccountsetting` WRITE;
/*!40000 ALTER TABLE `specialaccountsetting` DISABLE KEYS */;
/*!40000 ALTER TABLE `specialaccountsetting` ENABLE KEYS */;
UNLOCK TABLES;

--
-- Dumping data for table `sre_revenue_mapping`
--

LOCK TABLES `sre_revenue_mapping` WRITE;
/*!40000 ALTER TABLE `sre_revenue_mapping` DISABLE KEYS */;
/*!40000 ALTER TABLE `sre_revenue_mapping` ENABLE KEYS */;
UNLOCK TABLES;

--
-- Dumping data for table `sreaccount`
--

LOCK TABLES `sreaccount` WRITE;
/*!40000 ALTER TABLE `sreaccount` DISABLE KEYS */;
/*!40000 ALTER TABLE `sreaccount` ENABLE KEYS */;
UNLOCK TABLES;

--
-- Dumping data for table `sreaccount_incometarget`
--

LOCK TABLES `sreaccount_incometarget` WRITE;
/*!40000 ALTER TABLE `sreaccount_incometarget` DISABLE KEYS */;
/*!40000 ALTER TABLE `sreaccount_incometarget` ENABLE KEYS */;
UNLOCK TABLES;

--
-- Dumping data for table `structure`
--

LOCK TABLES `structure` WRITE;
/*!40000 ALTER TABLE `structure` DISABLE KEYS */;
INSERT INTO `structure` VALUES ('ST-5288b48:1473337046c:-7c48','APPROVED','WL','WALLS AND PARTITIONS',3,1),('ST-5288b48:1473337046c:-7c73','APPROVED','RF','ROOF',1,1),('ST-5288b48:1473337046c:-7ca8','APPROVED','FL','FLOORING',2,1);
/*!40000 ALTER TABLE `structure` ENABLE KEYS */;
UNLOCK TABLES;

--
-- Dumping data for table `structurematerial`
--

LOCK TABLES `structurematerial` WRITE;
/*!40000 ALTER TABLE `structurematerial` DISABLE KEYS */;
/*!40000 ALTER TABLE `structurematerial` ENABLE KEYS */;
UNLOCK TABLES;

--
-- Dumping data for table `subcollector_remittance`
--

LOCK TABLES `subcollector_remittance` WRITE;
/*!40000 ALTER TABLE `subcollector_remittance` DISABLE KEYS */;
/*!40000 ALTER TABLE `subcollector_remittance` ENABLE KEYS */;
UNLOCK TABLES;

--
-- Dumping data for table `subcollector_remittance_cashreceipt`
--

LOCK TABLES `subcollector_remittance_cashreceipt` WRITE;
/*!40000 ALTER TABLE `subcollector_remittance_cashreceipt` DISABLE KEYS */;
/*!40000 ALTER TABLE `subcollector_remittance_cashreceipt` ENABLE KEYS */;
UNLOCK TABLES;

--
-- Dumping data for table `subdividedland`
--

LOCK TABLES `subdividedland` WRITE;
/*!40000 ALTER TABLE `subdividedland` DISABLE KEYS */;
/*!40000 ALTER TABLE `subdividedland` ENABLE KEYS */;
UNLOCK TABLES;

--
-- Dumping data for table `subdivision`
--

LOCK TABLES `subdivision` WRITE;
/*!40000 ALTER TABLE `subdivision` DISABLE KEYS */;
/*!40000 ALTER TABLE `subdivision` ENABLE KEYS */;
UNLOCK TABLES;

--
-- Dumping data for table `subdivision_assist`
--

LOCK TABLES `subdivision_assist` WRITE;
/*!40000 ALTER TABLE `subdivision_assist` DISABLE KEYS */;
/*!40000 ALTER TABLE `subdivision_assist` ENABLE KEYS */;
UNLOCK TABLES;

--
-- Dumping data for table `subdivision_assist_item`
--

LOCK TABLES `subdivision_assist_item` WRITE;
/*!40000 ALTER TABLE `subdivision_assist_item` DISABLE KEYS */;
/*!40000 ALTER TABLE `subdivision_assist_item` ENABLE KEYS */;
UNLOCK TABLES;

--
-- Dumping data for table `subdivision_cancelledimprovement`
--

LOCK TABLES `subdivision_cancelledimprovement` WRITE;
/*!40000 ALTER TABLE `subdivision_cancelledimprovement` DISABLE KEYS */;
/*!40000 ALTER TABLE `subdivision_cancelledimprovement` ENABLE KEYS */;
UNLOCK TABLES;

--
-- Dumping data for table `subdivision_motherland`
--

LOCK TABLES `subdivision_motherland` WRITE;
/*!40000 ALTER TABLE `subdivision_motherland` DISABLE KEYS */;
/*!40000 ALTER TABLE `subdivision_motherland` ENABLE KEYS */;
UNLOCK TABLES;

--
-- Dumping data for table `subdivision_task`
--

LOCK TABLES `subdivision_task` WRITE;
/*!40000 ALTER TABLE `subdivision_task` DISABLE KEYS */;
/*!40000 ALTER TABLE `subdivision_task` ENABLE KEYS */;
UNLOCK TABLES;

--
-- Dumping data for table `subdivisionaffectedrpu`
--

LOCK TABLES `subdivisionaffectedrpu` WRITE;
/*!40000 ALTER TABLE `subdivisionaffectedrpu` DISABLE KEYS */;
/*!40000 ALTER TABLE `subdivisionaffectedrpu` ENABLE KEYS */;
UNLOCK TABLES;

--
-- Dumping data for table `syncdata`
--

LOCK TABLES `syncdata` WRITE;
/*!40000 ALTER TABLE `syncdata` DISABLE KEYS */;
/*!40000 ALTER TABLE `syncdata` ENABLE KEYS */;
UNLOCK TABLES;

--
-- Dumping data for table `syncdata_forprocess`
--

LOCK TABLES `syncdata_forprocess` WRITE;
/*!40000 ALTER TABLE `syncdata_forprocess` DISABLE KEYS */;
/*!40000 ALTER TABLE `syncdata_forprocess` ENABLE KEYS */;
UNLOCK TABLES;

--
-- Dumping data for table `syncdata_forsync`
--

LOCK TABLES `syncdata_forsync` WRITE;
/*!40000 ALTER TABLE `syncdata_forsync` DISABLE KEYS */;
/*!40000 ALTER TABLE `syncdata_forsync` ENABLE KEYS */;
UNLOCK TABLES;

--
-- Dumping data for table `syncdata_item`
--

LOCK TABLES `syncdata_item` WRITE;
/*!40000 ALTER TABLE `syncdata_item` DISABLE KEYS */;
/*!40000 ALTER TABLE `syncdata_item` ENABLE KEYS */;
UNLOCK TABLES;

--
-- Dumping data for table `syncdata_org`
--

LOCK TABLES `syncdata_org` WRITE;
/*!40000 ALTER TABLE `syncdata_org` DISABLE KEYS */;
/*!40000 ALTER TABLE `syncdata_org` ENABLE KEYS */;
UNLOCK TABLES;

--
-- Dumping data for table `syncdata_pending`
--

LOCK TABLES `syncdata_pending` WRITE;
/*!40000 ALTER TABLE `syncdata_pending` DISABLE KEYS */;
/*!40000 ALTER TABLE `syncdata_pending` ENABLE KEYS */;
UNLOCK TABLES;

--
-- Dumping data for table `sys_dataset`
--

LOCK TABLES `sys_dataset` WRITE;
/*!40000 ALTER TABLE `sys_dataset` DISABLE KEYS */;
/*!40000 ALTER TABLE `sys_dataset` ENABLE KEYS */;
UNLOCK TABLES;

--
-- Dumping data for table `sys_domain`
--

LOCK TABLES `sys_domain` WRITE;
/*!40000 ALTER TABLE `sys_domain` DISABLE KEYS */;
/*!40000 ALTER TABLE `sys_domain` ENABLE KEYS */;
UNLOCK TABLES;

--
-- Dumping data for table `sys_email_queue`
--

LOCK TABLES `sys_email_queue` WRITE;
/*!40000 ALTER TABLE `sys_email_queue` DISABLE KEYS */;
/*!40000 ALTER TABLE `sys_email_queue` ENABLE KEYS */;
UNLOCK TABLES;

--
-- Dumping data for table `sys_email_template`
--

LOCK TABLES `sys_email_template` WRITE;
/*!40000 ALTER TABLE `sys_email_template` DISABLE KEYS */;
INSERT INTO `sys_email_template` VALUES ('business_permit','Business Permit ${permitno}','Dear valued customer, <br><br>Please see attached Business Permit document. This is an electronic transaction. Please do not reply.');
/*!40000 ALTER TABLE `sys_email_template` ENABLE KEYS */;
UNLOCK TABLES;

--
-- Dumping data for table `sys_file`
--

LOCK TABLES `sys_file` WRITE;
/*!40000 ALTER TABLE `sys_file` DISABLE KEYS */;
/*!40000 ALTER TABLE `sys_file` ENABLE KEYS */;
UNLOCK TABLES;

--
-- Dumping data for table `sys_fileitem`
--

LOCK TABLES `sys_fileitem` WRITE;
/*!40000 ALTER TABLE `sys_fileitem` DISABLE KEYS */;
/*!40000 ALTER TABLE `sys_fileitem` ENABLE KEYS */;
UNLOCK TABLES;

--
-- Dumping data for table `sys_fileloc`
--

LOCK TABLES `sys_fileloc` WRITE;
/*!40000 ALTER TABLE `sys_fileloc` DISABLE KEYS */;
INSERT INTO `sys_fileloc` VALUES ('bpls-fileserver','127.0.0.1',NULL,0,'ftp','ftpuser','P@ssw0rd#',NULL),('bpls-fileserver-pub','127.0.0.1',NULL,0,'ftp','ftpuser','P@ssw0rd#',NULL);
/*!40000 ALTER TABLE `sys_fileloc` ENABLE KEYS */;
UNLOCK TABLES;

--
-- Dumping data for table `sys_org`
--

LOCK TABLES `sys_org` WRITE;
/*!40000 ALTER TABLE `sys_org` DISABLE KEYS */;
INSERT INTO `sys_org` VALUES ('000','PROV','PROVINCE',NULL,NULL,'000',1,NULL);
/*!40000 ALTER TABLE `sys_org` ENABLE KEYS */;
UNLOCK TABLES;

--
-- Dumping data for table `sys_orgclass`
--

LOCK TABLES `sys_orgclass` WRITE;
/*!40000 ALTER TABLE `sys_orgclass` DISABLE KEYS */;
INSERT INTO `sys_orgclass` VALUES ('BARANGAY','BARANGAY','MUNICIPALITY','barangay'),('EE','ECONOMIC ENTERPRISE',NULL,NULL),('MUNICIPALITY','MUNICIPALITY','PROVINCE','municipality'),('PROVINCE','PROVINCE',NULL,'province');
/*!40000 ALTER TABLE `sys_orgclass` ENABLE KEYS */;
UNLOCK TABLES;

--
-- Dumping data for table `sys_quarter`
--

LOCK TABLES `sys_quarter` WRITE;
/*!40000 ALTER TABLE `sys_quarter` DISABLE KEYS */;
/*!40000 ALTER TABLE `sys_quarter` ENABLE KEYS */;
UNLOCK TABLES;

--
-- Dumping data for table `sys_report`
--

LOCK TABLES `sys_report` WRITE;
/*!40000 ALTER TABLE `sys_report` DISABLE KEYS */;
/*!40000 ALTER TABLE `sys_report` ENABLE KEYS */;
UNLOCK TABLES;

--
-- Dumping data for table `sys_report_admin`
--

LOCK TABLES `sys_report_admin` WRITE;
/*!40000 ALTER TABLE `sys_report_admin` DISABLE KEYS */;
/*!40000 ALTER TABLE `sys_report_admin` ENABLE KEYS */;
UNLOCK TABLES;

--
-- Dumping data for table `sys_report_def`
--

LOCK TABLES `sys_report_def` WRITE;
/*!40000 ALTER TABLE `sys_report_def` DISABLE KEYS */;
/*!40000 ALTER TABLE `sys_report_def` ENABLE KEYS */;
UNLOCK TABLES;

--
-- Dumping data for table `sys_report_folder`
--

LOCK TABLES `sys_report_folder` WRITE;
/*!40000 ALTER TABLE `sys_report_folder` DISABLE KEYS */;
/*!40000 ALTER TABLE `sys_report_folder` ENABLE KEYS */;
UNLOCK TABLES;

--
-- Dumping data for table `sys_report_member`
--

LOCK TABLES `sys_report_member` WRITE;
/*!40000 ALTER TABLE `sys_report_member` DISABLE KEYS */;
/*!40000 ALTER TABLE `sys_report_member` ENABLE KEYS */;
UNLOCK TABLES;

--
-- Dumping data for table `sys_report_subreport_def`
--

LOCK TABLES `sys_report_subreport_def` WRITE;
/*!40000 ALTER TABLE `sys_report_subreport_def` DISABLE KEYS */;
/*!40000 ALTER TABLE `sys_report_subreport_def` ENABLE KEYS */;
UNLOCK TABLES;

--
-- Dumping data for table `sys_report_template`
--

LOCK TABLES `sys_report_template` WRITE;
/*!40000 ALTER TABLE `sys_report_template` DISABLE KEYS */;
/*!40000 ALTER TABLE `sys_report_template` ENABLE KEYS */;
UNLOCK TABLES;

--
-- Dumping data for table `sys_requirement_type`
--

LOCK TABLES `sys_requirement_type` WRITE;
/*!40000 ALTER TABLE `sys_requirement_type` DISABLE KEYS */;
/*!40000 ALTER TABLE `sys_requirement_type` ENABLE KEYS */;
UNLOCK TABLES;

--
-- Dumping data for table `sys_rule`
--

LOCK TABLES `sys_rule` WRITE;
/*!40000 ALTER TABLE `sys_rule` DISABLE KEYS */;
INSERT INTO `sys_rule` VALUES ('RUL-240e09a9:164078d36c8:-716f','DEPLOYED','PROVINCE_SEF_SHARE_ADVANCE','rptbilling','LGU_SHARE','PROVINCE_SEF_SHARE_ADVANCE',NULL,50000,NULL,NULL,'2018-06-16 03:56:36','USR-ADMIN','ADMIN',1,'RUL-240e09a9:164078d36c8:-716f'),('RUL-240e09a9:164078d36c8:-7197','DEPLOYED','PROVINCE_SEF_SHARE_CURRENT_PENALTY','rptbilling','LGU_SHARE','PROVINCE_SEF_SHARE_CURRENT_PENALTY',NULL,50000,NULL,NULL,'2018-06-16 03:56:24','USR-ADMIN','ADMIN',1,'RUL-240e09a9:164078d36c8:-7197'),('RUL-240e09a9:164078d36c8:-71bf','DEPLOYED','PROVINCE_SEF_SHARE_CURRENT','rptbilling','LGU_SHARE','PROVINCE_SEF_SHARE_CURRENT',NULL,50000,NULL,NULL,'2018-06-16 03:56:12','USR-ADMIN','ADMIN',1,'RUL-240e09a9:164078d36c8:-71bf'),('RUL-240e09a9:164078d36c8:-73ef','DEPLOYED','PROVINCE_BASIC_SHARE_CURRENT','rptbilling','LGU_SHARE','PROVINCE_BASIC_SHARE_CURRENT',NULL,50000,NULL,NULL,'2018-06-16 03:54:12','USR-ADMIN','ADMIN',1,'RUL-240e09a9:164078d36c8:-73ef'),('RUL-240e09a9:164078d36c8:-74de','DEPLOYED','PROVINCE_BASIC_SHARE_CURRENT_PENALTY','rptbilling','LGU_SHARE','PROVINCE_BASIC_SHARE_CURRENT_PENALTY',NULL,50000,NULL,NULL,'2018-06-16 03:53:11','USR-ADMIN','ADMIN',1,'RUL-240e09a9:164078d36c8:-74de'),('RUL-240e09a9:164078d36c8:-7594','DEPLOYED','PROVINCE_BASIC_SHARE_ADVANCE','rptbilling','LGU_SHARE','PROVINCE_BASIC_SHARE_ADVANCE',NULL,50000,NULL,NULL,'2018-06-16 03:52:19','USR-ADMIN','ADMIN',1,'RUL-240e09a9:164078d36c8:-7594'),('RUL-2486b0ca:146fff66c3e:-2c4a','DEPLOYED','CALC_ACTUAL_USE_MV','bldgassessment','MARKETVALUE','CALC ACTUAL USE MV',NULL,50000,NULL,NULL,'2014-12-15 23:59:15','USR7e15465b:14a51353b1a:-7fb7','ADMIN',1,'RUL-2486b0ca:146fff66c3e:-2c4a'),('RUL-2486b0ca:146fff66c3e:-38e4','DEPLOYED','CALC_FLOOR_MARKET_VALUE','bldgassessment','BEFORE-MARKETVALUE','CALC FLOOR MARKET VALUE',NULL,50000,NULL,NULL,'2014-12-15 23:59:15','USR7e15465b:14a51353b1a:-7fb7','ADMIN',1,'RUL-2486b0ca:146fff66c3e:-38e4'),('RUL-2486b0ca:146fff66c3e:-4192','DEPLOYED','CALC_DEPRECIATION','bldgassessment','DEPRECIATION','CALC DEPRECIATION',NULL,50000,NULL,NULL,'2014-12-15 23:59:15','USR7e15465b:14a51353b1a:-7fb7','ADMIN',1,'RUL-2486b0ca:146fff66c3e:-4192'),('RUL-2486b0ca:146fff66c3e:-4697','DEPLOYED','CALC_DEPRECATION_RATE_FROM_SKED','bldgassessment','BEFORE-DEPRECIATON','CALC DEPRECATION RATE FROM SKED',NULL,50000,NULL,NULL,'2014-12-15 23:59:15','USR7e15465b:14a51353b1a:-7fb7','ADMIN',1,'RUL-2486b0ca:146fff66c3e:-4697'),('RUL-2486b0ca:146fff66c3e:-6b05','DEPLOYED','CALC_FLOOR_BMV','bldgassessment','FLOOR','CALC FLOOR BMV',NULL,50000,NULL,NULL,'2014-12-15 23:59:15','USR7e15465b:14a51353b1a:-7fb7','ADMIN',1,'RUL-2486b0ca:146fff66c3e:-6b05'),('RUL-24ff7cfb:1675d220a6c:-5c17','APPROVED','NO_DISCOUNT_AFER_20TH_OF_QUARTER','rptbilling','AFTER_DISCOUNT','NO DISCOUNT AFER 20TH OF QUARTER',NULL,40000,NULL,NULL,'2018-11-28 22:56:32','USR-ADMIN','ADMIN',1,'RUL-24ff7cfb:1675d220a6c:-5c17'),('RUL-24ff7cfb:1675d220a6c:-64fb','APPROVED','NO_DISCOUNT_AFER_20TH_OF_QUARTER','rptbilling','AFTER_DISCOUNT','NO DISCOUNT AFER 20TH OF QUARTER',NULL,50000,NULL,NULL,'2018-11-28 22:47:40','USR-ADMIN','ADMIN',1,'RUL-24ff7cfb:1675d220a6c:-64fb'),('RUL-24ff7cfb:1675d220a6c:-78b5','APPROVED','DISCOUNT_ON_OR_BEFORE_JAN20','rptbilling','AFTER_DISCOUNT','DISCOUNT_ON_OR_BEFORE_JAN20',NULL,50000,NULL,NULL,'2018-11-28 21:38:05','USR-ADMIN','ADMIN',1,'RUL-24ff7cfb:1675d220a6c:-78b5'),('RUL-2ede6703:16642adb9ce:-7ba0','DEPLOYED','EXPIRY_ADVANCE_BILLING','rptbilling','BEFORE_SUMMARY','EXPIRY ADVANCE BILLING',NULL,5000,NULL,NULL,'2018-10-05 01:28:47','USR6bd70b1f:1662cdef89a:-7e3e','RAMESES',1,'RUL-2ede6703:16642adb9ce:-7ba0'),('RUL-31fc82f2:15cf6ecbe4d:-6b3d','DEPLOYED','COMPUTE_AV_NOT_ROUND','landassessment','ASSESSEDVALUE','COMPUTE AV',NULL,50000,NULL,NULL,'2017-06-29 22:58:53','USR7e15465b:14a51353b1a:-7fb7','ADMIN',1,'RUL-31fc82f2:15cf6ecbe4d:-6b3d'),('RUL-3e8edbea:156bc08656a:-5f05','DEPLOYED','RECALC_RPU_TOTAL_AV','landassessment','AFTER-SUMMARY','RECALC RPU TOTAL AV',NULL,40000,NULL,NULL,'2016-08-24 07:03:36','USR-ADMIN','ADMIN',1,'RUL-3e8edbea:156bc08656a:-5f05'),('RUL-408f6635:16623fa566b:-755b','DEPLOYED','BRGY_SHARE_PRIOR_PENALTY','rptbilling','BRGY_SHARE','BRGY_SHARE_PRIOR_PENALTY',NULL,50000,NULL,NULL,'2018-09-29 02:29:30','USR-ADMIN','ADMIN',1,'RUL-408f6635:16623fa566b:-755b'),('RUL-408f6635:16623fa566b:-767f','DEPLOYED','BRGY_SHARE_PRIOR','rptbilling','BRGY_SHARE','BRGY_SHARE_PRIOR',NULL,50000,NULL,NULL,'2018-09-29 02:28:19','USR-ADMIN','ADMIN',1,'RUL-408f6635:16623fa566b:-767f'),('RUL-408f6635:16623fa566b:-780a','DEPLOYED','BRGY_SHARE_CURRENT','rptbilling','BRGY_SHARE','BRGY_SHARE_CURRENT',NULL,50000,NULL,NULL,'2018-09-29 02:27:02','USR-ADMIN','ADMIN',1,'RUL-408f6635:16623fa566b:-780a'),('RUL-408f6635:16623fa566b:-7932','DEPLOYED','BRGY_SHARE_CURRENT_PENALTY','rptbilling','BRGY_SHARE','BRGY_SHARE_CURRENT_PENALTY',NULL,50000,NULL,NULL,'2018-09-29 02:24:24','USR-ADMIN','ADMIN',1,'RUL-408f6635:16623fa566b:-7932'),('RUL-46fca07e:14c545f3e6a:-33b4','DEPLOYED','ROUND_FLOOR_BMV_TO_NEAREST_ONES','bldgassessment','AFTER-BASEMARKETVALUE','ROUND_FLOOR BMV TO NEAREST ONES',NULL,50000,NULL,NULL,'2015-04-06 23:40:36','USR-5596bc96:149114d7d7c:-4468','VINZ',1,'RUL-46fca07e:14c545f3e6a:-33b4'),('RUL-46fca07e:14c545f3e6a:-350f','DEPLOYED','ROUND_ACTUALUSE_BMV_TO_NEAREST_ONE','bldgassessment','AFTER-BASEMARKETVALUE','ROUND ACTUALUSE BMV TO NEAREST ONE',NULL,50000,NULL,NULL,'2015-04-06 23:40:36','USR-5596bc96:149114d7d7c:-4468','VINZ',1,'RUL-46fca07e:14c545f3e6a:-350f'),('RUL-46fca07e:14c545f3e6a:-7740','DEPLOYED','CALC_MV','landassessment','MARKETVALUE','CALC MV',NULL,50000,NULL,NULL,'2015-04-06 23:40:42','USR-5596bc96:149114d7d7c:-4468','VINZ',1,'RUL-46fca07e:14c545f3e6a:-7740'),('RUL-46fca07e:14c545f3e6a:-7a8b','DEPLOYED','CALC_BMV','landassessment','BASEMARKETVALUE','CALC BMV',NULL,50000,NULL,NULL,'2015-04-06 23:40:42','USR-5596bc96:149114d7d7c:-4468','VINZ',1,'RUL-46fca07e:14c545f3e6a:-7a8b'),('RUL-57007687:1750090229e:-7df5','APPROVED','PENALTY_CURRENT_YEAR_BAYANIHAN','rptbilling','PENALTY','PENALTY_CURRENT_YEAR_BAYANIHAN',NULL,50000,NULL,NULL,'2020-10-07 04:58:49','USR-ADMIN','ADMIN',1,'RUL-57007687:1750090229e:-7df5'),('RUL-59249a93:1614f57bd58:-7d49','DEPLOYED','BASIC_AND_SEF','rptledger','LEDGER_ITEM','BASIC AND SEF',NULL,50000,NULL,NULL,'2018-01-31 22:14:59','USR7e15465b:14a51353b1a:-7fb7','ADMIN',1,'RUL-59249a93:1614f57bd58:-7d49'),('RUL-5e76cf73:14d69e9c549:-7084','DEPLOYED','ROUND_LAND_ITEM_ADJUSTMENTS','landassessment','AFTER-ADJUSTMENT','ROUND LAND ITEM ADJUSTMENTS',NULL,50000,NULL,NULL,'2015-05-18 22:33:40','USR-5596bc96:149114d7d7c:-4468','VINZ',1,'RUL-5e76cf73:14d69e9c549:-7084'),('RUL-5e76cf73:14d69e9c549:-7fd4','DEPLOYED','ROUND_ADJ_TO_ONE','landassessment','AFTER-ADJUSTMENT','ROUND ADJ TO ONE',NULL,50000,NULL,NULL,'2015-05-18 22:04:33','USR-5596bc96:149114d7d7c:-4468','VINZ',1,'RUL-5e76cf73:14d69e9c549:-7fd4'),('RUL-60c99d04:1470b276e7f:-7ecc','DEPLOYED','CALC_BMV','bldgassessment','BASEMARKETVALUE','CALC BMV ',NULL,50000,NULL,NULL,'2014-12-15 23:59:15','USR7e15465b:14a51353b1a:-7fb7','ADMIN',1,'RUL-60c99d04:1470b276e7f:-7ecc'),('RUL-6c4ec747:154bd626092:-5616','DRAFT','CALC_BMV_BY_SWORN_STATEMENT','machassessment','BASEMARKETVALUE','CALC BMV BY SWORN STATEMENT',NULL,50000,NULL,NULL,'2016-05-17 02:56:01','USR7e15465b:14a51353b1a:-7fb7','ADMIN',1,'RUL-6c4ec747:154bd626092:-5616'),('RUL-762e9176:15d067a9c42:-5aa0','DRAFT','RECALC_RPU_TOTAL_AV','miscassessment','AFTER-SUMMARY','RECALC_RPU_TOTAL_AV',NULL,60000,NULL,NULL,'2017-07-02 23:29:56','USR7e15465b:14a51353b1a:-7fb7','ADMIN',1,'RUL-762e9176:15d067a9c42:-5aa0'),('RUL-762e9176:15d067a9c42:-5e26','DRAFT','CALC_TOTAL_ASSESSEMENT_AV','miscassessment','AFTER-SUMMARY','CALC_TOTAL_ASSESSEMENT_AV',NULL,50000,NULL,NULL,'2017-07-02 23:28:17','USR7e15465b:14a51353b1a:-7fb7','ADMIN',1,'RUL-762e9176:15d067a9c42:-5e26'),('RUL-79a9a347:15cfcae84de:-1ed3','DRAFT','RECALC_RPU_TOTAL_AV','machassessment','AFTER-SUMMARY','RECALC RPU TOTAL AV',NULL,60000,NULL,NULL,'2017-07-01 03:21:58','USR7e15465b:14a51353b1a:-7fb7','ADMIN',1,'RUL-79a9a347:15cfcae84de:-1ed3'),('RUL-79a9a347:15cfcae84de:-2167','DRAFT','CALC_TOTAL_ASSESSEMENT_AV','machassessment','AFTER-SUMMARY','CALC TOTAL ASSESSEMENT AV',NULL,50000,NULL,NULL,'2017-07-01 03:19:56','USR7e15465b:14a51353b1a:-7fb7','ADMIN',1,'RUL-79a9a347:15cfcae84de:-2167'),('RUL-79a9a347:15cfcae84de:-55fd','DEPLOYED','CALC_TOTAL_ASSESSEMENT_AV','landassessment','AFTER-SUMMARY','CALC TOTAL ASSESSEMENT AV',NULL,50000,NULL,NULL,'2017-07-01 02:32:46','USR7e15465b:14a51353b1a:-7fb7','ADMIN',1,'RUL-79a9a347:15cfcae84de:-55fd'),('RUL-79a9a347:15cfcae84de:-6401','DEPLOYED','CALC_TOTAL_ASSESSEMENT_AV','bldgassessment','AFTER-SUMMARY','CALC TOTAL ASSESSEMENT AV',NULL,40000,NULL,NULL,'2017-07-01 02:16:02','USR7e15465b:14a51353b1a:-7fb7','ADMIN',1,'RUL-79a9a347:15cfcae84de:-6401'),('RUL-79a9a347:15cfcae84de:-6f2a','DEPLOYED','RECALC_TOTAL_AV','bldgassessment','AFTER-SUMMARY','RECALC TOTAL AV',NULL,50000,NULL,NULL,'2017-07-01 02:09:32','USR7e15465b:14a51353b1a:-7fb7','ADMIN',1,'RUL-79a9a347:15cfcae84de:-6f2a'),('RUL-79a9a347:15cfcae84de:-707b','DEPLOYED','CALC_ASSESS_VALUE_NOT_ROUNDED','bldgassessment','ASSESSVALUE','CALC ASSESS VALUE NOT ROUNDED',NULL,50000,NULL,NULL,'2017-07-01 02:08:05','USR7e15465b:14a51353b1a:-7fb7','ADMIN',1,'RUL-79a9a347:15cfcae84de:-707b'),('RUL-79a9a347:15cfcae84de:-b33','DRAFT','CALC_AV','machassessment','ASSESSEDVALUE','CALC AV',NULL,50000,NULL,NULL,'2017-07-01 03:34:56','USR7e15465b:14a51353b1a:-7fb7','ADMIN',1,'RUL-79a9a347:15cfcae84de:-b33'),('RUL-79a9a347:15cfcae84de:4f83','DRAFT','CALC_TOTAL_ASSESSEMENT_AV','planttreeassessment','AFTER-SUMMARY','CALC_TOTAL_ASSESSEMENT_AV',NULL,50000,NULL,NULL,'2017-07-01 04:09:50','USR7e15465b:14a51353b1a:-7fb7','ADMIN',1,'RUL-79a9a347:15cfcae84de:4f83'),('RUL-79a9a347:15cfcae84de:549e','DRAFT','RECALC_TOTAL_AV','planttreeassessment','AFTER-SUMMARY','RECALC_TOTAL_AV',NULL,60000,NULL,NULL,'2017-07-01 04:11:14','USR7e15465b:14a51353b1a:-7fb7','ADMIN',1,'RUL-79a9a347:15cfcae84de:549e'),('RUL-79a9a347:15cfcae84de:f6c','DRAFT','CALC_AV','planttreeassessment','ASSESSEDVALUE','CALC AV',NULL,50000,NULL,NULL,'2017-07-01 04:05:19','USR7e15465b:14a51353b1a:-7fb7','ADMIN',1,'RUL-79a9a347:15cfcae84de:f6c'),('RUL-a35dd35:14e51ec3311:-5d4c','DRAFT','CALC_RPU_SWORN_AMOUNT','miscassessment','BEFORE-ASSESSLEVEL','CALC RPU SWORN AMOUNT',NULL,50000,NULL,NULL,'2015-07-02 23:32:32','USR-5596bc96:149114d7d7c:-4468','VINZ',1,'RUL-a35dd35:14e51ec3311:-5d4c'),('RUL1262ad19:166ae41b1fb:-7bf6','DEPLOYED','BRGY_SHARE_PREVIOUS','rptbilling','BRGY_SHARE','BRGY_SHARE_PREVIOUS',NULL,50000,NULL,NULL,'2018-10-25 22:55:55','USR6de55768:158e0e57805:-74f2','ADMIN',1,'RUL1262ad19:166ae41b1fb:-7bf6'),('RUL1262ad19:166ae41b1fb:-7c23','DEPLOYED','BRGY_SHARE_PREVIOUS_PENALTY','rptbilling','BRGY_SHARE','BRGY_SHARE_PREVIOUS_PENALTY',NULL,50000,NULL,NULL,'2018-10-25 22:55:41','USR6de55768:158e0e57805:-74f2','ADMIN',1,'RUL1262ad19:166ae41b1fb:-7c23'),('RUL1262ad19:166ae41b1fb:-7c88','DEPLOYED','TOTAL_PREVIOUS','rptbilling','SUMMARY','TOTAL PREVIOUS',NULL,50000,NULL,NULL,'2018-10-25 22:55:00','USR6de55768:158e0e57805:-74f2','ADMIN',1,'RUL1262ad19:166ae41b1fb:-7c88'),('RUL1441128c:1471efa4c1c:-6c93','DEPLOYED','CALC_ASSESS_LEVEL','bldgassessment','AFTER-ASSESSLEVEL','CALC ASSESS LEVEL',NULL,50000,NULL,NULL,'2014-12-15 23:59:15','USR7e15465b:14a51353b1a:-7fb7','ADMIN',1,'RUL1441128c:1471efa4c1c:-6c93'),('RUL1441128c:1471efa4c1c:-6eaa','DEPLOYED','BUILD_ASSESSMENT_INFO','bldgassessment','BEFORE-ASSESSLEVEL','BUILD ASSESSMENT INFO',NULL,50000,NULL,NULL,'2014-12-15 23:59:15','USR7e15465b:14a51353b1a:-7fb7','ADMIN',1,'RUL1441128c:1471efa4c1c:-6eaa'),('RUL172e9d9f:166c3c54d48:18a2','DEPLOYED','TOTAL_PRIOR','rptbilling','SUMMARY','TOTAL_PRIOR',NULL,50000,NULL,NULL,'2018-10-30 04:45:38','USR-ADMIN','ADMIN',1,'RUL172e9d9f:166c3c54d48:18a2'),('RUL172e9d9f:166c3c54d48:1bec','DEPLOYED','PROVINCE_SEF_SHARE_PRIOR','rptbilling','LGU_SHARE','PROVINCE_SEF_SHARE_PRIOR',NULL,50000,NULL,NULL,'2018-10-30 04:47:33','USR-ADMIN','ADMIN',1,'RUL172e9d9f:166c3c54d48:1bec'),('RUL172e9d9f:166c3c54d48:1c14','DEPLOYED','PROVINCE_SEF_SHARE_PRIOR_PENALTY','rptbilling','LGU_SHARE','PROVINCE_SEF_SHARE_PRIOR_PENALTY',NULL,50000,NULL,NULL,'2018-10-30 04:47:48','USR-ADMIN','ADMIN',1,'RUL172e9d9f:166c3c54d48:1c14'),('RUL172e9d9f:166c3c54d48:1e0b','DEPLOYED','PROVINCE_BASIC_SHARE_PRIOR','rptbilling','LGU_SHARE','PROVINCE_BASIC_SHARE_PRIOR',NULL,50000,NULL,NULL,'2018-10-30 04:49:23','USR-ADMIN','ADMIN',1,'RUL172e9d9f:166c3c54d48:1e0b'),('RUL172e9d9f:166c3c54d48:1e3d','DEPLOYED','PROVINCE_BASIC_SHARE_PRIOR_PENALTY','rptbilling','LGU_SHARE','PROVINCE_BASIC_SHARE_PRIOR_PENALTY',NULL,50000,NULL,NULL,'2018-10-30 04:49:35','USR-ADMIN','ADMIN',1,'RUL172e9d9f:166c3c54d48:1e3d'),('RUL1b4af871:14e3cc46e09:-301e','DRAFT','TOTAL_MARKET_VALUE','miscassessment','AFTER-MARKETVALUE','TOTAL MARKET VALUE',NULL,50000,NULL,NULL,'2015-06-28 22:30:12','USR-5596bc96:149114d7d7c:-4468','VINZ',1,'RUL1b4af871:14e3cc46e09:-301e'),('RUL1b4af871:14e3cc46e09:-3341','DRAFT','TOTAL_BASE_MARKET_VALUE','miscassessment','AFTER-BASEMARKETVALUE','TOTAL BASE MARKET VALUE',NULL,50000,NULL,NULL,'2015-06-28 22:13:15','USR-5596bc96:149114d7d7c:-4468','VINZ',1,'RUL1b4af871:14e3cc46e09:-3341'),('RUL1e772168:14c5a447e35:-669c','DRAFT','ROUND_DEPRECATION_TO_NEAREST_ONE','machassessment','AFTER-DEPRECIATION','ROUND DEPRECATION TO NEAREST ONE',NULL,50000,NULL,NULL,'2015-04-06 23:40:48','USR-5596bc96:149114d7d7c:-4468','VINZ',1,'RUL1e772168:14c5a447e35:-669c'),('RUL1e772168:14c5a447e35:-6d2f','DRAFT','ROUND_MV_TO_NEAREST_ONE','machassessment','AFTER-MARKETVALUE','ROUND MV TO NEAREST ONE',NULL,50000,NULL,NULL,'2015-04-06 23:40:48','USR-5596bc96:149114d7d7c:-4468','VINZ',1,'RUL1e772168:14c5a447e35:-6d2f'),('RUL1e772168:14c5a447e35:-7e01','DRAFT','ROUND_BMV_TO_NEAREST_ONE','machassessment','AFTER-BASEMARKETVALUE','ROUND BMV TO NEAREST ONE',NULL,50000,NULL,NULL,'2015-04-06 23:40:48','USR-5596bc96:149114d7d7c:-4468','VINZ',1,'RUL1e772168:14c5a447e35:-7e01'),('RUL200eb568:1675cf148a8:-7bfa','DEPLOYED','PENALTY_PREVIOUS','rptbilling','PENALTY','PENALTY_PREVIOUS',NULL,50000,NULL,NULL,'2018-11-28 20:06:32','USR-ADMIN','ADMIN',1,'RUL200eb568:1675cf148a8:-7bfa'),('RUL37c09be1:17e1d5e3d87:-7bca','APPROVED','DISC_CURR','rptbilling','DISCOUNT','DISC_CURR',NULL,50000,NULL,NULL,'2022-01-03 12:32:20','USR-ADMIN','ADMIN',1,''),('RUL37d1c65b:166c2f36d94:-619e','DEPLOYED','DISCOUNT_CURRENT','rptbilling','DISCOUNT','DISCOUNT_CURRENT',NULL,45000,NULL,NULL,'2018-10-29 23:32:27','USR7e15465b:14a51353b1a:-7fb7','ADMIN',1,'RUL37d1c65b:166c2f36d94:-619e'),('RUL37df8403:14c5405fff0:-76bf','DRAFT','BMV_ROUND_TO_ONE','planttreeassessment','AFTER-BASEMARKETVALUE','BMV ROUND TO ONE',NULL,50000,NULL,NULL,'2015-04-06 23:40:59','USR-5596bc96:149114d7d7c:-4468','VINZ',1,'RUL37df8403:14c5405fff0:-76bf'),('RUL3b800abe:14d2b978f55:-61fb','DEPLOYED','ROUND_ACTUALUSE_MV_TO_ONES','bldgassessment','AFTER-MARKETVALUE','ROUND ACTUALUSE MV TO ONES',NULL,50000,NULL,NULL,'2015-05-06 19:49:34','USR-5596bc96:149114d7d7c:-4468','VINZ',1,'RUL3b800abe:14d2b978f55:-61fb'),('RUL3b800abe:14d2b978f55:-63a0','DEPLOYED','ROUND_FLOOR_MV_TO_ONES','bldgassessment','AFTER-MARKETVALUE','ROUND FLOOR MV TO ONES',NULL,50000,NULL,NULL,'2015-05-06 19:48:41','USR-5596bc96:149114d7d7c:-4468','VINZ',1,'RUL3b800abe:14d2b978f55:-63a0'),('RUL3b800abe:14d2b978f55:-7e09','DEPLOYED','ROUND_ADJ_TO_ONES','bldgassessment','AFTER-ADJUSTMENT','ROUND ADJ TO ONES',NULL,50000,NULL,NULL,'2015-05-06 19:40:20','USR-5596bc96:149114d7d7c:-4468','VINZ',1,'RUL3b800abe:14d2b978f55:-7e09'),('RUL3e2b89cb:146ff734573:-7dcc','DEPLOYED','COMPUTE_BLDG_AGE','bldgassessment','PRE-ASSESSMENT','COMPUTE BLDG AGE',NULL,50000,NULL,NULL,'2014-12-15 23:59:15','USR7e15465b:14a51353b1a:-7fb7','ADMIN',1,'RUL3e2b89cb:146ff734573:-7dcc'),('RUL3fb43b91:14ccf782188:-6008','DRAFT','ADJUSTMENT_COMPUTATION','planttreeassessment','AFTER-ADJUSTMENT','ADJUSTMENT COMPUTATION',NULL,50000,NULL,NULL,'2015-04-18 23:11:31','USR-5596bc96:149114d7d7c:-4468','VINZ',1,'RUL3fb43b91:14ccf782188:-6008'),('RUL49a3c540:14e51feb8f6:-77d2','DRAFT','CALC_RPU_APPRAISAL','miscassessment','BEFORE-ASSESSLEVEL','CALC RPU APPRAISAL',NULL,50000,NULL,NULL,'2015-07-02 23:44:36','USR-5596bc96:149114d7d7c:-4468','VINZ',1,'RUL49a3c540:14e51feb8f6:-77d2'),('RUL4bf973aa:1562a233196:-5055','DRAFT','CALC_SWORN_DEPRECIATION_VALUE','machassessment','DEPRECIATION','CALC SWORN DEPRECIATION VALUE',NULL,50000,NULL,NULL,'2016-07-26 22:47:02','USR7e15465b:14a51353b1a:-7fb7','ADMIN',1,'RUL4bf973aa:1562a233196:-5055'),('RUL4e46261d:14f924c6b53:-7d9b','DEPLOYED','CALC_DEPRECIATION_SWORN','bldgassessment','DEPRECIATION','CALC DEPRECIATION SWORN',NULL,50000,NULL,NULL,'2015-09-03 04:39:13','USR-5596bc96:149114d7d7c:-4468','VINZ',1,'RUL4e46261d:14f924c6b53:-7d9b'),('RUL5022d8ba:1589ae965a4:-7c9c','DRAFT','BUILD_ASSESSMENT_INFO','planttreeassessment','SUMMARY','BUILD ASSESSMENT INFO',NULL,50000,NULL,NULL,'2016-11-25 05:08:41','USR7e15465b:14a51353b1a:-7fb7','ADMIN',1,'RUL5022d8ba:1589ae965a4:-7c9c'),('RUL59614e16:14c5e56ecc8:-7cbf','DRAFT','CALC_MARKET_VALUE','miscassessment','MARKETVALUE','CALC MARKET VALUE',NULL,50000,NULL,NULL,'2015-04-06 23:40:52','USR-5596bc96:149114d7d7c:-4468','VINZ',1,'RUL59614e16:14c5e56ecc8:-7cbf'),('RUL59614e16:14c5e56ecc8:-7dfb','DRAFT','CALC_DEPRECIATION','miscassessment','DEPRECIATION','CALC DEPRECIATION',NULL,50000,NULL,NULL,'2015-04-06 23:40:52','USR-5596bc96:149114d7d7c:-4468','VINZ',1,'RUL59614e16:14c5e56ecc8:-7dfb'),('RUL5b4ac915:147baaa06b4:-6f31','DEPLOYED','BUILD_ASSESSMENT_INFO_SPLIT','landassessment','SUMMARY','BUILD_ASSESSMENT_INFO_SPLIT',NULL,50000,NULL,NULL,'2014-12-15 23:59:22','USR7e15465b:14a51353b1a:-7fb7','ADMIN',1,'RUL5b4ac915:147baaa06b4:-6f31'),('RUL633c4f6e:168167799dc:-7806','DEPLOYED','BACKTAX_ADJUSTMENT','rptbilling','AFTER_PENALTY','BACKTAX ADJUSTMENT',NULL,50000,NULL,NULL,'2019-01-04 09:38:16','USR-ADMIN','ADMIN',1,'RUL633c4f6e:168167799dc:-7806'),('RUL634d9a3c:161503ff1dc:-5b2a','DEPLOYED','BASIC_SEF_TAX','rptledger','TAX','BASIC SEF TAX',NULL,50000,NULL,NULL,'2018-02-01 04:47:23','USR7e15465b:14a51353b1a:-7fb7','ADMIN',1,'RUL634d9a3c:161503ff1dc:-5b2a'),('RUL650f832b:14c53e6ce93:-79cd','DRAFT','MV_ROUND_TO_ONE','planttreeassessment','AFTER-MARKETVALUE','MV ROUND TO ONE',NULL,50000,NULL,NULL,'2015-04-06 23:40:59','USR-5596bc96:149114d7d7c:-4468','VINZ',1,'RUL650f832b:14c53e6ce93:-79cd'),('RUL6d174068:14e3de9c20b:-7fcb','DRAFT','CALC_RPU_ASSESSED_VALUE','miscassessment','ASSESSEDVALUE','CALC RPU ASSESSED VALUE',NULL,50000,NULL,NULL,'2015-06-29 02:04:44','USR-5596bc96:149114d7d7c:-4468','VINZ',1,'RUL6d174068:14e3de9c20b:-7fcb'),('RUL76444f2f:16699599f73:-76eb','DEPLOYED','PROVINCE_BASIC_SHARE_PREVIOUS','rptbilling','LGU_SHARE','PROVINCE_BASIC_SHARE_PREVIOUS',NULL,50000,NULL,NULL,'2018-10-21 21:57:26','USR7e15465b:14a51353b1a:-7fb7','ADMIN',1,'RUL76444f2f:16699599f73:-76eb'),('RUL76444f2f:16699599f73:-7713','DEPLOYED','PROVINCE_BASIC_SHARE_PREVIOUS_PENALTY','rptbilling','LGU_SHARE','PROVINCE_BASIC_SHARE_PREVIOUS_PENALTY',NULL,50000,NULL,NULL,'2018-10-21 21:57:09','USR7e15465b:14a51353b1a:-7fb7','ADMIN',1,'RUL76444f2f:16699599f73:-7713'),('RUL76444f2f:16699599f73:-797d','DEPLOYED','PROVINCE_SEF_SHARE_PREVIOUS_PENALTY','rptbilling','LGU_SHARE','PROVINCE_SEF_SHARE_PREVIOUS_PENALTY',NULL,50000,NULL,NULL,'2018-10-21 21:52:12','USR7e15465b:14a51353b1a:-7fb7','ADMIN',1,'RUL76444f2f:16699599f73:-797d'),('RUL76444f2f:16699599f73:-79a5','DEPLOYED','PROVINCE_SEF_SHARE_PREVIOUS','rptbilling','LGU_SHARE','PROVINCE_SEF_SHARE_PREVIOUS',NULL,50000,NULL,NULL,'2018-10-21 21:51:54','USR7e15465b:14a51353b1a:-7fb7','ADMIN',1,'RUL76444f2f:16699599f73:-79a5'),('RUL7e02b404:166ae687f42:-5511','DEPLOYED','PENALTY_CURRENT_YEAR','rptbilling','PENALTY','PENALTY_CURRENT_YEAR',NULL,50000,NULL,NULL,'2018-10-25 23:53:42','USR6de55768:158e0e57805:-74f2','ADMIN',1,'RUL7e02b404:166ae687f42:-5511'),('RUL7e83d163:178c928b4a5:-7c21','DEPLOYED','PENALTY_CURRENT','rptbilling','PENALTY','PENALTY_CURRENT',NULL,50000,NULL,NULL,'2021-04-13 14:54:18','USR-ADMIN','ADMIN',1,''),('RULec9d7ab:166235c2e16:-243a','DEPLOYED','BRGY_SHARE_ADVANCE','rptbilling','BRGY_SHARE','BRGY SHARE ADVANCE',NULL,50000,NULL,NULL,'2018-09-29 00:27:55','USR-ADMIN','ADMIN',1,'RULec9d7ab:166235c2e16:-243a'),('RULec9d7ab:166235c2e16:-255e','DEPLOYED','BUILD_BILL_ITEMS','rptbilling','AFTER_SUMMARY','BUILD BILL ITEMS',NULL,50000,NULL,NULL,'2018-09-29 00:27:14','USR-ADMIN','ADMIN',1,'RULec9d7ab:166235c2e16:-255e'),('RULec9d7ab:166235c2e16:-26bf','DEPLOYED','TOTAL_ADVANCE','rptbilling','SUMMARY','TOTAL ADVANCE',NULL,50000,NULL,NULL,'2018-09-29 00:26:00','USR-ADMIN','ADMIN',1,'RULec9d7ab:166235c2e16:-26bf'),('RULec9d7ab:166235c2e16:-26d0','DEPLOYED','TOTAL_CURRENT','rptbilling','SUMMARY','TOTAL_CURRENT',NULL,50000,NULL,NULL,'2018-09-29 00:25:49','USR-ADMIN','ADMIN',1,'RULec9d7ab:166235c2e16:-26d0'),('RULec9d7ab:166235c2e16:-2f1f','DEPLOYED','EXPIRY_DATE_DEFAULT','rptbilling','BEFORE_SUMMARY','EXPIRY DATE DEFAULT',NULL,10000,NULL,NULL,'2018-09-29 00:17:38','USR-ADMIN','ADMIN',1,'RULec9d7ab:166235c2e16:-2f1f'),('RULec9d7ab:166235c2e16:-319f','DEPLOYED','EXPIRY_DATE_ADVANCE_YEAR','rptbilling','BEFORE_SUMMARY','EXPIRY_DATE_ADVANCE_YEAR',NULL,5000,NULL,NULL,'2018-09-29 00:14:01','USR-ADMIN','ADMIN',1,'RULec9d7ab:166235c2e16:-319f'),('RULec9d7ab:166235c2e16:-3811','DEPLOYED','SPLIT_QUARTERLY_BILLED_ITEMS','rptbilling','BEFORE_SUMMARY','SPLIT QUARTERLY BILLED ITEMS',NULL,50000,NULL,NULL,'2018-09-29 00:07:10','USR-ADMIN','ADMIN',1,'RULec9d7ab:166235c2e16:-3811'),('RULec9d7ab:166235c2e16:-3c17','DEPLOYED','AGGREGATE_PREVIOUS_ITEMS','rptbilling','BEFORE_SUMMARY','AGGREGATE PREVIOUS ITEMS',NULL,60000,NULL,NULL,'2018-09-29 00:05:33','USR-ADMIN','ADMIN',1,'RULec9d7ab:166235c2e16:-3c17'),('RULec9d7ab:166235c2e16:-4197','DEPLOYED','DISCOUNT_ADVANCE','rptbilling','DISCOUNT','DISCOUNT_ADVANCE',NULL,40000,NULL,NULL,'2018-09-29 00:02:22','USR-ADMIN','ADMIN',1,'RULec9d7ab:166235c2e16:-4197'),('RULec9d7ab:166235c2e16:-5fcb','APPROVED','SPLIT_QTR','rptbilling','INIT','SPLIT_QTR',NULL,50000,NULL,NULL,'2018-09-28 23:48:57','USR-ADMIN','ADMIN',1,'RULec9d7ab:166235c2e16:-5fcb');
/*!40000 ALTER TABLE `sys_rule` ENABLE KEYS */;
UNLOCK TABLES;

--
-- Dumping data for table `sys_rule_action`
--

LOCK TABLES `sys_rule_action` WRITE;
/*!40000 ALTER TABLE `sys_rule_action` DISABLE KEYS */;
INSERT INTO `sys_rule_action` VALUES ('RA-15f7fe9f:15cf6ec9fa5:-7fbf','RUL-31fc82f2:15cf6ecbe4d:-6b3d','RULADEF-128a4cad:146f96a678e:-7efa','calc-av',0),('RA-34ab44ad:166c3c53b1b:-7cdb','RUL172e9d9f:166c3c54d48:1e3d','rptis.landtax.actions.AddShare','add-share',0),('RA-34ab44ad:166c3c53b1b:-7ce9','RUL172e9d9f:166c3c54d48:1e0b','rptis.landtax.actions.AddShare','add-share',0),('RA-34ab44ad:166c3c53b1b:-7cfc','RUL172e9d9f:166c3c54d48:1c14','rptis.landtax.actions.AddShare','add-share',0),('RA-34ab44ad:166c3c53b1b:-7d08','RUL172e9d9f:166c3c54d48:1bec','rptis.landtax.actions.AddShare','add-share',0),('RA-34ab44ad:166c3c53b1b:-7d18','RUL172e9d9f:166c3c54d48:18a2','rptis.landtax.actions.CreateTaxSummary','create-tax-summary',0),('RA-36fdb4be:1675cf0d583:-7f9d','RUL200eb568:1675cf148a8:-7bfa','rptis.landtax.actions.CalcInterest','calc-interest',0),('RA-543b8ba9:166995918fb:-7edc','RUL76444f2f:16699599f73:-76eb','rptis.landtax.actions.AddShare','add-share',0),('RA-543b8ba9:166995918fb:-7ee9','RUL76444f2f:16699599f73:-7713','rptis.landtax.actions.AddShare','add-share',0),('RA-543b8ba9:166995918fb:-7f0e','RUL76444f2f:16699599f73:-797d','rptis.landtax.actions.AddShare','add-share',0),('RA-543b8ba9:166995918fb:-7f1a','RUL76444f2f:16699599f73:-79a5','rptis.landtax.actions.AddShare','add-share',0),('RA-69b5f604:15cfc6b3e74:-7e36','RUL-79a9a347:15cfcae84de:-707b','RULADEF1441128c:1471efa4c1c:-69a5','calc-assess-value',0),('RA16a7ee38:15cfcd300fe:-7fb7','RUL-79a9a347:15cfcae84de:-55fd','RULADEF1b4af871:14e3cc46e09:-344d','add-derive-var',0),('RA38ed9262:166c2f569fa:-7f6f','RUL37d1c65b:166c2f36d94:-619e','rptis.landtax.actions.CalcDiscount','calc-discount',0),('RA440e47f4:166ae4152f1:-7fa4','RUL1262ad19:166ae41b1fb:-7bf6','rptis.landtax.actions.AddShare','add-share',0),('RA440e47f4:166ae4152f1:-7fb2','RUL1262ad19:166ae41b1fb:-7c23','rptis.landtax.actions.AddShare','add-share',0),('RA440e47f4:166ae4152f1:-7fbc','RUL1262ad19:166ae41b1fb:-7c88','rptis.landtax.actions.CreateTaxSummary','create-tax-summary',0),('RA6407baa3:164078ceff4:-7f52','RUL-240e09a9:164078d36c8:-71bf','rptis.landtax.actions.AddShare','add-share',0),('RA6407baa3:164078ceff4:-7f9a','RUL-240e09a9:164078d36c8:-73ef','rptis.landtax.actions.AddShare','add-share',0),('RA6407baa3:164078ceff4:-7fab','RUL-240e09a9:164078d36c8:-74de','rptis.landtax.actions.AddShare','add-share',0),('RA6407baa3:164078ceff4:-7fbc','RUL-240e09a9:164078d36c8:-7594','rptis.landtax.actions.AddShare','add-share',0),('RA7280357:166235c1be7:-7f7a','RUL-408f6635:16623fa566b:-755b','rptis.landtax.actions.AddShare','add-share',0),('RA7280357:166235c1be7:-7f86','RUL-408f6635:16623fa566b:-767f','rptis.landtax.actions.AddShare','add-share',0),('RA7280357:166235c1be7:-7f92','RUL-408f6635:16623fa566b:-780a','rptis.landtax.actions.AddShare','add-share',0),('RA7280357:166235c1be7:-7f9e','RUL-408f6635:16623fa566b:-7932','rptis.landtax.actions.AddShare','add-share',0),('RA7280357:166235c1be7:-7fab','RULec9d7ab:166235c2e16:-26bf','rptis.landtax.actions.CreateTaxSummary','create-tax-summary',0),('RA7280357:166235c1be7:-7fb2','RULec9d7ab:166235c2e16:-26d0','rptis.landtax.actions.CreateTaxSummary','create-tax-summary',0),('RA7280357:166235c1be7:-7fb9','RULec9d7ab:166235c2e16:-319f','rptis.landtax.actions.SetBillExpiryDate','set-bill-expiry',0),('RA7280357:166235c1be7:-7fcc','RULec9d7ab:166235c2e16:-4197','rptis.landtax.actions.CalcDiscount','calc-discount',0),('RACT-103fed47:146ffb40356:-7c51','RUL3e2b89cb:146ff734573:-7dcc','RULADEF3e2b89cb:146ff734573:-7c47','calc-bldg-age',0),('RACT-1ab5357e:16407a10165:-7585','RUL-240e09a9:164078d36c8:-7197','rptis.landtax.actions.AddShare','add-share',0),('RACT-1ab5357e:16407a10165:-76ba','RUL-240e09a9:164078d36c8:-716f','rptis.landtax.actions.AddShare','add-share',0),('RACT-2486b0ca:146fff66c3e:-2ade','RUL-2486b0ca:146fff66c3e:-2c4a','RULADEF-2486b0ca:146fff66c3e:-3151','calc-bldguse-mv',0),('RACT-2486b0ca:146fff66c3e:-37a2','RUL-2486b0ca:146fff66c3e:-38e4','RULADEF-2486b0ca:146fff66c3e:-79a8','calc-floor-mv',0),('RACT-2486b0ca:146fff66c3e:-3d32','RUL-2486b0ca:146fff66c3e:-4192','RULADEF-2486b0ca:146fff66c3e:-4365','calc-bldguse-depreciation',0),('RACT-2486b0ca:146fff66c3e:-6a12','RUL-2486b0ca:146fff66c3e:-6b05','RULADEF-2486b0ca:146fff66c3e:-7a02','calc-floor-bmv',0),('RACT-24ff7cfb:1675d220a6c:-58b9','RUL-24ff7cfb:1675d220a6c:-5c17','rptis.landtax.actions.CalcDiscount','calc-discount',0),('RACT-24ff7cfb:1675d220a6c:-5d7e','RUL-24ff7cfb:1675d220a6c:-64fb','rptis.landtax.actions.CalcDiscount','calc-discount',0),('RACT-24ff7cfb:1675d220a6c:-70ab','RUL-24ff7cfb:1675d220a6c:-78b5','rptis.landtax.actions.CalcDiscount','calc-discount',0),('RACT-28dc975:156bcab666c:-5e3c','RUL-3e8edbea:156bc08656a:-5f05','RULADEF-3e8edbea:156bc08656a:-6112','recalc-rpu-totalav',0),('RACT-2ede6703:16642adb9ce:-794c','RUL-2ede6703:16642adb9ce:-7ba0','rptis.landtax.actions.SetBillExpiryDate','set-bill-expiry',0),('RACT-408f6635:16623fa566b:-7ad3','RULec9d7ab:166235c2e16:-243a','rptis.landtax.actions.AddShare','add-share',0),('RACT-46fca07e:14c545f3e6a:-32d0','RUL-46fca07e:14c545f3e6a:-33b4','RULADEF-2486b0ca:146fff66c3e:-7a02','calc-floor-bmv',0),('RACT-46fca07e:14c545f3e6a:-3422','RUL-46fca07e:14c545f3e6a:-350f','RULADEF-60c99d04:1470b276e7f:-7c52','calc-bldguse-bmv',0),('RACT-46fca07e:14c545f3e6a:-763d','RUL-46fca07e:14c545f3e6a:-7740','RULADEF-21ad68c1:146fc2282bb:-7b6e','calc-mv',0),('RACT-46fca07e:14c545f3e6a:-77ba','RUL-46fca07e:14c545f3e6a:-7a8b','RULADEF3afe51b9:146f7088d9c:-7c7b','calc-bmv',0),('RACT-57007687:1750090229e:-783d','RUL-57007687:1750090229e:-7df5','rptis.landtax.actions.CalcInterest','calc-interest',0),('RACT-5e76cf73:14d69e9c549:-6e13','RUL-5e76cf73:14d69e9c549:-7084','RULADEF-5e76cf73:14d69e9c549:-72c3','update-landdetail-adj',0),('RACT-5e76cf73:14d69e9c549:-6e73','RUL-5e76cf73:14d69e9c549:-7084','RULADEF-5e76cf73:14d69e9c549:-7232','update-landdetail-actualuse-adj',0),('RACT-5e76cf73:14d69e9c549:-6ece','RUL-5e76cf73:14d69e9c549:-7084','RULADEF-5e76cf73:14d69e9c549:-71e7','update-landdetail-adj',0),('RACT-5e76cf73:14d69e9c549:-7d14','RUL-5e76cf73:14d69e9c549:-7fd4','RULADEF-5e76cf73:14d69e9c549:-7e09','update-adj',0),('RACT-5f7d7056:164efef9fba:-6317','RUL-2486b0ca:146fff66c3e:-4697','RULADEF-2486b0ca:146fff66c3e:-4807','calc-depreciation-sked',0),('RACT-60c99d04:1470b276e7f:-7a52','RUL-60c99d04:1470b276e7f:-7ecc','RULADEF-60c99d04:1470b276e7f:-7c52','calc-bldguse-bmv',0),('RACT-6c4ec747:154bd626092:-444a','RUL-6c4ec747:154bd626092:-5616','RULADEF1e772168:14c5a447e35:-7eaf','calc-mach-mv',0),('RACT-6c4ec747:154bd626092:-54b9','RUL-6c4ec747:154bd626092:-5616','RULADEF1e772168:14c5a447e35:-7ed1','calc-mach-bmv',0),('RACT-762e9176:15d067a9c42:-58a6','RUL-762e9176:15d067a9c42:-5aa0','RULADEF-3e8edbea:156bc08656a:-6112','recalc-rpu-totalav',0),('RACT-762e9176:15d067a9c42:-5b22','RUL-762e9176:15d067a9c42:-5e26','RULADEF1b4af871:14e3cc46e09:-344d','add-derive-var',0),('RACT-79a9a347:15cfcae84de:-1c9a','RUL-79a9a347:15cfcae84de:-1ed3','RULADEF-3e8edbea:156bc08656a:-6112','recalc-rpu-totalav',0),('RACT-79a9a347:15cfcae84de:-1f45','RUL-79a9a347:15cfcae84de:-2167','RULADEF1b4af871:14e3cc46e09:-344d','add-derive-var',0),('RACT-79a9a347:15cfcae84de:-527','RUL-79a9a347:15cfcae84de:-b33','RULADEF1e772168:14c5a447e35:-7e28','calc-mach-av',0),('RACT-79a9a347:15cfcae84de:-5e1c','RUL-79a9a347:15cfcae84de:-6401','RULADEF1b4af871:14e3cc46e09:-344d','add-derive-var',0),('RACT-79a9a347:15cfcae84de:-6d86','RUL-79a9a347:15cfcae84de:-6f2a','RULADEF-3e8edbea:156bc08656a:-6112','recalc-rpu-totalav',0),('RACT-79a9a347:15cfcae84de:1100','RUL-79a9a347:15cfcae84de:f6c','RULADEF6b62feef:14c53ac1f59:-7e2c','calc-planttree-av',0),('RACT-79a9a347:15cfcae84de:514e','RUL-79a9a347:15cfcae84de:4f83','RULADEF1b4af871:14e3cc46e09:-344d','add-derive-var',0),('RACT-79a9a347:15cfcae84de:56d7','RUL-79a9a347:15cfcae84de:549e','RULADEF-3e8edbea:156bc08656a:-6112','recalc-rpu-totalav',0),('RACT-a35dd35:14e51ec3311:-5c1b','RUL-a35dd35:14e51ec3311:-5d4c','RULADEF1b4af871:14e3cc46e09:-35cc','calc-rpu-mv',0),('RACT-a35dd35:14e51ec3311:-5c77','RUL-a35dd35:14e51ec3311:-5d4c','RULADEF1b4af871:14e3cc46e09:-3612','calc-rpu-bmv',0),('RACT1441128c:1471efa4c1c:-6b97','RUL1441128c:1471efa4c1c:-6c93','RULADEF-39192c48:1471ebc2797:-7dae','calc-assess-level',0),('RACT1441128c:1471efa4c1c:-6ce7','RUL1441128c:1471efa4c1c:-6eaa','RULADEF-39192c48:1471ebc2797:-7dee','add-assessment-info',0),('RACT1b4af871:14e3cc46e09:-2ef1','RUL1b4af871:14e3cc46e09:-301e','RULADEF1b4af871:14e3cc46e09:-344d','add-derive-var',0),('RACT1b4af871:14e3cc46e09:-3191','RUL1b4af871:14e3cc46e09:-3341','RULADEF1b4af871:14e3cc46e09:-344d','add-derive-var',0),('RACT1e772168:14c5a447e35:-6572','RUL1e772168:14c5a447e35:-669c','RULADEF1e772168:14c5a447e35:-6703','calc-mach-depreciation',0),('RACT1e772168:14c5a447e35:-6cba','RUL1e772168:14c5a447e35:-6d2f','RULADEF1e772168:14c5a447e35:-7eaf','calc-mach-mv',0),('RACT1e772168:14c5a447e35:-7d92','RUL1e772168:14c5a447e35:-7e01','RULADEF1e772168:14c5a447e35:-7ed1','calc-mach-bmv',0),('RACT37c09be1:17e1d5e3d87:-7357','RUL37c09be1:17e1d5e3d87:-7bca','rptis.landtax.actions.CalcDiscount','calc-discount',0),('RACT37df8403:14c5405fff0:-762e','RUL37df8403:14c5405fff0:-76bf','RULADEF6b62feef:14c53ac1f59:-7ea2','calc-planttree-bmv',0),('RACT3b800abe:14d2b978f55:-60fe','RUL3b800abe:14d2b978f55:-61fb','RULADEF-2486b0ca:146fff66c3e:-3151','calc-bldguse-mv',0),('RACT3b800abe:14d2b978f55:-627d','RUL3b800abe:14d2b978f55:-63a0','RULADEF-2486b0ca:146fff66c3e:-79a8','calc-floor-mv',0),('RACT3b800abe:14d2b978f55:-7c65','RUL3b800abe:14d2b978f55:-7e09','RULADEF-2486b0ca:146fff66c3e:-723b','calc-adj',0),('RACT3fb43b91:14ccf782188:-5ed3','RUL3fb43b91:14ccf782188:-6008','RULADEF6b62feef:14c53ac1f59:-7e83','calc-planttree-adjustment',0),('RACT49a3c540:14e51feb8f6:-75ac','RUL49a3c540:14e51feb8f6:-77d2','RULADEF1b4af871:14e3cc46e09:-35cc','calc-rpu-mv',0),('RACT49a3c540:14e51feb8f6:-7610','RUL49a3c540:14e51feb8f6:-77d2','RULADEF1b4af871:14e3cc46e09:-3612','calc-rpu-bmv',0),('RACT4bf973aa:1562a233196:-4d26','RUL4bf973aa:1562a233196:-5055','RULADEF1e772168:14c5a447e35:-6703','calc-mach-depreciation',0),('RACT4e46261d:14f924c6b53:-7b49','RUL4e46261d:14f924c6b53:-7d9b','RULADEF-2486b0ca:146fff66c3e:-4365','calc-bldguse-depreciation',0),('RACT5022d8ba:1589ae965a4:-7a42','RUL5022d8ba:1589ae965a4:-7c9c','RULADEF5022d8ba:1589ae965a4:-7b0e','add-planttree-assessment-info',0),('RACT59614e16:14c5e56ecc8:-7c0c','RUL59614e16:14c5e56ecc8:-7cbf','RULADEF59614e16:14c5e56ecc8:-7f1c','calc-mv',0),('RACT59614e16:14c5e56ecc8:-7d53','RUL59614e16:14c5e56ecc8:-7dfb','RULADEF59614e16:14c5e56ecc8:-7f42','calc-depreciation',0),('RACT5b4ac915:147baaa06b4:-6be9','RUL5b4ac915:147baaa06b4:-6f31','RULADEF5b4ac915:147baaa06b4:-7dbe','add-assessment-info',0),('RACT5ffbdc02:166e7b2c367:-6229','RUL7e02b404:166ae687f42:-5511','rptis.landtax.actions.CalcInterest','calc-interest',0),('RACT5ffbdc02:166e7b2c367:-6e24','RUL634d9a3c:161503ff1dc:-5b2a','rptis.landtax.actions.CalcTax','calc-tax',0),('RACT5ffbdc02:166e7b2c367:-6f13','RUL-59249a93:1614f57bd58:-7d49','rptis.landtax.actions.AddSef','add-sef',0),('RACT5ffbdc02:166e7b2c367:-6ff9','RUL-59249a93:1614f57bd58:-7d49','rptis.landtax.actions.AddBasic','add-basic',0),('RACT633c4f6e:168167799dc:-76f0','RUL633c4f6e:168167799dc:-7806','rptis.landtax.actions.CalcInterest','calc-interest',0),('RACT650f832b:14c53e6ce93:-7930','RUL650f832b:14c53e6ce93:-79cd','RULADEF6b62feef:14c53ac1f59:-7e59','calc-planttree-mv',0),('RACT6d174068:14e3de9c20b:-7eeb','RUL6d174068:14e3de9c20b:-7fcb','RULADEF1b4af871:14e3cc46e09:-3543','calc-rpu-av',0),('RACT7e83d163:178c928b4a5:-7704','RUL7e83d163:178c928b4a5:-7c21','rptis.landtax.actions.CalcInterest','calc-interest',0),('RACTec9d7ab:166235c2e16:-249a','RULec9d7ab:166235c2e16:-255e','rptis.landtax.actions.AddBillItem','add-billitem',0),('RACTec9d7ab:166235c2e16:-2e2e','RULec9d7ab:166235c2e16:-2f1f','rptis.landtax.actions.SetBillExpiryDate','set-bill-expiry',0),('RACTec9d7ab:166235c2e16:-35b3','RULec9d7ab:166235c2e16:-3811','rptis.landtax.actions.SplitLedgerItem','split-bill-item',0),('RACTec9d7ab:166235c2e16:-3879','RULec9d7ab:166235c2e16:-3c17','rptis.landtax.actions.AggregateLedgerItem','aggregate-bill-item',0),('RACTec9d7ab:166235c2e16:-5b6f','RULec9d7ab:166235c2e16:-5fcb','rptis.landtax.actions.SplitByQtr','split-by-qtr',0);
/*!40000 ALTER TABLE `sys_rule_action` ENABLE KEYS */;
UNLOCK TABLES;

--
-- Dumping data for table `sys_rule_action_param`
--

LOCK TABLES `sys_rule_action_param` WRITE;
/*!40000 ALTER TABLE `sys_rule_action_param` DISABLE KEYS */;
INSERT INTO `sys_rule_action_param` VALUES ('RAP-15f7fe9f:15cf6ec9fa5:-7fbd','RA-15f7fe9f:15cf6ec9fa5:-7fbf','ACTPARAM-128a4cad:146f96a678e:-7ef0',NULL,NULL,'RC-15f7fe9f:15cf6ec9fa5:-7fc3','LA',NULL,NULL,NULL,NULL,NULL,NULL,NULL,NULL),('RAP-15f7fe9f:15cf6ec9fa5:-7fbe','RA-15f7fe9f:15cf6ec9fa5:-7fbf','ACTPARAM-128a4cad:146f96a678e:-7ee7',NULL,NULL,NULL,NULL,'@ROUND( MV * AL / 100.0, 2 )','expression',NULL,NULL,NULL,NULL,NULL,NULL),('RAP-34ab44ad:166c3c53b1b:-7cd5','RA-34ab44ad:166c3c53b1b:-7cdb','rptis.landtax.actions.AddShare.billitem',NULL,NULL,'RC-34ab44ad:166c3c53b1b:-7cde','BILLITEM',NULL,NULL,NULL,NULL,NULL,NULL,NULL,NULL),('RAP-34ab44ad:166c3c53b1b:-7cd6','RA-34ab44ad:166c3c53b1b:-7cdb','rptis.landtax.actions.AddShare.orgclass',NULL,NULL,NULL,NULL,NULL,NULL,NULL,NULL,NULL,NULL,'province',NULL),('RAP-34ab44ad:166c3c53b1b:-7cd7','RA-34ab44ad:166c3c53b1b:-7cdb','rptis.landtax.actions.AddShare.orgid',NULL,NULL,'RCC-34ab44ad:166c3c53b1b:-7cdf','PROVID',NULL,NULL,NULL,NULL,NULL,NULL,NULL,NULL),('RAP-34ab44ad:166c3c53b1b:-7cd8','RA-34ab44ad:166c3c53b1b:-7cdb','rptis.landtax.actions.AddShare.payableparentacct',NULL,NULL,NULL,NULL,NULL,NULL,NULL,'RPT_BASICINT_PRIOR_PROVINCE_SHARE','RPT BASIC PRIOR PENALTY PROVINCE SHARE',NULL,NULL,NULL),('RAP-34ab44ad:166c3c53b1b:-7cd9','RA-34ab44ad:166c3c53b1b:-7cdb','rptis.landtax.actions.AddShare.amtdue',NULL,NULL,NULL,NULL,'AMOUNT','expression',NULL,NULL,NULL,NULL,NULL,NULL),('RAP-34ab44ad:166c3c53b1b:-7cda','RA-34ab44ad:166c3c53b1b:-7cdb','rptis.landtax.actions.AddShare.rate',NULL,NULL,NULL,NULL,'0.35','expression',NULL,NULL,NULL,NULL,NULL,NULL),('RAP-34ab44ad:166c3c53b1b:-7ce3','RA-34ab44ad:166c3c53b1b:-7ce9','rptis.landtax.actions.AddShare.billitem',NULL,NULL,'RC-34ab44ad:166c3c53b1b:-7cef','BILLITEM',NULL,NULL,NULL,NULL,NULL,NULL,NULL,NULL),('RAP-34ab44ad:166c3c53b1b:-7ce4','RA-34ab44ad:166c3c53b1b:-7ce9','rptis.landtax.actions.AddShare.orgclass',NULL,NULL,NULL,NULL,NULL,NULL,NULL,NULL,NULL,NULL,'province',NULL),('RAP-34ab44ad:166c3c53b1b:-7ce5','RA-34ab44ad:166c3c53b1b:-7ce9','rptis.landtax.actions.AddShare.orgid',NULL,NULL,'RCC-34ab44ad:166c3c53b1b:-7cea','PROVID',NULL,NULL,NULL,NULL,NULL,NULL,NULL,NULL),('RAP-34ab44ad:166c3c53b1b:-7ce6','RA-34ab44ad:166c3c53b1b:-7ce9','rptis.landtax.actions.AddShare.payableparentacct',NULL,NULL,NULL,NULL,NULL,NULL,NULL,'RPT_BASIC_PRIOR_PROVINCE_SHARE','RPT BASIC PRIOR PROVINCE SHARE',NULL,NULL,NULL),('RAP-34ab44ad:166c3c53b1b:-7ce7','RA-34ab44ad:166c3c53b1b:-7ce9','rptis.landtax.actions.AddShare.amtdue',NULL,NULL,NULL,NULL,'AMOUNT','expression',NULL,NULL,NULL,NULL,NULL,NULL),('RAP-34ab44ad:166c3c53b1b:-7ce8','RA-34ab44ad:166c3c53b1b:-7ce9','rptis.landtax.actions.AddShare.rate',NULL,NULL,NULL,NULL,'0.35','expression',NULL,NULL,NULL,NULL,NULL,NULL),('RAP-34ab44ad:166c3c53b1b:-7cf6','RA-34ab44ad:166c3c53b1b:-7cfc','rptis.landtax.actions.AddShare.rate',NULL,NULL,NULL,NULL,'0.50','expression',NULL,NULL,NULL,NULL,NULL,NULL),('RAP-34ab44ad:166c3c53b1b:-7cf7','RA-34ab44ad:166c3c53b1b:-7cfc','rptis.landtax.actions.AddShare.amtdue',NULL,NULL,NULL,NULL,'AMOUNT','expression',NULL,NULL,NULL,NULL,NULL,NULL),('RAP-34ab44ad:166c3c53b1b:-7cf8','RA-34ab44ad:166c3c53b1b:-7cfc','rptis.landtax.actions.AddShare.payableparentacct',NULL,NULL,NULL,NULL,NULL,NULL,NULL,'RPT_SEFINT_PRIOR_PROVINCE_SHARE','RPT SEF PRIOR PENALTY PROVINCE SHARE',NULL,NULL,NULL),('RAP-34ab44ad:166c3c53b1b:-7cf9','RA-34ab44ad:166c3c53b1b:-7cfc','rptis.landtax.actions.AddShare.orgid',NULL,NULL,'RCC-34ab44ad:166c3c53b1b:-7cfd','PROVID',NULL,NULL,NULL,NULL,NULL,NULL,NULL,NULL),('RAP-34ab44ad:166c3c53b1b:-7cfa','RA-34ab44ad:166c3c53b1b:-7cfc','rptis.landtax.actions.AddShare.orgclass',NULL,NULL,NULL,NULL,NULL,NULL,NULL,NULL,NULL,NULL,'province',NULL),('RAP-34ab44ad:166c3c53b1b:-7cfb','RA-34ab44ad:166c3c53b1b:-7cfc','rptis.landtax.actions.AddShare.billitem',NULL,NULL,'RC-34ab44ad:166c3c53b1b:-7d01','BILLITEM',NULL,NULL,NULL,NULL,NULL,NULL,NULL,NULL),('RAP-34ab44ad:166c3c53b1b:-7d02','RA-34ab44ad:166c3c53b1b:-7d08','rptis.landtax.actions.AddShare.rate',NULL,NULL,NULL,NULL,'0.50','expression',NULL,NULL,NULL,NULL,NULL,NULL),('RAP-34ab44ad:166c3c53b1b:-7d03','RA-34ab44ad:166c3c53b1b:-7d08','rptis.landtax.actions.AddShare.amtdue',NULL,NULL,NULL,NULL,'AMOUNT','expression',NULL,NULL,NULL,NULL,NULL,NULL),('RAP-34ab44ad:166c3c53b1b:-7d04','RA-34ab44ad:166c3c53b1b:-7d08','rptis.landtax.actions.AddShare.payableparentacct',NULL,NULL,NULL,NULL,NULL,NULL,NULL,'RPT_SEF_PRIOR_PROVINCE_SHARE','RPT SEF PRIOR PROVINCE SHARE',NULL,NULL,NULL),('RAP-34ab44ad:166c3c53b1b:-7d05','RA-34ab44ad:166c3c53b1b:-7d08','rptis.landtax.actions.AddShare.orgid',NULL,NULL,'RCC-34ab44ad:166c3c53b1b:-7d0c','PROVID',NULL,NULL,NULL,NULL,NULL,NULL,NULL,NULL),('RAP-34ab44ad:166c3c53b1b:-7d06','RA-34ab44ad:166c3c53b1b:-7d08','rptis.landtax.actions.AddShare.orgclass',NULL,NULL,NULL,NULL,NULL,NULL,NULL,NULL,NULL,NULL,'province',NULL),('RAP-34ab44ad:166c3c53b1b:-7d07','RA-34ab44ad:166c3c53b1b:-7d08','rptis.landtax.actions.AddShare.billitem',NULL,NULL,'RC-34ab44ad:166c3c53b1b:-7d0b','BILLITEM',NULL,NULL,NULL,NULL,NULL,NULL,NULL,NULL),('RAP-34ab44ad:166c3c53b1b:-7d16','RA-34ab44ad:166c3c53b1b:-7d18','rptis.landtax.actions.CreateTaxSummary.revperiod',NULL,NULL,NULL,NULL,NULL,NULL,NULL,NULL,NULL,NULL,'prior',NULL),('RAP-34ab44ad:166c3c53b1b:-7d17','RA-34ab44ad:166c3c53b1b:-7d18','rptis.landtax.actions.CreateTaxSummary.rptledgeritem',NULL,NULL,'RC-34ab44ad:166c3c53b1b:-7d1b','RLI',NULL,NULL,NULL,NULL,NULL,NULL,NULL,NULL),('RAP-36fdb4be:1675cf0d583:-7f9b','RA-36fdb4be:1675cf0d583:-7f9d','rptis.landtax.actions.CalcInterest.rptledgeritem',NULL,NULL,'RC-36fdb4be:1675cf0d583:-7fa4','RLI',NULL,NULL,NULL,NULL,NULL,NULL,NULL,NULL),('RAP-36fdb4be:1675cf0d583:-7f9c','RA-36fdb4be:1675cf0d583:-7f9d','rptis.landtax.actions.CalcInterest.expr',NULL,NULL,NULL,NULL,'@IIF( NMON * 0.02 > 0.72, TAX * 0.72, TAX * NMON * 0.02)','expression',NULL,NULL,NULL,NULL,NULL,NULL),('RAP-543b8ba9:166995918fb:-7ed6','RA-543b8ba9:166995918fb:-7edc','rptis.landtax.actions.AddShare.rate',NULL,NULL,NULL,NULL,'0.35','expression',NULL,NULL,NULL,NULL,NULL,NULL),('RAP-543b8ba9:166995918fb:-7ed7','RA-543b8ba9:166995918fb:-7edc','rptis.landtax.actions.AddShare.amtdue',NULL,NULL,NULL,NULL,'AMOUNT','expression',NULL,NULL,NULL,NULL,NULL,NULL),('RAP-543b8ba9:166995918fb:-7ed8','RA-543b8ba9:166995918fb:-7edc','rptis.landtax.actions.AddShare.payableparentacct',NULL,NULL,NULL,NULL,NULL,NULL,NULL,'RPT_BASIC_PREVIOUS_PROVINCE_SHARE','RPT BASIC PREVIOUS PROVINCE SHARE',NULL,NULL,NULL),('RAP-543b8ba9:166995918fb:-7ed9','RA-543b8ba9:166995918fb:-7edc','rptis.landtax.actions.AddShare.orgid',NULL,NULL,'RCC-543b8ba9:166995918fb:-7ee1','PROVID',NULL,NULL,NULL,NULL,NULL,NULL,NULL,NULL),('RAP-543b8ba9:166995918fb:-7eda','RA-543b8ba9:166995918fb:-7edc','rptis.landtax.actions.AddShare.orgclass',NULL,NULL,NULL,NULL,NULL,NULL,NULL,NULL,NULL,NULL,'province',NULL),('RAP-543b8ba9:166995918fb:-7edb','RA-543b8ba9:166995918fb:-7edc','rptis.landtax.actions.AddShare.billitem',NULL,NULL,'RC-543b8ba9:166995918fb:-7edf','BILLITEM',NULL,NULL,NULL,NULL,NULL,NULL,NULL,NULL),('RAP-543b8ba9:166995918fb:-7ee3','RA-543b8ba9:166995918fb:-7ee9','rptis.landtax.actions.AddShare.rate',NULL,NULL,NULL,NULL,'0.35','expression',NULL,NULL,NULL,NULL,NULL,NULL),('RAP-543b8ba9:166995918fb:-7ee4','RA-543b8ba9:166995918fb:-7ee9','rptis.landtax.actions.AddShare.amtdue',NULL,NULL,NULL,NULL,'AMOUNT','expression',NULL,NULL,NULL,NULL,NULL,NULL),('RAP-543b8ba9:166995918fb:-7ee5','RA-543b8ba9:166995918fb:-7ee9','rptis.landtax.actions.AddShare.payableparentacct',NULL,NULL,NULL,NULL,NULL,NULL,NULL,'RPT_BASICINT_PREVIOUS_PROVINCE_SHARE','RPT BASIC PREVIOUS PENALTY PROVINCE SHARE',NULL,NULL,NULL),('RAP-543b8ba9:166995918fb:-7ee6','RA-543b8ba9:166995918fb:-7ee9','rptis.landtax.actions.AddShare.orgid',NULL,NULL,'RCC-543b8ba9:166995918fb:-7eea','PROVID',NULL,NULL,NULL,NULL,NULL,NULL,NULL,NULL),('RAP-543b8ba9:166995918fb:-7ee7','RA-543b8ba9:166995918fb:-7ee9','rptis.landtax.actions.AddShare.orgclass',NULL,NULL,NULL,NULL,NULL,NULL,NULL,NULL,NULL,NULL,'province',NULL),('RAP-543b8ba9:166995918fb:-7ee8','RA-543b8ba9:166995918fb:-7ee9','rptis.landtax.actions.AddShare.billitem',NULL,NULL,'RC-543b8ba9:166995918fb:-7eee','BILLITEM',NULL,NULL,NULL,NULL,NULL,NULL,NULL,NULL),('RAP-543b8ba9:166995918fb:-7f08','RA-543b8ba9:166995918fb:-7f0e','rptis.landtax.actions.AddShare.billitem',NULL,NULL,'RC-543b8ba9:166995918fb:-7f11','BILLITEM',NULL,NULL,NULL,NULL,NULL,NULL,NULL,NULL),('RAP-543b8ba9:166995918fb:-7f09','RA-543b8ba9:166995918fb:-7f0e','rptis.landtax.actions.AddShare.orgclass',NULL,NULL,NULL,NULL,NULL,NULL,NULL,NULL,NULL,NULL,'province',NULL),('RAP-543b8ba9:166995918fb:-7f0a','RA-543b8ba9:166995918fb:-7f0e','rptis.landtax.actions.AddShare.orgid',NULL,NULL,'RCC-543b8ba9:166995918fb:-7f12','PROVID',NULL,NULL,NULL,NULL,NULL,NULL,NULL,NULL),('RAP-543b8ba9:166995918fb:-7f0b','RA-543b8ba9:166995918fb:-7f0e','rptis.landtax.actions.AddShare.payableparentacct',NULL,NULL,NULL,NULL,NULL,NULL,NULL,'RPT_SEFINT_PREVIOUS_PROVINCE_SHARE','RPT SEF PREVIOUS PENALTY PROVINCE SHARE',NULL,NULL,NULL),('RAP-543b8ba9:166995918fb:-7f0c','RA-543b8ba9:166995918fb:-7f0e','rptis.landtax.actions.AddShare.amtdue',NULL,NULL,NULL,NULL,'AMOUNT','expression',NULL,NULL,NULL,NULL,NULL,NULL),('RAP-543b8ba9:166995918fb:-7f0d','RA-543b8ba9:166995918fb:-7f0e','rptis.landtax.actions.AddShare.rate',NULL,NULL,NULL,NULL,'0.50','expression',NULL,NULL,NULL,NULL,NULL,NULL),('RAP-543b8ba9:166995918fb:-7f14','RA-543b8ba9:166995918fb:-7f1a','rptis.landtax.actions.AddShare.billitem',NULL,NULL,'RC-543b8ba9:166995918fb:-7f1f','BILLITEM',NULL,NULL,NULL,NULL,NULL,NULL,NULL,NULL),('RAP-543b8ba9:166995918fb:-7f15','RA-543b8ba9:166995918fb:-7f1a','rptis.landtax.actions.AddShare.orgclass',NULL,NULL,NULL,NULL,NULL,NULL,NULL,NULL,NULL,NULL,'province',NULL),('RAP-543b8ba9:166995918fb:-7f16','RA-543b8ba9:166995918fb:-7f1a','rptis.landtax.actions.AddShare.orgid',NULL,NULL,'RCC-543b8ba9:166995918fb:-7f1b','PROVID',NULL,NULL,NULL,NULL,NULL,NULL,NULL,NULL),('RAP-543b8ba9:166995918fb:-7f17','RA-543b8ba9:166995918fb:-7f1a','rptis.landtax.actions.AddShare.payableparentacct',NULL,NULL,NULL,NULL,NULL,NULL,NULL,'RPT_SEF_PREVIOUS_PROVINCE_SHARE','RPT SEF PREVIOUS PROVINCE SHARE',NULL,NULL,NULL),('RAP-543b8ba9:166995918fb:-7f18','RA-543b8ba9:166995918fb:-7f1a','rptis.landtax.actions.AddShare.amtdue',NULL,NULL,NULL,NULL,'AMOUNT','expression',NULL,NULL,NULL,NULL,NULL,NULL),('RAP-543b8ba9:166995918fb:-7f19','RA-543b8ba9:166995918fb:-7f1a','rptis.landtax.actions.AddShare.rate',NULL,NULL,NULL,NULL,'0.50','expression',NULL,NULL,NULL,NULL,NULL,NULL),('RAP-69b5f604:15cfc6b3e74:-7e34','RA-69b5f604:15cfc6b3e74:-7e36','ACTPARAM1441128c:1471efa4c1c:-698e',NULL,NULL,'RC-69b5f604:15cfc6b3e74:-7e3b','BA',NULL,NULL,NULL,NULL,NULL,NULL,NULL,NULL),('RAP-69b5f604:15cfc6b3e74:-7e35','RA-69b5f604:15cfc6b3e74:-7e36','ACTPARAM1441128c:1471efa4c1c:-6969',NULL,NULL,NULL,NULL,'@ROUND( MV * AL  / 100.0 , 2)','expression',NULL,NULL,NULL,NULL,NULL,NULL),('RAP16a7ee38:15cfcd300fe:-7fb3','RA16a7ee38:15cfcd300fe:-7fb7','ACTPARAM1b4af871:14e3cc46e09:-343a',NULL,NULL,'RCC16a7ee38:15cfcd300fe:-7fbb','RPUID',NULL,NULL,NULL,NULL,NULL,NULL,NULL,NULL),('RAP16a7ee38:15cfcd300fe:-7fb4','RA16a7ee38:15cfcd300fe:-7fb7','ACTPARAM1b4af871:14e3cc46e09:-342a',NULL,NULL,NULL,NULL,NULL,NULL,NULL,'RP-28dc975:156bcab666c:-6a4d','TOTALAV',NULL,NULL,NULL),('RAP16a7ee38:15cfcd300fe:-7fb5','RA16a7ee38:15cfcd300fe:-7fb7','ACTPARAM1b4af871:14e3cc46e09:-341d',NULL,NULL,NULL,NULL,NULL,NULL,NULL,NULL,NULL,NULL,'sum',NULL),('RAP16a7ee38:15cfcd300fe:-7fb6','RA16a7ee38:15cfcd300fe:-7fb7','ACTPARAM1b4af871:14e3cc46e09:-33b8',NULL,NULL,NULL,NULL,'AV','expression',NULL,NULL,NULL,NULL,NULL,NULL),('RAP38ed9262:166c2f569fa:-7f6d','RA38ed9262:166c2f569fa:-7f6f','rptis.landtax.actions.CalcDiscount.rptledgeritem',NULL,NULL,'RC38ed9262:166c2f569fa:-7f77','RLI',NULL,NULL,NULL,NULL,NULL,NULL,NULL,NULL),('RAP38ed9262:166c2f569fa:-7f6e','RA38ed9262:166c2f569fa:-7f6f','rptis.landtax.actions.CalcDiscount.expr',NULL,NULL,NULL,NULL,'TAX * 0.10','expression',NULL,NULL,NULL,NULL,NULL,NULL),('RAP440e47f4:166ae4152f1:-7f9e','RA440e47f4:166ae4152f1:-7fa4','rptis.landtax.actions.AddShare.rate',NULL,NULL,NULL,NULL,'0.25','expression',NULL,NULL,NULL,NULL,NULL,NULL),('RAP440e47f4:166ae4152f1:-7f9f','RA440e47f4:166ae4152f1:-7fa4','rptis.landtax.actions.AddShare.amtdue',NULL,NULL,NULL,NULL,'AMOUNT','expression',NULL,NULL,NULL,NULL,NULL,NULL),('RAP440e47f4:166ae4152f1:-7fa0','RA440e47f4:166ae4152f1:-7fa4','rptis.landtax.actions.AddShare.payableparentacct',NULL,NULL,NULL,NULL,NULL,NULL,NULL,'RPT_BASIC_PREVIOUS_BRGY_SHARE','RPT BASIC PREVIOUS BARANGAY SHARE',NULL,NULL,NULL),('RAP440e47f4:166ae4152f1:-7fa1','RA440e47f4:166ae4152f1:-7fa4','rptis.landtax.actions.AddShare.orgid',NULL,NULL,'RCC440e47f4:166ae4152f1:-7fa5','BRGYID',NULL,NULL,NULL,NULL,NULL,NULL,NULL,NULL),('RAP440e47f4:166ae4152f1:-7fa2','RA440e47f4:166ae4152f1:-7fa4','rptis.landtax.actions.AddShare.orgclass',NULL,NULL,NULL,NULL,NULL,NULL,NULL,NULL,NULL,NULL,'barangay',NULL),('RAP440e47f4:166ae4152f1:-7fa3','RA440e47f4:166ae4152f1:-7fa4','rptis.landtax.actions.AddShare.billitem',NULL,NULL,'RC440e47f4:166ae4152f1:-7fa9','BILLITEM',NULL,NULL,NULL,NULL,NULL,NULL,NULL,NULL),('RAP440e47f4:166ae4152f1:-7fac','RA440e47f4:166ae4152f1:-7fb2','rptis.landtax.actions.AddShare.billitem',NULL,NULL,'RC440e47f4:166ae4152f1:-7fb5','BILLITEM',NULL,NULL,NULL,NULL,NULL,NULL,NULL,NULL),('RAP440e47f4:166ae4152f1:-7fad','RA440e47f4:166ae4152f1:-7fb2','rptis.landtax.actions.AddShare.orgclass',NULL,NULL,NULL,NULL,NULL,NULL,NULL,NULL,NULL,NULL,'barangay',NULL),('RAP440e47f4:166ae4152f1:-7fae','RA440e47f4:166ae4152f1:-7fb2','rptis.landtax.actions.AddShare.orgid',NULL,NULL,'RCC440e47f4:166ae4152f1:-7fb6','BRGYID',NULL,NULL,NULL,NULL,NULL,NULL,NULL,NULL),('RAP440e47f4:166ae4152f1:-7faf','RA440e47f4:166ae4152f1:-7fb2','rptis.landtax.actions.AddShare.payableparentacct',NULL,NULL,NULL,NULL,NULL,NULL,NULL,'RPT_BASICINT_PREVIOUS_BRGY_SHARE','RPT BASIC PENALTY PREVIOUS BARANGAY SHARE',NULL,NULL,NULL),('RAP440e47f4:166ae4152f1:-7fb0','RA440e47f4:166ae4152f1:-7fb2','rptis.landtax.actions.AddShare.amtdue',NULL,NULL,NULL,NULL,'AMOUNT','expression',NULL,NULL,NULL,NULL,NULL,NULL),('RAP440e47f4:166ae4152f1:-7fb1','RA440e47f4:166ae4152f1:-7fb2','rptis.landtax.actions.AddShare.rate',NULL,NULL,NULL,NULL,'0.25','expression',NULL,NULL,NULL,NULL,NULL,NULL),('RAP440e47f4:166ae4152f1:-7fba','RA440e47f4:166ae4152f1:-7fbc','rptis.landtax.actions.CreateTaxSummary.rptledgeritem',NULL,NULL,'RC440e47f4:166ae4152f1:-7fc0','RLI',NULL,NULL,NULL,NULL,NULL,NULL,NULL,NULL),('RAP440e47f4:166ae4152f1:-7fbb','RA440e47f4:166ae4152f1:-7fbc','rptis.landtax.actions.CreateTaxSummary.revperiod',NULL,NULL,NULL,NULL,NULL,NULL,NULL,NULL,NULL,NULL,'previous',NULL),('RAP6407baa3:164078ceff4:-7f4c','RA6407baa3:164078ceff4:-7f52','rptis.landtax.actions.AddShare.billitem',NULL,NULL,'RC6407baa3:164078ceff4:-7f55','BILLITEM',NULL,NULL,NULL,NULL,NULL,NULL,NULL,NULL),('RAP6407baa3:164078ceff4:-7f4d','RA6407baa3:164078ceff4:-7f52','rptis.landtax.actions.AddShare.orgclass',NULL,NULL,NULL,NULL,NULL,NULL,NULL,NULL,NULL,NULL,'province',NULL),('RAP6407baa3:164078ceff4:-7f4e','RA6407baa3:164078ceff4:-7f52','rptis.landtax.actions.AddShare.orgid',NULL,NULL,'RCC6407baa3:164078ceff4:-7f56','PROVID',NULL,NULL,NULL,NULL,NULL,NULL,NULL,NULL),('RAP6407baa3:164078ceff4:-7f4f','RA6407baa3:164078ceff4:-7f52','rptis.landtax.actions.AddShare.payableparentacct',NULL,NULL,NULL,NULL,NULL,NULL,NULL,'RPT_SEF_CURRENT_PROVINCE_SHARE','RPT SEF CURRENT PROVINCE SHARE',NULL,NULL,NULL),('RAP6407baa3:164078ceff4:-7f50','RA6407baa3:164078ceff4:-7f52','rptis.landtax.actions.AddShare.amtdue',NULL,NULL,NULL,NULL,'AMOUNT','expression',NULL,NULL,NULL,NULL,NULL,NULL),('RAP6407baa3:164078ceff4:-7f51','RA6407baa3:164078ceff4:-7f52','rptis.landtax.actions.AddShare.rate',NULL,NULL,NULL,NULL,'0.50','expression',NULL,NULL,NULL,NULL,NULL,NULL),('RAP6407baa3:164078ceff4:-7f94','RA6407baa3:164078ceff4:-7f9a','rptis.landtax.actions.AddShare.rate',NULL,NULL,NULL,NULL,'0.35','expression',NULL,NULL,NULL,NULL,NULL,NULL),('RAP6407baa3:164078ceff4:-7f95','RA6407baa3:164078ceff4:-7f9a','rptis.landtax.actions.AddShare.amtdue',NULL,NULL,NULL,NULL,'AMOUNT','expression',NULL,NULL,NULL,NULL,NULL,NULL),('RAP6407baa3:164078ceff4:-7f96','RA6407baa3:164078ceff4:-7f9a','rptis.landtax.actions.AddShare.payableparentacct',NULL,NULL,NULL,NULL,NULL,NULL,NULL,'RPT_BASIC_CURRENT_PROVINCE_SHARE','RPT BASIC CURRENT PROVINCE SHARE',NULL,NULL,NULL),('RAP6407baa3:164078ceff4:-7f97','RA6407baa3:164078ceff4:-7f9a','rptis.landtax.actions.AddShare.orgid',NULL,NULL,'RCC6407baa3:164078ceff4:-7f9b','PROVID',NULL,NULL,NULL,NULL,NULL,NULL,NULL,NULL),('RAP6407baa3:164078ceff4:-7f98','RA6407baa3:164078ceff4:-7f9a','rptis.landtax.actions.AddShare.orgclass',NULL,NULL,NULL,NULL,NULL,NULL,NULL,NULL,NULL,NULL,'province',NULL),('RAP6407baa3:164078ceff4:-7f99','RA6407baa3:164078ceff4:-7f9a','rptis.landtax.actions.AddShare.billitem',NULL,NULL,'RC6407baa3:164078ceff4:-7f9f','BILLITEM',NULL,NULL,NULL,NULL,NULL,NULL,NULL,NULL),('RAP6407baa3:164078ceff4:-7fa5','RA6407baa3:164078ceff4:-7fab','rptis.landtax.actions.AddShare.rate',NULL,NULL,NULL,NULL,'0.35','expression',NULL,NULL,NULL,NULL,NULL,NULL),('RAP6407baa3:164078ceff4:-7fa6','RA6407baa3:164078ceff4:-7fab','rptis.landtax.actions.AddShare.amtdue',NULL,NULL,NULL,NULL,'AMOUNT','expression',NULL,NULL,NULL,NULL,NULL,NULL),('RAP6407baa3:164078ceff4:-7fa7','RA6407baa3:164078ceff4:-7fab','rptis.landtax.actions.AddShare.payableparentacct',NULL,NULL,NULL,NULL,NULL,NULL,NULL,'RPT_BASICINT_CURRENT_PROVINCE_SHARE','RPT BASIC CURRENT PENALTY PROVINCE SHARE',NULL,NULL,NULL),('RAP6407baa3:164078ceff4:-7fa8','RA6407baa3:164078ceff4:-7fab','rptis.landtax.actions.AddShare.orgid',NULL,NULL,'RCC6407baa3:164078ceff4:-7faf','PROVID',NULL,NULL,NULL,NULL,NULL,NULL,NULL,NULL),('RAP6407baa3:164078ceff4:-7fa9','RA6407baa3:164078ceff4:-7fab','rptis.landtax.actions.AddShare.orgclass',NULL,NULL,NULL,NULL,NULL,NULL,NULL,NULL,NULL,NULL,'province',NULL),('RAP6407baa3:164078ceff4:-7faa','RA6407baa3:164078ceff4:-7fab','rptis.landtax.actions.AddShare.billitem',NULL,NULL,'RC6407baa3:164078ceff4:-7fae','BILLITEM',NULL,NULL,NULL,NULL,NULL,NULL,NULL,NULL),('RAP6407baa3:164078ceff4:-7fb6','RA6407baa3:164078ceff4:-7fbc','rptis.landtax.actions.AddShare.rate',NULL,NULL,NULL,NULL,'0.35','expression',NULL,NULL,NULL,NULL,NULL,NULL),('RAP6407baa3:164078ceff4:-7fb7','RA6407baa3:164078ceff4:-7fbc','rptis.landtax.actions.AddShare.amtdue',NULL,NULL,NULL,NULL,'AMOUNT','expression',NULL,NULL,NULL,NULL,NULL,NULL),('RAP6407baa3:164078ceff4:-7fb8','RA6407baa3:164078ceff4:-7fbc','rptis.landtax.actions.AddShare.payableparentacct',NULL,NULL,NULL,NULL,NULL,NULL,NULL,'RPT_BASIC_ADVANCE_PROVINCE_SHARE','RPT BASIC ADVANCE PROVINCE SHARE',NULL,NULL,NULL),('RAP6407baa3:164078ceff4:-7fb9','RA6407baa3:164078ceff4:-7fbc','rptis.landtax.actions.AddShare.orgid',NULL,NULL,'RCC6407baa3:164078ceff4:-7fc0','PROVID',NULL,NULL,NULL,NULL,NULL,NULL,NULL,NULL),('RAP6407baa3:164078ceff4:-7fba','RA6407baa3:164078ceff4:-7fbc','rptis.landtax.actions.AddShare.orgclass',NULL,NULL,NULL,NULL,NULL,NULL,NULL,NULL,NULL,NULL,'province',NULL),('RAP6407baa3:164078ceff4:-7fbb','RA6407baa3:164078ceff4:-7fbc','rptis.landtax.actions.AddShare.billitem',NULL,NULL,'RC6407baa3:164078ceff4:-7fbf','BILLITEM',NULL,NULL,NULL,NULL,NULL,NULL,NULL,NULL),('RAP7280357:166235c1be7:-7f74','RA7280357:166235c1be7:-7f7a','rptis.landtax.actions.AddShare.rate',NULL,NULL,NULL,NULL,'0.25','expression',NULL,NULL,NULL,NULL,NULL,NULL),('RAP7280357:166235c1be7:-7f75','RA7280357:166235c1be7:-7f7a','rptis.landtax.actions.AddShare.amtdue',NULL,NULL,NULL,NULL,'AMOUNT','expression',NULL,NULL,NULL,NULL,NULL,NULL),('RAP7280357:166235c1be7:-7f76','RA7280357:166235c1be7:-7f7a','rptis.landtax.actions.AddShare.payableparentacct',NULL,NULL,NULL,NULL,NULL,NULL,NULL,'RPT_BASICINT_PRIOR_BRGY_SHARE','RPT BASIC PENALTY PRIOR BARANGAY SHARE',NULL,NULL,NULL),('RAP7280357:166235c1be7:-7f77','RA7280357:166235c1be7:-7f7a','rptis.landtax.actions.AddShare.orgid',NULL,NULL,'RCONST-5355b1d6:1662990040c:-72d7','BRGYID',NULL,NULL,NULL,NULL,NULL,NULL,NULL,NULL),('RAP7280357:166235c1be7:-7f78','RA7280357:166235c1be7:-7f7a','rptis.landtax.actions.AddShare.orgclass',NULL,NULL,NULL,NULL,NULL,NULL,NULL,NULL,NULL,NULL,'barangay',NULL),('RAP7280357:166235c1be7:-7f79','RA7280357:166235c1be7:-7f7a','rptis.landtax.actions.AddShare.billitem',NULL,NULL,'RC7280357:166235c1be7:-7f7f','BILLITEM',NULL,NULL,NULL,NULL,NULL,NULL,NULL,NULL),('RAP7280357:166235c1be7:-7f80','RA7280357:166235c1be7:-7f86','rptis.landtax.actions.AddShare.billitem',NULL,NULL,'RC7280357:166235c1be7:-7f89','BILLITEM',NULL,NULL,NULL,NULL,NULL,NULL,NULL,NULL),('RAP7280357:166235c1be7:-7f81','RA7280357:166235c1be7:-7f86','rptis.landtax.actions.AddShare.orgclass',NULL,NULL,NULL,NULL,NULL,NULL,NULL,NULL,NULL,NULL,'barangay',NULL),('RAP7280357:166235c1be7:-7f82','RA7280357:166235c1be7:-7f86','rptis.landtax.actions.AddShare.orgid',NULL,NULL,'RCONST-5355b1d6:1662990040c:-714c','BRGYID',NULL,NULL,NULL,NULL,NULL,NULL,NULL,NULL),('RAP7280357:166235c1be7:-7f83','RA7280357:166235c1be7:-7f86','rptis.landtax.actions.AddShare.payableparentacct',NULL,NULL,NULL,NULL,NULL,NULL,NULL,'RPT_BASIC_PRIOR_BRGY_SHARE','RPT BASIC PRIOR BARANGAY SHARE',NULL,NULL,NULL),('RAP7280357:166235c1be7:-7f84','RA7280357:166235c1be7:-7f86','rptis.landtax.actions.AddShare.amtdue',NULL,NULL,NULL,NULL,'AMOUNT','expression',NULL,NULL,NULL,NULL,NULL,NULL),('RAP7280357:166235c1be7:-7f85','RA7280357:166235c1be7:-7f86','rptis.landtax.actions.AddShare.rate',NULL,NULL,NULL,NULL,'0.25','expression',NULL,NULL,NULL,NULL,NULL,NULL),('RAP7280357:166235c1be7:-7f8c','RA7280357:166235c1be7:-7f92','rptis.landtax.actions.AddShare.rate',NULL,NULL,NULL,NULL,'0.25','expression',NULL,NULL,NULL,NULL,NULL,NULL),('RAP7280357:166235c1be7:-7f8d','RA7280357:166235c1be7:-7f92','rptis.landtax.actions.AddShare.amtdue',NULL,NULL,NULL,NULL,'AMOUNT','expression',NULL,NULL,NULL,NULL,NULL,NULL),('RAP7280357:166235c1be7:-7f8e','RA7280357:166235c1be7:-7f92','rptis.landtax.actions.AddShare.payableparentacct',NULL,NULL,NULL,NULL,NULL,NULL,NULL,'RPT_BASIC_CURRENT_BRGY_SHARE','RPT BASIC CURRENT BARANGAY SHARE',NULL,NULL,NULL),('RAP7280357:166235c1be7:-7f8f','RA7280357:166235c1be7:-7f92','rptis.landtax.actions.AddShare.orgid',NULL,NULL,'RCONST-5355b1d6:1662990040c:-6f82','BRGYID',NULL,NULL,NULL,NULL,NULL,NULL,NULL,NULL),('RAP7280357:166235c1be7:-7f90','RA7280357:166235c1be7:-7f92','rptis.landtax.actions.AddShare.orgclass',NULL,NULL,NULL,NULL,NULL,NULL,NULL,NULL,NULL,NULL,'barangay',NULL),('RAP7280357:166235c1be7:-7f91','RA7280357:166235c1be7:-7f92','rptis.landtax.actions.AddShare.billitem',NULL,NULL,'RC7280357:166235c1be7:-7f97','BILLITEM',NULL,NULL,NULL,NULL,NULL,NULL,NULL,NULL),('RAP7280357:166235c1be7:-7f98','RA7280357:166235c1be7:-7f9e','rptis.landtax.actions.AddShare.billitem',NULL,NULL,'RC7280357:166235c1be7:-7fa1','BILLITEM',NULL,NULL,NULL,NULL,NULL,NULL,NULL,NULL),('RAP7280357:166235c1be7:-7f99','RA7280357:166235c1be7:-7f9e','rptis.landtax.actions.AddShare.orgclass',NULL,NULL,NULL,NULL,NULL,NULL,NULL,NULL,NULL,NULL,'barangay',NULL),('RAP7280357:166235c1be7:-7f9a','RA7280357:166235c1be7:-7f9e','rptis.landtax.actions.AddShare.orgid',NULL,NULL,'RCONST-5355b1d6:1662990040c:-6e07','BRGYID',NULL,NULL,NULL,NULL,NULL,NULL,NULL,NULL),('RAP7280357:166235c1be7:-7f9b','RA7280357:166235c1be7:-7f9e','rptis.landtax.actions.AddShare.payableparentacct',NULL,NULL,NULL,NULL,NULL,NULL,NULL,'RPT_BASICINT_CURRENT_BRGY_SHARE','RPT BASIC PENALTY CURRENT BARANGAY SHARE',NULL,NULL,NULL),('RAP7280357:166235c1be7:-7f9c','RA7280357:166235c1be7:-7f9e','rptis.landtax.actions.AddShare.amtdue',NULL,NULL,NULL,NULL,'AMOUNT','expression',NULL,NULL,NULL,NULL,NULL,NULL),('RAP7280357:166235c1be7:-7f9d','RA7280357:166235c1be7:-7f9e','rptis.landtax.actions.AddShare.rate',NULL,NULL,NULL,NULL,'0.25','expression',NULL,NULL,NULL,NULL,NULL,NULL),('RAP7280357:166235c1be7:-7fa9','RA7280357:166235c1be7:-7fab','rptis.landtax.actions.CreateTaxSummary.rptledgeritem',NULL,NULL,'RC7280357:166235c1be7:-7faf','RLI',NULL,NULL,NULL,NULL,NULL,NULL,NULL,NULL),('RAP7280357:166235c1be7:-7faa','RA7280357:166235c1be7:-7fab','rptis.landtax.actions.CreateTaxSummary.revperiod',NULL,NULL,NULL,NULL,NULL,NULL,NULL,NULL,NULL,NULL,'advance',NULL),('RAP7280357:166235c1be7:-7fb0','RA7280357:166235c1be7:-7fb2','rptis.landtax.actions.CreateTaxSummary.rptledgeritem',NULL,NULL,'RC7280357:166235c1be7:-7fb6','RLI',NULL,NULL,NULL,NULL,NULL,NULL,NULL,NULL),('RAP7280357:166235c1be7:-7fb1','RA7280357:166235c1be7:-7fb2','rptis.landtax.actions.CreateTaxSummary.revperiod',NULL,NULL,NULL,NULL,NULL,NULL,NULL,NULL,NULL,NULL,'current',NULL),('RAP7280357:166235c1be7:-7fb7','RA7280357:166235c1be7:-7fb9','rptis.landtax.actions.SetBillExpiryDate.bill',NULL,NULL,'RC7280357:166235c1be7:-7fc0','BILL',NULL,NULL,NULL,NULL,NULL,NULL,NULL,NULL),('RAP7280357:166235c1be7:-7fb8','RA7280357:166235c1be7:-7fb9','rptis.landtax.actions.SetBillExpiryDate.expr',NULL,NULL,NULL,NULL,'@MONTHEND(@DATE(CY, 12, 1));','expression',NULL,NULL,NULL,NULL,NULL,NULL),('RAP7280357:166235c1be7:-7fca','RA7280357:166235c1be7:-7fcc','rptis.landtax.actions.CalcDiscount.rptledgeritem',NULL,NULL,'RC7280357:166235c1be7:-7fd4','RLI',NULL,NULL,NULL,NULL,NULL,NULL,NULL,NULL),('RAP7280357:166235c1be7:-7fcb','RA7280357:166235c1be7:-7fcc','rptis.landtax.actions.CalcDiscount.expr',NULL,NULL,NULL,NULL,'TAX * 0.20','expression',NULL,NULL,NULL,NULL,NULL,NULL),('RULACT-103fed47:146ffb40356:-7c4f','RACT-103fed47:146ffb40356:-7c51','ACTPARAM3e2b89cb:146ff734573:-7c34',NULL,NULL,NULL,NULL,'YRAPPRAISED - YRCOMPLETED','expression',NULL,NULL,NULL,NULL,NULL,NULL),('RULACT-103fed47:146ffb40356:-7c50','RACT-103fed47:146ffb40356:-7c51','ACTPARAM3e2b89cb:146ff734573:-7c3c',NULL,NULL,'RCOND-103fed47:146ffb40356:-7d40','RPU',NULL,NULL,NULL,NULL,NULL,NULL,NULL,NULL),('RULACT-1ab5357e:16407a10165:-757f','RACT-1ab5357e:16407a10165:-7585','rptis.landtax.actions.AddShare.rate',NULL,NULL,NULL,NULL,'0.50','expression',NULL,NULL,NULL,NULL,NULL,NULL),('RULACT-1ab5357e:16407a10165:-7580','RACT-1ab5357e:16407a10165:-7585','rptis.landtax.actions.AddShare.amtdue',NULL,NULL,NULL,NULL,'AMOUNT','expression',NULL,NULL,NULL,NULL,NULL,NULL),('RULACT-1ab5357e:16407a10165:-7581','RACT-1ab5357e:16407a10165:-7585','rptis.landtax.actions.AddShare.payableparentacct',NULL,NULL,NULL,NULL,NULL,NULL,NULL,'RPT_SEFINT_CURRENT_PROVINCE_SHARE','RPT SEF CURRENT PENALTY PROVINCE SHARE',NULL,NULL,NULL),('RULACT-1ab5357e:16407a10165:-7582','RACT-1ab5357e:16407a10165:-7585','rptis.landtax.actions.AddShare.orgid',NULL,NULL,'RCC6407baa3:164078ceff4:-7f47','PROVID',NULL,NULL,NULL,NULL,NULL,NULL,NULL,NULL),('RULACT-1ab5357e:16407a10165:-7583','RACT-1ab5357e:16407a10165:-7585','rptis.landtax.actions.AddShare.orgclass',NULL,NULL,NULL,NULL,NULL,NULL,NULL,NULL,NULL,NULL,'province',NULL),('RULACT-1ab5357e:16407a10165:-7584','RACT-1ab5357e:16407a10165:-7585','rptis.landtax.actions.AddShare.billitem',NULL,NULL,'RC6407baa3:164078ceff4:-7f4b','BILLITEM',NULL,NULL,NULL,NULL,NULL,NULL,NULL,NULL),('RULACT-1ab5357e:16407a10165:-76b4','RACT-1ab5357e:16407a10165:-76ba','rptis.landtax.actions.AddShare.rate',NULL,NULL,NULL,NULL,'0.50','expression',NULL,NULL,NULL,NULL,NULL,NULL),('RULACT-1ab5357e:16407a10165:-76b5','RACT-1ab5357e:16407a10165:-76ba','rptis.landtax.actions.AddShare.amtdue',NULL,NULL,NULL,NULL,'AMOUNT','expression',NULL,NULL,NULL,NULL,NULL,NULL),('RULACT-1ab5357e:16407a10165:-76b6','RACT-1ab5357e:16407a10165:-76ba','rptis.landtax.actions.AddShare.payableparentacct',NULL,NULL,NULL,NULL,NULL,NULL,NULL,'RPT_SEF_ADVANCE_PROVINCE_SHARE','RPT SEF ADVANCE PROVINCE SHARE',NULL,NULL,NULL),('RULACT-1ab5357e:16407a10165:-76b7','RACT-1ab5357e:16407a10165:-76ba','rptis.landtax.actions.AddShare.orgid',NULL,NULL,'RCC6407baa3:164078ceff4:-7f39','PROVID',NULL,NULL,NULL,NULL,NULL,NULL,NULL,NULL),('RULACT-1ab5357e:16407a10165:-76b8','RACT-1ab5357e:16407a10165:-76ba','rptis.landtax.actions.AddShare.orgclass',NULL,NULL,NULL,NULL,NULL,NULL,NULL,NULL,NULL,NULL,'province',NULL),('RULACT-1ab5357e:16407a10165:-76b9','RACT-1ab5357e:16407a10165:-76ba','rptis.landtax.actions.AddShare.billitem',NULL,NULL,'RC6407baa3:164078ceff4:-7f3d','BILLITEM',NULL,NULL,NULL,NULL,NULL,NULL,NULL,NULL),('RULACT-2486b0ca:146fff66c3e:-2adc','RACT-2486b0ca:146fff66c3e:-2ade','ACTPARAM-2486b0ca:146fff66c3e:-30fe',NULL,NULL,NULL,NULL,'@ROUND( BMV + ADJ - DEP  )','expression',NULL,NULL,NULL,NULL,NULL,NULL),('RULACT-2486b0ca:146fff66c3e:-2add','RACT-2486b0ca:146fff66c3e:-2ade','ACTPARAM-2486b0ca:146fff66c3e:-3105',NULL,NULL,'RCOND-2486b0ca:146fff66c3e:-2bf1','BU',NULL,NULL,NULL,NULL,NULL,NULL,NULL,NULL),('RULACT-2486b0ca:146fff66c3e:-37a0','RACT-2486b0ca:146fff66c3e:-37a2','ACTPARAM-2486b0ca:146fff66c3e:-7994',NULL,NULL,NULL,NULL,'@ROUND( BMV + ADJ )','expression',NULL,NULL,NULL,NULL,NULL,NULL),('RULACT-2486b0ca:146fff66c3e:-37a1','RACT-2486b0ca:146fff66c3e:-37a2','ACTPARAM-2486b0ca:146fff66c3e:-799f',NULL,NULL,'RCOND-2486b0ca:146fff66c3e:-3888','BF',NULL,NULL,NULL,NULL,NULL,NULL,NULL,NULL),('RULACT-2486b0ca:146fff66c3e:-3d30','RACT-2486b0ca:146fff66c3e:-3d32','ACTPARAM-2486b0ca:146fff66c3e:-4090',NULL,NULL,NULL,NULL,'@ROUND( (BMV + ADJUSTMENT ) * DPRATE   / 100.0  , 0)','expression',NULL,NULL,NULL,NULL,NULL,NULL),('RULACT-2486b0ca:146fff66c3e:-3d31','RACT-2486b0ca:146fff66c3e:-3d32','ACTPARAM-2486b0ca:146fff66c3e:-4351',NULL,NULL,'RCOND-2486b0ca:146fff66c3e:-3ed1','BU',NULL,NULL,NULL,NULL,NULL,NULL,NULL,NULL),('RULACT-2486b0ca:146fff66c3e:-6a10','RACT-2486b0ca:146fff66c3e:-6a12','ACTPARAM-2486b0ca:146fff66c3e:-79dc',NULL,NULL,NULL,NULL,'AREA * UV','expression',NULL,NULL,NULL,NULL,NULL,NULL),('RULACT-2486b0ca:146fff66c3e:-6a11','RACT-2486b0ca:146fff66c3e:-6a12','ACTPARAM-2486b0ca:146fff66c3e:-79e3',NULL,NULL,'RCOND-2486b0ca:146fff66c3e:-6aad','BF',NULL,NULL,NULL,NULL,NULL,NULL,NULL,NULL),('RULACT-24ff7cfb:1675d220a6c:-5897','RACT-24ff7cfb:1675d220a6c:-58b9','rptis.landtax.actions.CalcDiscount.expr',NULL,NULL,NULL,NULL,'0','expression',NULL,NULL,NULL,NULL,NULL,NULL),('RULACT-24ff7cfb:1675d220a6c:-58ab','RACT-24ff7cfb:1675d220a6c:-58b9','rptis.landtax.actions.CalcDiscount.rptledgeritem',NULL,NULL,'RCOND-24ff7cfb:1675d220a6c:-596b','RLI',NULL,NULL,NULL,NULL,NULL,NULL,NULL,NULL),('RULACT-24ff7cfb:1675d220a6c:-5d5c','RACT-24ff7cfb:1675d220a6c:-5d7e','rptis.landtax.actions.CalcDiscount.expr',NULL,NULL,NULL,NULL,'if(MONTH==1 && DAY <=20) return DISC;\nif(MONTH==4 && DAY <=20) return DISC;\nif(MONTH==7 && DAY <=20) return DISC;\nif(MONTH==10 &&  DAY <=20) return DISC;\nreturn 0.0;','expression',NULL,NULL,NULL,NULL,NULL,NULL),('RULACT-24ff7cfb:1675d220a6c:-5d70','RACT-24ff7cfb:1675d220a6c:-5d7e','rptis.landtax.actions.CalcDiscount.rptledgeritem',NULL,NULL,'RCOND-24ff7cfb:1675d220a6c:-614d','RLI',NULL,NULL,NULL,NULL,NULL,NULL,NULL,NULL),('RULACT-24ff7cfb:1675d220a6c:-7089','RACT-24ff7cfb:1675d220a6c:-70ab','rptis.landtax.actions.CalcDiscount.expr',NULL,NULL,NULL,NULL,'TAX * 0.20','expression',NULL,NULL,NULL,NULL,NULL,NULL),('RULACT-24ff7cfb:1675d220a6c:-709d','RACT-24ff7cfb:1675d220a6c:-70ab','rptis.landtax.actions.CalcDiscount.rptledgeritem',NULL,NULL,'RCOND-24ff7cfb:1675d220a6c:-7716','RLI',NULL,NULL,NULL,NULL,NULL,NULL,NULL,NULL),('RULACT-28dc975:156bcab666c:-5e3a','RACT-28dc975:156bcab666c:-5e3c','ACTPARAM-3e8edbea:156bc08656a:-60da',NULL,NULL,NULL,NULL,'@ROUNDTOTEN( AV  )','expression',NULL,NULL,NULL,NULL,NULL,NULL),('RULACT-28dc975:156bcab666c:-5e3b','RACT-28dc975:156bcab666c:-5e3c','ACTPARAM-3e8edbea:156bc08656a:-60e2',NULL,NULL,'RCOND-28dc975:156bcab666c:-6051','RPU',NULL,NULL,NULL,NULL,NULL,NULL,NULL,NULL),('RULACT-2ede6703:16642adb9ce:-7926','RACT-2ede6703:16642adb9ce:-794c','rptis.landtax.actions.SetBillExpiryDate.expr',NULL,NULL,NULL,NULL,'@MONTHEND( BILLDATE )','expression',NULL,NULL,NULL,NULL,NULL,NULL),('RULACT-2ede6703:16642adb9ce:-793c','RACT-2ede6703:16642adb9ce:-794c','rptis.landtax.actions.SetBillExpiryDate.bill',NULL,NULL,'RCOND-2ede6703:16642adb9ce:-7a39','BILL',NULL,NULL,NULL,NULL,NULL,NULL,NULL,NULL),('RULACT-408f6635:16623fa566b:-798a','RACT-408f6635:16623fa566b:-7ad3','rptis.landtax.actions.AddShare.rate',NULL,NULL,NULL,NULL,'0.25','expression',NULL,NULL,NULL,NULL,NULL,NULL),('RULACT-408f6635:16623fa566b:-79eb','RACT-408f6635:16623fa566b:-7ad3','rptis.landtax.actions.AddShare.amtdue',NULL,NULL,NULL,NULL,'AMOUNT','expression',NULL,NULL,NULL,NULL,NULL,NULL),('RULACT-408f6635:16623fa566b:-7a2d','RACT-408f6635:16623fa566b:-7ad3','rptis.landtax.actions.AddShare.payableparentacct',NULL,NULL,NULL,NULL,NULL,NULL,NULL,'RPT_BASIC_ADVANCE_BRGY_SHARE','RPT BASIC ADVANCE BARANGAY SHARE',NULL,NULL,NULL),('RULACT-408f6635:16623fa566b:-7a5d','RACT-408f6635:16623fa566b:-7ad3','rptis.landtax.actions.AddShare.orgid',NULL,NULL,'RCONST-5355b1d6:1662990040c:-6c92','BRGYID',NULL,NULL,NULL,NULL,NULL,NULL,NULL,NULL),('RULACT-408f6635:16623fa566b:-7a89','RACT-408f6635:16623fa566b:-7ad3','rptis.landtax.actions.AddShare.orgclass',NULL,NULL,NULL,NULL,NULL,NULL,NULL,NULL,NULL,NULL,'barangay',NULL),('RULACT-408f6635:16623fa566b:-7ab3','RACT-408f6635:16623fa566b:-7ad3','rptis.landtax.actions.AddShare.billitem',NULL,NULL,'RCOND-408f6635:16623fa566b:-7c9e','BILLITEM',NULL,NULL,NULL,NULL,NULL,NULL,NULL,NULL),('RULACT-46fca07e:14c545f3e6a:-32ce','RACT-46fca07e:14c545f3e6a:-32d0','ACTPARAM-2486b0ca:146fff66c3e:-79dc',NULL,NULL,NULL,NULL,'@ROUND( BMV, 0)','expression',NULL,NULL,NULL,NULL,NULL,NULL),('RULACT-46fca07e:14c545f3e6a:-32cf','RACT-46fca07e:14c545f3e6a:-32d0','ACTPARAM-2486b0ca:146fff66c3e:-79e3',NULL,NULL,'RCOND-46fca07e:14c545f3e6a:-3353','BF',NULL,NULL,NULL,NULL,NULL,NULL,NULL,NULL),('RULACT-46fca07e:14c545f3e6a:-3420','RACT-46fca07e:14c545f3e6a:-3422','ACTPARAM-60c99d04:1470b276e7f:-7c0e',NULL,NULL,NULL,NULL,'@ROUND(BMV, 0)','expression',NULL,NULL,NULL,NULL,NULL,NULL),('RULACT-46fca07e:14c545f3e6a:-3421','RACT-46fca07e:14c545f3e6a:-3422','ACTPARAM-60c99d04:1470b276e7f:-7c15',NULL,NULL,'RCOND-46fca07e:14c545f3e6a:-34b0','BU',NULL,NULL,NULL,NULL,NULL,NULL,NULL,NULL),('RULACT-46fca07e:14c545f3e6a:-763b','RACT-46fca07e:14c545f3e6a:-763d','ACTPARAM-21ad68c1:146fc2282bb:-7b30',NULL,NULL,NULL,NULL,'@ROUND( BMV + ADJ, 2)','expression',NULL,NULL,NULL,NULL,NULL,NULL),('RULACT-46fca07e:14c545f3e6a:-763c','RACT-46fca07e:14c545f3e6a:-763d','ACTPARAM-21ad68c1:146fc2282bb:-7b39',NULL,NULL,'RCOND-46fca07e:14c545f3e6a:-7707','LA',NULL,NULL,NULL,NULL,NULL,NULL,NULL,NULL),('RULACT-46fca07e:14c545f3e6a:-77b8','RACT-46fca07e:14c545f3e6a:-77ba','ACTPARAM3afe51b9:146f7088d9c:-6b8d',NULL,NULL,NULL,NULL,'@ROUND( AREA * UV, 2)','expression',NULL,NULL,NULL,NULL,NULL,NULL),('RULACT-46fca07e:14c545f3e6a:-77b9','RACT-46fca07e:14c545f3e6a:-77ba','ACTPARAM3afe51b9:146f7088d9c:-6459',NULL,NULL,'RCOND-46fca07e:14c545f3e6a:-786f','LA',NULL,NULL,NULL,NULL,NULL,NULL,NULL,NULL),('RULACT-57007687:1750090229e:-77db','RACT-57007687:1750090229e:-783d','rptis.landtax.actions.CalcInterest.expr',NULL,NULL,NULL,NULL,'TAX * 0.0506','expression',NULL,NULL,NULL,NULL,NULL,NULL),('RULACT-57007687:1750090229e:-782d','RACT-57007687:1750090229e:-783d','rptis.landtax.actions.CalcInterest.rptledgeritem',NULL,NULL,'RCOND-57007687:1750090229e:-7c9c','RLI',NULL,NULL,NULL,NULL,NULL,NULL,NULL,NULL),('RULACT-5e76cf73:14d69e9c549:-6e11','RACT-5e76cf73:14d69e9c549:-6e13','ACTPARAM-5e76cf73:14d69e9c549:-72ae',NULL,NULL,NULL,NULL,'@ROUND( LVADJ, 2)','expression',NULL,NULL,NULL,NULL,NULL,NULL),('RULACT-5e76cf73:14d69e9c549:-6e12','RACT-5e76cf73:14d69e9c549:-6e13','ACTPARAM-5e76cf73:14d69e9c549:-72b5',NULL,NULL,'RCOND-5e76cf73:14d69e9c549:-701c','LA',NULL,NULL,NULL,NULL,NULL,NULL,NULL,NULL),('RULACT-5e76cf73:14d69e9c549:-6e71','RACT-5e76cf73:14d69e9c549:-6e73','ACTPARAM-5e76cf73:14d69e9c549:-7222',NULL,NULL,NULL,NULL,'@ROUND( AUADJ, 2)','expression',NULL,NULL,NULL,NULL,NULL,NULL),('RULACT-5e76cf73:14d69e9c549:-6e72','RACT-5e76cf73:14d69e9c549:-6e73','ACTPARAM-5e76cf73:14d69e9c549:-7229',NULL,NULL,'RCOND-5e76cf73:14d69e9c549:-701c','LA',NULL,NULL,NULL,NULL,NULL,NULL,NULL,NULL),('RULACT-5e76cf73:14d69e9c549:-6ecc','RACT-5e76cf73:14d69e9c549:-6ece','ACTPARAM-5e76cf73:14d69e9c549:-71d5',NULL,NULL,NULL,NULL,'@ROUND( ADJ, 2)','expression',NULL,NULL,NULL,NULL,NULL,NULL),('RULACT-5e76cf73:14d69e9c549:-6ecd','RACT-5e76cf73:14d69e9c549:-6ece','ACTPARAM-5e76cf73:14d69e9c549:-71dc',NULL,NULL,'RCOND-5e76cf73:14d69e9c549:-701c','LA',NULL,NULL,NULL,NULL,NULL,NULL,NULL,NULL),('RULACT-5e76cf73:14d69e9c549:-7d12','RACT-5e76cf73:14d69e9c549:-7d14','ACTPARAM-5e76cf73:14d69e9c549:-7d9d',NULL,NULL,NULL,NULL,'@ROUND( ADJAMOUNT, 2)','expression',NULL,NULL,NULL,NULL,NULL,NULL),('RULACT-5e76cf73:14d69e9c549:-7d13','RACT-5e76cf73:14d69e9c549:-7d14','ACTPARAM-5e76cf73:14d69e9c549:-7da4',NULL,NULL,'RCOND-5e76cf73:14d69e9c549:-7e5d','ADJ',NULL,NULL,NULL,NULL,NULL,NULL,NULL,NULL),('RULACT-5f7d7056:164efef9fba:-6315','RACT-5f7d7056:164efef9fba:-6317',NULL,NULL,NULL,NULL,NULL,NULL,NULL,NULL,NULL,NULL,NULL,NULL,NULL),('RULACT-5f7d7056:164efef9fba:-6316','RACT-5f7d7056:164efef9fba:-6317','ACTPARAM-2486b0ca:146fff66c3e:-45b0',NULL,NULL,'RCOND-2486b0ca:146fff66c3e:-445d','BS',NULL,NULL,NULL,NULL,NULL,NULL,NULL,NULL),('RULACT-60c99d04:1470b276e7f:-7a50','RACT-60c99d04:1470b276e7f:-7a52','ACTPARAM-60c99d04:1470b276e7f:-7c0e',NULL,NULL,NULL,NULL,'@ROUND( BUAREA * BASEVALUE  )','expression',NULL,NULL,NULL,NULL,NULL,NULL),('RULACT-60c99d04:1470b276e7f:-7a51','RACT-60c99d04:1470b276e7f:-7a52','ACTPARAM-60c99d04:1470b276e7f:-7c15',NULL,NULL,'RCOND-60c99d04:1470b276e7f:-7dd3','BU',NULL,NULL,NULL,NULL,NULL,NULL,NULL,NULL),('RULACT-6c4ec747:154bd626092:-4448','RACT-6c4ec747:154bd626092:-444a','ACTPARAM1e772168:14c5a447e35:-7e9d',NULL,NULL,NULL,NULL,'@ROUND(SWORNAMT, 0)','expression',NULL,NULL,NULL,NULL,NULL,NULL),('RULACT-6c4ec747:154bd626092:-4449','RACT-6c4ec747:154bd626092:-444a','ACTPARAM1e772168:14c5a447e35:-7ea4',NULL,NULL,'RCOND-6c4ec747:154bd626092:-55c3','MACH',NULL,NULL,NULL,NULL,NULL,NULL,NULL,NULL),('RULACT-6c4ec747:154bd626092:-54b7','RACT-6c4ec747:154bd626092:-54b9','ACTPARAM1e772168:14c5a447e35:-7ebf',NULL,NULL,NULL,NULL,'@ROUND(SWORNAMT, 0)','expression',NULL,NULL,NULL,NULL,NULL,NULL),('RULACT-6c4ec747:154bd626092:-54b8','RACT-6c4ec747:154bd626092:-54b9','ACTPARAM1e772168:14c5a447e35:-7ec6',NULL,NULL,'RCOND-6c4ec747:154bd626092:-55c3','MACH',NULL,NULL,NULL,NULL,NULL,NULL,NULL,NULL),('RULACT-762e9176:15d067a9c42:-58a4','RACT-762e9176:15d067a9c42:-58a6','ACTPARAM-3e8edbea:156bc08656a:-60da',NULL,NULL,NULL,NULL,'@ROUNDTOTEN( TOTALAV)','expression',NULL,NULL,NULL,NULL,NULL,NULL),('RULACT-762e9176:15d067a9c42:-58a5','RACT-762e9176:15d067a9c42:-58a6','ACTPARAM-3e8edbea:156bc08656a:-60e2',NULL,NULL,'RCOND-762e9176:15d067a9c42:-5928','RPU',NULL,NULL,NULL,NULL,NULL,NULL,NULL,NULL),('RULACT-762e9176:15d067a9c42:-5b1e','RACT-762e9176:15d067a9c42:-5b22','ACTPARAM1b4af871:14e3cc46e09:-33b8',NULL,NULL,NULL,NULL,'AV','expression',NULL,NULL,NULL,NULL,NULL,NULL),('RULACT-762e9176:15d067a9c42:-5b1f','RACT-762e9176:15d067a9c42:-5b22','ACTPARAM1b4af871:14e3cc46e09:-341d',NULL,NULL,NULL,NULL,NULL,NULL,NULL,NULL,NULL,NULL,'sum',NULL),('RULACT-762e9176:15d067a9c42:-5b20','RACT-762e9176:15d067a9c42:-5b22','ACTPARAM1b4af871:14e3cc46e09:-342a',NULL,NULL,NULL,NULL,NULL,NULL,NULL,'P-79a9a347:15cfcae84de:-5edb','TOTAL_AV',NULL,NULL,NULL),('RULACT-762e9176:15d067a9c42:-5b21','RACT-762e9176:15d067a9c42:-5b22','ACTPARAM1b4af871:14e3cc46e09:-343a',NULL,NULL,'RCONST-762e9176:15d067a9c42:-5d1b','RPUID',NULL,NULL,NULL,NULL,NULL,NULL,NULL,NULL),('RULACT-79a9a347:15cfcae84de:-1c98','RACT-79a9a347:15cfcae84de:-1c9a','ACTPARAM-3e8edbea:156bc08656a:-60da',NULL,NULL,NULL,NULL,'@ROUNDTOTEN(TOTALAV)','expression',NULL,NULL,NULL,NULL,NULL,NULL),('RULACT-79a9a347:15cfcae84de:-1c99','RACT-79a9a347:15cfcae84de:-1c9a','ACTPARAM-3e8edbea:156bc08656a:-60e2',NULL,NULL,'RCOND-79a9a347:15cfcae84de:-1e8b','RPU',NULL,NULL,NULL,NULL,NULL,NULL,NULL,NULL),('RULACT-79a9a347:15cfcae84de:-1f41','RACT-79a9a347:15cfcae84de:-1f45','ACTPARAM1b4af871:14e3cc46e09:-33b8',NULL,NULL,NULL,NULL,'AV','expression',NULL,NULL,NULL,NULL,NULL,NULL),('RULACT-79a9a347:15cfcae84de:-1f42','RACT-79a9a347:15cfcae84de:-1f45','ACTPARAM1b4af871:14e3cc46e09:-341d',NULL,NULL,NULL,NULL,NULL,NULL,NULL,NULL,NULL,NULL,'sum',NULL),('RULACT-79a9a347:15cfcae84de:-1f43','RACT-79a9a347:15cfcae84de:-1f45','ACTPARAM1b4af871:14e3cc46e09:-342a',NULL,NULL,NULL,NULL,NULL,NULL,NULL,'P-79a9a347:15cfcae84de:-5edb','TOTAL_AV',NULL,NULL,NULL),('RULACT-79a9a347:15cfcae84de:-1f44','RACT-79a9a347:15cfcae84de:-1f45','ACTPARAM1b4af871:14e3cc46e09:-343a',NULL,NULL,'RCONST-79a9a347:15cfcae84de:-c0a','RPUID',NULL,NULL,NULL,NULL,NULL,NULL,NULL,NULL),('RULACT-79a9a347:15cfcae84de:-525','RACT-79a9a347:15cfcae84de:-527','ACTPARAM1e772168:14c5a447e35:-7e16',NULL,NULL,NULL,NULL,'@ROUND(MV * AL  / 100.0, 2);','expression',NULL,NULL,NULL,NULL,NULL,NULL),('RULACT-79a9a347:15cfcae84de:-526','RACT-79a9a347:15cfcae84de:-527','ACTPARAM1e772168:14c5a447e35:-7e1d',NULL,NULL,'RCOND-79a9a347:15cfcae84de:-928','MACH',NULL,NULL,NULL,NULL,NULL,NULL,NULL,NULL),('RULACT-79a9a347:15cfcae84de:-5e18','RACT-79a9a347:15cfcae84de:-5e1c','ACTPARAM1b4af871:14e3cc46e09:-33b8',NULL,NULL,NULL,NULL,'AV','expression',NULL,NULL,NULL,NULL,NULL,NULL),('RULACT-79a9a347:15cfcae84de:-5e19','RACT-79a9a347:15cfcae84de:-5e1c','ACTPARAM1b4af871:14e3cc46e09:-341d',NULL,NULL,NULL,NULL,NULL,NULL,NULL,NULL,NULL,NULL,'sum',NULL),('RULACT-79a9a347:15cfcae84de:-5e1a','RACT-79a9a347:15cfcae84de:-5e1c','ACTPARAM1b4af871:14e3cc46e09:-342a',NULL,NULL,NULL,NULL,NULL,NULL,NULL,'P-79a9a347:15cfcae84de:-5edb','TOTAL_AV',NULL,NULL,NULL),('RULACT-79a9a347:15cfcae84de:-5e1b','RACT-79a9a347:15cfcae84de:-5e1c','ACTPARAM1b4af871:14e3cc46e09:-343a',NULL,NULL,'RCONST-79a9a347:15cfcae84de:-61bf','RPUID',NULL,NULL,NULL,NULL,NULL,NULL,NULL,NULL),('RULACT-79a9a347:15cfcae84de:-6d84','RACT-79a9a347:15cfcae84de:-6d86','ACTPARAM-3e8edbea:156bc08656a:-60da',NULL,NULL,NULL,NULL,'@ROUNDTOTEN(AV );','expression',NULL,NULL,NULL,NULL,NULL,NULL),('RULACT-79a9a347:15cfcae84de:-6d85','RACT-79a9a347:15cfcae84de:-6d86','ACTPARAM-3e8edbea:156bc08656a:-60e2',NULL,NULL,'RCOND-79a9a347:15cfcae84de:-6ebc','RPU',NULL,NULL,NULL,NULL,NULL,NULL,NULL,NULL),('RULACT-79a9a347:15cfcae84de:1101','RACT-79a9a347:15cfcae84de:1100','ACTPARAM6b62feef:14c53ac1f59:-7e23',NULL,NULL,'RCOND-79a9a347:15cfcae84de:fb4','PTD',NULL,NULL,NULL,NULL,NULL,NULL,NULL,NULL),('RULACT-79a9a347:15cfcae84de:1102','RACT-79a9a347:15cfcae84de:1100','ACTPARAM6b62feef:14c53ac1f59:-7e1c',NULL,NULL,NULL,NULL,'@ROUND(MV * AL / 100.0);','expression',NULL,NULL,NULL,NULL,NULL,NULL),('RULACT-79a9a347:15cfcae84de:514f','RACT-79a9a347:15cfcae84de:514e','ACTPARAM1b4af871:14e3cc46e09:-343a',NULL,NULL,'RCONST-79a9a347:15cfcae84de:50f0','RPUID',NULL,NULL,NULL,NULL,NULL,NULL,NULL,NULL),('RULACT-79a9a347:15cfcae84de:5150','RACT-79a9a347:15cfcae84de:514e','ACTPARAM1b4af871:14e3cc46e09:-342a',NULL,NULL,NULL,NULL,NULL,NULL,NULL,'P-79a9a347:15cfcae84de:-5edb','TOTAL_AV',NULL,NULL,NULL),('RULACT-79a9a347:15cfcae84de:5151','RACT-79a9a347:15cfcae84de:514e','ACTPARAM1b4af871:14e3cc46e09:-341d',NULL,NULL,NULL,NULL,NULL,NULL,NULL,NULL,NULL,NULL,'sum',NULL),('RULACT-79a9a347:15cfcae84de:5152','RACT-79a9a347:15cfcae84de:514e','ACTPARAM1b4af871:14e3cc46e09:-33b8',NULL,NULL,NULL,NULL,'AV','expression',NULL,NULL,NULL,NULL,NULL,NULL),('RULACT-79a9a347:15cfcae84de:56d8','RACT-79a9a347:15cfcae84de:56d7','ACTPARAM-3e8edbea:156bc08656a:-60e2',NULL,NULL,'RCOND-79a9a347:15cfcae84de:553c','RPU',NULL,NULL,NULL,NULL,NULL,NULL,NULL,NULL),('RULACT-79a9a347:15cfcae84de:56d9','RACT-79a9a347:15cfcae84de:56d7','ACTPARAM-3e8edbea:156bc08656a:-60da',NULL,NULL,NULL,NULL,'@ROUNDTOTEN(TOTALAV)','expression',NULL,NULL,NULL,NULL,NULL,NULL),('RULACT-a35dd35:14e51ec3311:-5c19','RACT-a35dd35:14e51ec3311:-5c1b','ACTPARAM1b4af871:14e3cc46e09:-35ba',NULL,NULL,NULL,NULL,'SWORNAMT * (100 - DPRATE ) / 100.0','expression',NULL,NULL,NULL,NULL,NULL,NULL),('RULACT-a35dd35:14e51ec3311:-5c1a','RACT-a35dd35:14e51ec3311:-5c1b','ACTPARAM1b4af871:14e3cc46e09:-35c1',NULL,NULL,'RCOND-a35dd35:14e51ec3311:-5d14','MRPU',NULL,NULL,NULL,NULL,NULL,NULL,NULL,NULL),('RULACT-a35dd35:14e51ec3311:-5c75','RACT-a35dd35:14e51ec3311:-5c77','ACTPARAM1b4af871:14e3cc46e09:-35fc',NULL,NULL,NULL,NULL,'SWORNAMT * (100 - DPRATE ) / 100.0','expression',NULL,NULL,NULL,NULL,NULL,NULL),('RULACT-a35dd35:14e51ec3311:-5c76','RACT-a35dd35:14e51ec3311:-5c77','ACTPARAM1b4af871:14e3cc46e09:-3603',NULL,NULL,'RCOND-a35dd35:14e51ec3311:-5d14','MRPU',NULL,NULL,NULL,NULL,NULL,NULL,NULL,NULL),('RULACT1441128c:1471efa4c1c:-6b96','RACT1441128c:1471efa4c1c:-6b97','ACTPARAM-39192c48:1471ebc2797:-7da1',NULL,NULL,'RCOND1441128c:1471efa4c1c:-6c2f','BA',NULL,NULL,NULL,NULL,NULL,NULL,NULL,NULL),('RULACT1441128c:1471efa4c1c:-6ce5','RACT1441128c:1471efa4c1c:-6ce7','ACTPARAM-39192c48:1471ebc2797:-7dd8',NULL,NULL,'RCONST1441128c:1471efa4c1c:-6d47','ACTUALUSE',NULL,NULL,NULL,NULL,NULL,NULL,NULL,NULL),('RULACT1441128c:1471efa4c1c:-6ce6','RACT1441128c:1471efa4c1c:-6ce7','ACTPARAM-39192c48:1471ebc2797:-7de1',NULL,NULL,'RCOND1441128c:1471efa4c1c:-6d84','BU',NULL,NULL,NULL,NULL,NULL,NULL,NULL,NULL),('RULACT1b4af871:14e3cc46e09:-2eed','RACT1b4af871:14e3cc46e09:-2ef1','ACTPARAM1b4af871:14e3cc46e09:-33b8',NULL,NULL,NULL,NULL,'MV','expression',NULL,NULL,NULL,NULL,NULL,NULL),('RULACT1b4af871:14e3cc46e09:-2eee','RACT1b4af871:14e3cc46e09:-2ef1','ACTPARAM1b4af871:14e3cc46e09:-341d',NULL,NULL,NULL,NULL,NULL,NULL,NULL,NULL,NULL,NULL,'sum',NULL),('RULACT1b4af871:14e3cc46e09:-2eef','RACT1b4af871:14e3cc46e09:-2ef1','ACTPARAM1b4af871:14e3cc46e09:-342a',NULL,NULL,NULL,NULL,NULL,NULL,NULL,'TOTAL_MV','TOTAL_MV',NULL,NULL,NULL),('RULACT1b4af871:14e3cc46e09:-2ef0','RACT1b4af871:14e3cc46e09:-2ef1','ACTPARAM1b4af871:14e3cc46e09:-343a',NULL,NULL,'RCONST49a3c540:14e51feb8f6:-67ae','REFID',NULL,NULL,NULL,NULL,NULL,NULL,NULL,NULL),('RULACT1b4af871:14e3cc46e09:-318d','RACT1b4af871:14e3cc46e09:-3191','ACTPARAM1b4af871:14e3cc46e09:-33b8',NULL,NULL,NULL,NULL,'BMV','expression',NULL,NULL,NULL,NULL,NULL,NULL),('RULACT1b4af871:14e3cc46e09:-318e','RACT1b4af871:14e3cc46e09:-3191','ACTPARAM1b4af871:14e3cc46e09:-341d',NULL,NULL,NULL,NULL,NULL,NULL,NULL,NULL,NULL,NULL,'sum',NULL),('RULACT1b4af871:14e3cc46e09:-318f','RACT1b4af871:14e3cc46e09:-3191','ACTPARAM1b4af871:14e3cc46e09:-342a',NULL,NULL,NULL,NULL,NULL,NULL,NULL,'TOTAL_BMV','TOTAL_BMV',NULL,NULL,NULL),('RULACT1b4af871:14e3cc46e09:-3190','RACT1b4af871:14e3cc46e09:-3191','ACTPARAM1b4af871:14e3cc46e09:-343a',NULL,NULL,'RCONST49a3c540:14e51feb8f6:-6bc7','REFID',NULL,NULL,NULL,NULL,NULL,NULL,NULL,NULL),('RULACT1e772168:14c5a447e35:-6570','RACT1e772168:14c5a447e35:-6572','ACTPARAM1e772168:14c5a447e35:-66ee',NULL,NULL,NULL,NULL,'@ROUND( DEP, 0)','expression',NULL,NULL,NULL,NULL,NULL,NULL),('RULACT1e772168:14c5a447e35:-6571','RACT1e772168:14c5a447e35:-6572','ACTPARAM1e772168:14c5a447e35:-66f5',NULL,NULL,'RCOND1e772168:14c5a447e35:-65bc','MACH',NULL,NULL,NULL,NULL,NULL,NULL,NULL,NULL),('RULACT1e772168:14c5a447e35:-6cb8','RACT1e772168:14c5a447e35:-6cba','ACTPARAM1e772168:14c5a447e35:-7e9d',NULL,NULL,NULL,NULL,'@ROUND( MV, 0)','expression',NULL,NULL,NULL,NULL,NULL,NULL),('RULACT1e772168:14c5a447e35:-6cb9','RACT1e772168:14c5a447e35:-6cba','ACTPARAM1e772168:14c5a447e35:-7ea4',NULL,NULL,'RCOND1e772168:14c5a447e35:-6cfc','MACH',NULL,NULL,NULL,NULL,NULL,NULL,NULL,NULL),('RULACT1e772168:14c5a447e35:-7d90','RACT1e772168:14c5a447e35:-7d92','ACTPARAM1e772168:14c5a447e35:-7ebf',NULL,NULL,NULL,NULL,'@ROUND( BMV, 0)','expression',NULL,NULL,NULL,NULL,NULL,NULL),('RULACT1e772168:14c5a447e35:-7d91','RACT1e772168:14c5a447e35:-7d92','ACTPARAM1e772168:14c5a447e35:-7ec6',NULL,NULL,'RCOND1e772168:14c5a447e35:-7dce','MACH',NULL,NULL,NULL,NULL,NULL,NULL,NULL,NULL),('RULACT37c09be1:17e1d5e3d87:-7335','RACT37c09be1:17e1d5e3d87:-7357','rptis.landtax.actions.CalcDiscount.expr',NULL,NULL,NULL,NULL,'TX * 0.20','expression',NULL,NULL,NULL,NULL,NULL,NULL),('RULACT37c09be1:17e1d5e3d87:-7349','RACT37c09be1:17e1d5e3d87:-7357','rptis.landtax.actions.CalcDiscount.rptledgeritem',NULL,NULL,'RCOND37c09be1:17e1d5e3d87:-7947','RLI',NULL,NULL,NULL,NULL,NULL,NULL,NULL,NULL),('RULACT37df8403:14c5405fff0:-762c','RACT37df8403:14c5405fff0:-762e','ACTPARAM6b62feef:14c53ac1f59:-7e90',NULL,NULL,NULL,NULL,'@ROUND( BMV, 0  )','expression',NULL,NULL,NULL,NULL,NULL,NULL),('RULACT37df8403:14c5405fff0:-762d','RACT37df8403:14c5405fff0:-762e','ACTPARAM6b62feef:14c53ac1f59:-7e97',NULL,NULL,'RCOND37df8403:14c5405fff0:-7693','PTD',NULL,NULL,NULL,NULL,NULL,NULL,NULL,NULL),('RULACT3b800abe:14d2b978f55:-60fc','RACT3b800abe:14d2b978f55:-60fe','ACTPARAM-2486b0ca:146fff66c3e:-30fe',NULL,NULL,NULL,NULL,'@ROUND(MV, 0)','expression',NULL,NULL,NULL,NULL,NULL,NULL),('RULACT3b800abe:14d2b978f55:-60fd','RACT3b800abe:14d2b978f55:-60fe','ACTPARAM-2486b0ca:146fff66c3e:-3105',NULL,NULL,'RCOND3b800abe:14d2b978f55:-6196','BU',NULL,NULL,NULL,NULL,NULL,NULL,NULL,NULL),('RULACT3b800abe:14d2b978f55:-627b','RACT3b800abe:14d2b978f55:-627d','ACTPARAM-2486b0ca:146fff66c3e:-7994',NULL,NULL,NULL,NULL,'@ROUND( MV , 0)','expression',NULL,NULL,NULL,NULL,NULL,NULL),('RULACT3b800abe:14d2b978f55:-627c','RACT3b800abe:14d2b978f55:-627d','ACTPARAM-2486b0ca:146fff66c3e:-799f',NULL,NULL,'RCOND3b800abe:14d2b978f55:-6339','BF',NULL,NULL,NULL,NULL,NULL,NULL,NULL,NULL),('RULACT3b800abe:14d2b978f55:-7c62','RACT3b800abe:14d2b978f55:-7c65','ACTPARAM-2486b0ca:146fff66c3e:-7204',NULL,NULL,NULL,NULL,'@ROUND(ADJAMOUNT, 0)','expression',NULL,NULL,NULL,NULL,NULL,NULL),('RULACT3b800abe:14d2b978f55:-7c63','RACT3b800abe:14d2b978f55:-7c65','ACTPARAM102ab3e1:147190e9fe4:-f75',NULL,NULL,NULL,NULL,NULL,NULL,NULL,NULL,NULL,NULL,NULL,NULL),('RULACT3b800abe:14d2b978f55:-7c64','RACT3b800abe:14d2b978f55:-7c65','ACTPARAM-2486b0ca:146fff66c3e:-7224',NULL,NULL,'RCOND3b800abe:14d2b978f55:-7d69','ADJ',NULL,NULL,NULL,NULL,NULL,NULL,NULL,NULL),('RULACT3fb43b91:14ccf782188:-5ed1','RACT3fb43b91:14ccf782188:-5ed3','ACTPARAM6b62feef:14c53ac1f59:-7e6d',NULL,NULL,NULL,NULL,'@ROUND( BMV * ADJRATE / 100.0, 0)','expression',NULL,NULL,NULL,NULL,NULL,NULL),('RULACT3fb43b91:14ccf782188:-5ed2','RACT3fb43b91:14ccf782188:-5ed3','ACTPARAM6b62feef:14c53ac1f59:-7e74',NULL,NULL,'RCOND3fb43b91:14ccf782188:-5fd2','PTD',NULL,NULL,NULL,NULL,NULL,NULL,NULL,NULL),('RULACT49a3c540:14e51feb8f6:-75aa','RACT49a3c540:14e51feb8f6:-75ac','ACTPARAM1b4af871:14e3cc46e09:-35ba',NULL,NULL,NULL,NULL,'TOTALMV','expression',NULL,NULL,NULL,NULL,NULL,NULL),('RULACT49a3c540:14e51feb8f6:-75ab','RACT49a3c540:14e51feb8f6:-75ac','ACTPARAM1b4af871:14e3cc46e09:-35c1',NULL,NULL,'RCOND49a3c540:14e51feb8f6:-779a','MRPU',NULL,NULL,NULL,NULL,NULL,NULL,NULL,NULL),('RULACT49a3c540:14e51feb8f6:-760e','RACT49a3c540:14e51feb8f6:-7610','ACTPARAM1b4af871:14e3cc46e09:-35fc',NULL,NULL,NULL,NULL,'TOTALBMV','expression',NULL,NULL,NULL,NULL,NULL,NULL),('RULACT49a3c540:14e51feb8f6:-760f','RACT49a3c540:14e51feb8f6:-7610','ACTPARAM1b4af871:14e3cc46e09:-3603',NULL,NULL,'RCOND49a3c540:14e51feb8f6:-779a','MRPU',NULL,NULL,NULL,NULL,NULL,NULL,NULL,NULL),('RULACT4bf973aa:1562a233196:-4d24','RACT4bf973aa:1562a233196:-4d26','ACTPARAM1e772168:14c5a447e35:-66ee',NULL,NULL,NULL,NULL,'SWORNAMT * DEPRATE / 100','expression',NULL,NULL,NULL,NULL,NULL,NULL),('RULACT4bf973aa:1562a233196:-4d25','RACT4bf973aa:1562a233196:-4d26','ACTPARAM1e772168:14c5a447e35:-66f5',NULL,NULL,'RCOND4bf973aa:1562a233196:-500e','MACH',NULL,NULL,NULL,NULL,NULL,NULL,NULL,NULL),('RULACT4e46261d:14f924c6b53:-7b47','RACT4e46261d:14f924c6b53:-7b49','ACTPARAM-2486b0ca:146fff66c3e:-4090',NULL,NULL,NULL,NULL,'@ROUND( (SWORNAMT + ADJUSTMENT)  * DPRATE / 100.0, 0)','expression',NULL,NULL,NULL,NULL,NULL,NULL),('RULACT4e46261d:14f924c6b53:-7b48','RACT4e46261d:14f924c6b53:-7b49','ACTPARAM-2486b0ca:146fff66c3e:-4351',NULL,NULL,'RCOND4e46261d:14f924c6b53:-7c57','BU',NULL,NULL,NULL,NULL,NULL,NULL,NULL,NULL),('RULACT5022d8ba:1589ae965a4:-7a41','RACT5022d8ba:1589ae965a4:-7a42','ACTPARAM5022d8ba:1589ae965a4:-7aee',NULL,NULL,'RCOND5022d8ba:1589ae965a4:-7c5c','PTD',NULL,NULL,NULL,NULL,NULL,NULL,NULL,NULL),('RULACT59614e16:14c5e56ecc8:-7c0a','RACT59614e16:14c5e56ecc8:-7c0c','ACTPARAM59614e16:14c5e56ecc8:-7f0a',NULL,NULL,NULL,NULL,'@ROUND( BMV - DEP , 2)','expression',NULL,NULL,NULL,NULL,NULL,NULL),('RULACT59614e16:14c5e56ecc8:-7c0b','RACT59614e16:14c5e56ecc8:-7c0c','ACTPARAM59614e16:14c5e56ecc8:-7f11',NULL,NULL,'RCOND59614e16:14c5e56ecc8:-7c8f','MI',NULL,NULL,NULL,NULL,NULL,NULL,NULL,NULL),('RULACT59614e16:14c5e56ecc8:-7d51','RACT59614e16:14c5e56ecc8:-7d53','ACTPARAM59614e16:14c5e56ecc8:-7f30',NULL,NULL,NULL,NULL,'@ROUND( BMV * DEPRATE / 100 , 0)','expression',NULL,NULL,NULL,NULL,NULL,NULL),('RULACT59614e16:14c5e56ecc8:-7d52','RACT59614e16:14c5e56ecc8:-7d53','ACTPARAM59614e16:14c5e56ecc8:-7f37',NULL,NULL,'RCOND59614e16:14c5e56ecc8:-7dcb','MI',NULL,NULL,NULL,NULL,NULL,NULL,NULL,NULL),('RULACT5b4ac915:147baaa06b4:-6be7','RACT5b4ac915:147baaa06b4:-6be9','ACTPARAM5b4ac915:147baaa06b4:-6cb3',NULL,NULL,'RCONST5b4ac915:147baaa06b4:-6d59','CLASS',NULL,NULL,NULL,NULL,NULL,NULL,NULL,NULL),('RULACT5b4ac915:147baaa06b4:-6be8','RACT5b4ac915:147baaa06b4:-6be9','ACTPARAM5b4ac915:147baaa06b4:-7d98',NULL,NULL,'RCOND5b4ac915:147baaa06b4:-6da4','LA',NULL,NULL,NULL,NULL,NULL,NULL,NULL,NULL),('RULACT5ffbdc02:166e7b2c367:-6203','RACT5ffbdc02:166e7b2c367:-6229','rptis.landtax.actions.CalcInterest.expr',NULL,NULL,NULL,NULL,'TAX * NMON * 0.02','expression',NULL,NULL,NULL,NULL,NULL,NULL),('RULACT5ffbdc02:166e7b2c367:-6219','RACT5ffbdc02:166e7b2c367:-6229','rptis.landtax.actions.CalcInterest.rptledgeritem',NULL,NULL,'RC70978a15:166ae6875d1:-7f22','RLI',NULL,NULL,NULL,NULL,NULL,NULL,NULL,NULL),('RULACT5ffbdc02:166e7b2c367:-6dfe','RACT5ffbdc02:166e7b2c367:-6e24','rptis.landtax.actions.CalcTax.expr',NULL,NULL,NULL,NULL,'AV * 0.01','expression',NULL,NULL,NULL,NULL,NULL,NULL),('RULACT5ffbdc02:166e7b2c367:-6e14','RACT5ffbdc02:166e7b2c367:-6e24','rptis.landtax.actions.CalcTax.rptledgeritem',NULL,NULL,'RCOND634d9a3c:161503ff1dc:-586c','RLI',NULL,NULL,NULL,NULL,NULL,NULL,NULL,NULL),('RULACT5ffbdc02:166e7b2c367:-6ebf','RACT5ffbdc02:166e7b2c367:-6f13','rptis.landtax.actions.AddSef.av',NULL,NULL,NULL,NULL,'AV','expression',NULL,NULL,NULL,NULL,NULL,NULL),('RULACT5ffbdc02:166e7b2c367:-6ee2','RACT5ffbdc02:166e7b2c367:-6f13','rptis.landtax.actions.AddSef.year',NULL,NULL,'RCONST5ffbdc02:166e7b2c367:-7048','YR',NULL,NULL,NULL,NULL,NULL,NULL,NULL,NULL),('RULACT5ffbdc02:166e7b2c367:-6eff','RACT5ffbdc02:166e7b2c367:-6f13','rptis.landtax.actions.AddSef.avfact',NULL,NULL,'RCOND-59249a93:1614f57bd58:-7d29','AVINFO',NULL,NULL,NULL,NULL,NULL,NULL,NULL,NULL),('RULACT5ffbdc02:166e7b2c367:-6fa5','RACT5ffbdc02:166e7b2c367:-6ff9','rptis.landtax.actions.AddBasic.av',NULL,NULL,NULL,NULL,'AV','expression',NULL,NULL,NULL,NULL,NULL,NULL),('RULACT5ffbdc02:166e7b2c367:-6fc8','RACT5ffbdc02:166e7b2c367:-6ff9','rptis.landtax.actions.AddBasic.year',NULL,NULL,'RCONST5ffbdc02:166e7b2c367:-7048','YR',NULL,NULL,NULL,NULL,NULL,NULL,NULL,NULL),('RULACT5ffbdc02:166e7b2c367:-6fe5','RACT5ffbdc02:166e7b2c367:-6ff9','rptis.landtax.actions.AddBasic.avfact',NULL,NULL,'RCOND-59249a93:1614f57bd58:-7d29','AVINFO',NULL,NULL,NULL,NULL,NULL,NULL,NULL,NULL),('RULACT633c4f6e:168167799dc:-76ce','RACT633c4f6e:168167799dc:-76f0','rptis.landtax.actions.CalcInterest.expr',NULL,NULL,NULL,NULL,'0','expression',NULL,NULL,NULL,NULL,NULL,NULL),('RULACT633c4f6e:168167799dc:-76e2','RACT633c4f6e:168167799dc:-76f0','rptis.landtax.actions.CalcInterest.rptledgeritem',NULL,NULL,'RCOND633c4f6e:168167799dc:-77a6','RLI',NULL,NULL,NULL,NULL,NULL,NULL,NULL,NULL),('RULACT650f832b:14c53e6ce93:-792e','RACT650f832b:14c53e6ce93:-7930','ACTPARAM6b62feef:14c53ac1f59:-7e48',NULL,NULL,NULL,NULL,'@ROUND( MV, 0  )','expression',NULL,NULL,NULL,NULL,NULL,NULL),('RULACT650f832b:14c53e6ce93:-792f','RACT650f832b:14c53e6ce93:-7930','ACTPARAM6b62feef:14c53ac1f59:-7e4f',NULL,NULL,'RCOND650f832b:14c53e6ce93:-79a1','PTD',NULL,NULL,NULL,NULL,NULL,NULL,NULL,NULL),('RULACT6d174068:14e3de9c20b:-7ee9','RACT6d174068:14e3de9c20b:-7eeb','ACTPARAM1b4af871:14e3cc46e09:-3531',NULL,NULL,NULL,NULL,'@ROUND( MV * AL / 100.0 ,2 )','expression',NULL,NULL,NULL,NULL,NULL,NULL),('RULACT6d174068:14e3de9c20b:-7eea','RACT6d174068:14e3de9c20b:-7eeb','ACTPARAM1b4af871:14e3cc46e09:-3538',NULL,NULL,'RCOND6d174068:14e3de9c20b:-7f93','MRPU',NULL,NULL,NULL,NULL,NULL,NULL,NULL,NULL),('RULACT7e83d163:178c928b4a5:-76e2','RACT7e83d163:178c928b4a5:-7704','rptis.landtax.actions.CalcInterest.expr',NULL,NULL,NULL,NULL,'TX * NM * 0.02','expression',NULL,NULL,NULL,NULL,NULL,NULL),('RULACT7e83d163:178c928b4a5:-76f6','RACT7e83d163:178c928b4a5:-7704','rptis.landtax.actions.CalcInterest.rptledgeritem',NULL,NULL,'RCOND7e83d163:178c928b4a5:-7b4a','RLI',NULL,NULL,NULL,NULL,NULL,NULL,NULL,NULL),('RULACTec9d7ab:166235c2e16:-248e','RACTec9d7ab:166235c2e16:-249a','rptis.landtax.actions.AddBillItem.taxsummary',NULL,NULL,'RCONDec9d7ab:166235c2e16:-24fc','RLTS',NULL,NULL,NULL,NULL,NULL,NULL,NULL,NULL),('RULACTec9d7ab:166235c2e16:-2e08','RACTec9d7ab:166235c2e16:-2e2e','rptis.landtax.actions.SetBillExpiryDate.expr',NULL,NULL,NULL,NULL,'@MONTHEND( CDATE )','expression',NULL,NULL,NULL,NULL,NULL,NULL),('RULACTec9d7ab:166235c2e16:-2e1e','RACTec9d7ab:166235c2e16:-2e2e','rptis.landtax.actions.SetBillExpiryDate.bill',NULL,NULL,'RCONDec9d7ab:166235c2e16:-2ec7','BILL',NULL,NULL,NULL,NULL,NULL,NULL,NULL,NULL),('RULACTec9d7ab:166235c2e16:-35a7','RACTec9d7ab:166235c2e16:-35b3','rptis.landtax.actions.SplitLedgerItem.rptledgeritem',NULL,NULL,'RC7280357:166235c1be7:-7fc7','RLI',NULL,NULL,NULL,NULL,NULL,NULL,NULL,NULL),('RULACTec9d7ab:166235c2e16:-386d','RACTec9d7ab:166235c2e16:-3879','rptis.landtax.actions.AggregateLedgerItem.rptledgeritem',NULL,NULL,'RCONDec9d7ab:166235c2e16:-3b0b','RLI',NULL,NULL,NULL,NULL,NULL,NULL,NULL,NULL),('RULACTec9d7ab:166235c2e16:-5b63','RACTec9d7ab:166235c2e16:-5b6f','rptis.landtax.actions.SplitByQtr.rptledgeritem',NULL,NULL,'RCONDec9d7ab:166235c2e16:-5e7c','RLI',NULL,NULL,NULL,NULL,NULL,NULL,NULL,NULL);
/*!40000 ALTER TABLE `sys_rule_action_param` ENABLE KEYS */;
UNLOCK TABLES;

--
-- Dumping data for table `sys_rule_actiondef`
--

LOCK TABLES `sys_rule_actiondef` WRITE;
/*!40000 ALTER TABLE `sys_rule_actiondef` DISABLE KEYS */;
INSERT INTO `sys_rule_actiondef` VALUES ('rptis.landtax.actions.AddBasic','add-basic','Add Basic Entry',1,'add-basic','landtax','rptis.landtax.actions.AddBasic'),('rptis.landtax.actions.AddBillItem','add-billitem','Add Bill Item',25,'add-billitem','landtax','rptis.landtax.actions.AddBillItem'),('rptis.landtax.actions.AddFireCode','add-firecode','Add Fire Code',10,'add-firecode','landtax','rptis.landtax.actions.AddFireCode'),('rptis.landtax.actions.AddIdleLand','add-basicidle','Add Idle Land Entry',6,'add-basicidle','landtax','rptis.landtax.actions.AddIdleLand'),('rptis.landtax.actions.AddSef','add-sef','Add SEF Entry',5,'add-sef','landtax','rptis.landtax.actions.AddSef'),('rptis.landtax.actions.AddShare','add-share','Add Revenue Share',28,'add-share','landtax','rptis.landtax.actions.AddShare'),('rptis.landtax.actions.AddSocialHousing','add-sh','Add Social Housing Entry',8,'add-sh','landtax','rptis.landtax.actions.AddSocialHousing'),('rptis.landtax.actions.AggregateLedgerItem','aggregate-bill-item','Aggregate Ledger Items',12,'aggregate-bill-item','landtax','rptis.landtax.actions.AggregateLedgerItem'),('rptis.landtax.actions.CalcDiscount','calc-discount','Calculate Discount',6,'calc-discount','landtax','rptis.landtax.actions.CalcDiscount'),('rptis.landtax.actions.CalcInterest','calc-interest','Calculate Interest',5,'calc-interest','landtax','rptis.landtax.actions.CalcInterest'),('rptis.landtax.actions.CalcTax','calc-tax','Calculate Tax',1001,'calc-tax','landtax','rptis.landtax.actions.CalcTax'),('rptis.landtax.actions.CreateTaxSummary','create-tax-summary','Create Tax Summary',20,'create-tax-summary','landtax','rptis.landtax.actions.CreateTaxSummary'),('rptis.landtax.actions.RemoveLedgerItem','remove-bill-item','Remove Ledger Item',11,'remove-bill-item','landtax','rptis.landtax.actions.RemoveLedgerItem'),('rptis.landtax.actions.SetBillExpiryDate','set-bill-expiry','Set Bill Expiry Date',20,'set-bill-expiry','landtax','rptis.landtax.actions.SetBillExpiryDate'),('rptis.landtax.actions.SplitByQtr','split-by-qtr','Split By Quarter',0,'split-by-qtr','LANDTAX','rptis.landtax.actions.SplitByQtr'),('rptis.landtax.actions.SplitLedgerItem','split-bill-item','Split Ledger Item',10,'split-bill-item','landtax','rptis.landtax.actions.SplitLedgerItem'),('rptis.landtax.actions.UpdateAV','update-av','Update AV',1000,'update-av','LANDTAX','rptis.landtax.actions.UpdateAV'),('RULADEF-128a4cad:146f96a678e:-7efa','calc-av','Calculate Assess Value',20,'calc-av','RPT',NULL),('RULADEF-21ad68c1:146fc2282bb:-7b6e','calc-mv','Calculate Market Value',5,'calc-mv','RPT',NULL),('RULADEF-2486b0ca:146fff66c3e:-3151','calc-bldguse-mv','Calculate Actual Use Market Value',24,'calc-bldguse-mv','RPT',NULL),('RULADEF-2486b0ca:146fff66c3e:-4365','calc-bldguse-depreciation','Calculate Depreciation',60,'calc-bldguse-depreciation','RPT',NULL),('RULADEF-2486b0ca:146fff66c3e:-4807','calc-depreciation-sked','Calculate Depreciation Rate',55,'calc-depreciation-sked','rpt','rptis.bldg.actions.CalcDepreciationFromSked'),('RULADEF-2486b0ca:146fff66c3e:-5573','add-derive-var','Add Derive Variable',50,'add-derive-var','RPT',NULL),('RULADEF-2486b0ca:146fff66c3e:-619b','calc-predominant-av','Calculate Predominant Assess Value',50,'calc-predominant-av','RPT',NULL),('RULADEF-2486b0ca:146fff66c3e:-723b','calc-adj','Calculate Adjustment',35,'calc-adj','RPT',NULL),('RULADEF-2486b0ca:146fff66c3e:-79a8','calc-floor-mv','Calculate Floor Market Value',15,'calc-floor-mv','RPT',NULL),('RULADEF-2486b0ca:146fff66c3e:-7a02','calc-floor-bmv','Calculate Floor Base Market Value',10,'calc-floor-bmv','RPT',NULL),('RULADEF-2486b0ca:146fff66c3e:-7ce5','adjust-uv','Adjust Unit Value',2,'adjust-uv','RPT',NULL),('RULADEF-39192c48:1471ebc2797:-7dae','calc-assess-level','Calculate Assess Level',85,'calc-assess-level','RPT',NULL),('RULADEF-39192c48:1471ebc2797:-7dee','add-assessment-info','Add Assessment Info',80,'add-assessment-info','RPT',NULL),('RULADEF-3e8edbea:156bc08656a:-6112','recalc-rpu-totalav','Recalculate RPU Total AV',1100,'recalc-rpu-totalav','rpt','rptis.actions.CalcTotalRPUAssessValue'),('RULADEF-5e76cf73:14d69e9c549:-71e7','update-landdetail-adj','Update Appraisal Adjustment',3,'update-landdetail-adj','rpt','rptis.land.actions.UpdateLandDetailAdjustment'),('RULADEF-5e76cf73:14d69e9c549:-7232','update-landdetail-actualuse-adj','Update Appraisal Actual Use Adjustment',3,'update-landdetail-actualuse-adj','rpt','rptis.land.actions.UpdateLandDetailActualUseAdjustment'),('RULADEF-5e76cf73:14d69e9c549:-72c3','update-landdetail-value-adj','Update Appraisal Value Adjustment',3,'update-landdetail-value-adj','rpt','rptis.land.actions.UpdateLandDetailValueAdjustment'),('RULADEF-5e76cf73:14d69e9c549:-7e09','update-adj','Update Adjustment',2,'update-adj','RPT',NULL),('RULADEF-60c99d04:1470b276e7f:-7c52','calc-bldguse-bmv','Calculate Actual Use Base Market Value',20,'calc-bldguse-bmv','RPT',NULL),('RULADEF1441128c:1471efa4c1c:-69a5','calc-assess-value','Calculate Assess Value',90,'calc-assess-value','RPT',NULL),('RULADEF1b4af871:14e3cc46e09:-344d','add-derive-var','Add Derive Variable',45,'add-derive-var','RPT',NULL),('RULADEF1b4af871:14e3cc46e09:-3543','calc-rpu-av','Calculate RPU Assessed Value',13,'calc-rpu-av','RPT',NULL),('RULADEF1b4af871:14e3cc46e09:-358c','calc-rpu-al','Calculate RPU Assess Level',12,'calc-rpu-al','RPT',NULL),('RULADEF1b4af871:14e3cc46e09:-35cc','calc-rpu-mv','Calculate RPU Market Value',11,'calc-rpu-mv','RPT',NULL),('RULADEF1b4af871:14e3cc46e09:-3612','calc-rpu-bmv','Calculate RPU Base Market Value',10,'calc-rpu-bmv','RPT',NULL),('RULADEF1e772168:14c5a447e35:-6703','calc-mach-depreciation','Calculate Depreciation',2,'calc-mach-depreciation','rpt','rptis.mach.actions.CalcMachineDepreciation'),('RULADEF1e772168:14c5a447e35:-7e28','calc-mach-av','Calculate Machine Assessed Value',6,'calc-mach-av','RPT',NULL),('RULADEF1e772168:14c5a447e35:-7eaf','calc-mach-mv','Calculate Machine Market Value',2,'calc-mach-mv','RPT',NULL),('RULADEF1e772168:14c5a447e35:-7ed1','calc-mach-bmv','Calculate Base Market Value',1,'calc-mach-bmv','rpt','rptis.mach.actions.CalcMachineBMV'),('RULADEF23f2d934:14719fd6b68:-725b','reset-adj','Reset Adjustment Value',70,'reset-adj','RPT',NULL),('RULADEF36885e11:150188b0d78:-7e0c','calc-depreciation-range','Calculate Depreciation Rate by Range',56,'calc-depreciation-range','rpt','rptis.bldg.actions.CalcDepreciationByRange'),('RULADEF3afe51b9:146f7088d9c:-7c7b','calc-bmv','Calculate Base Market Value',1,'calc-bmv','RPT',NULL),('RULADEF3e2b89cb:146ff734573:-7c47','calc-bldg-age','Calculate Building Age',1,'calc-bldg-age','RPT',NULL),('RULADEF5022d8ba:1589ae965a4:-7b0e','add-planttree-assessment-info','Add Assessment',100,'add-planttree-assessment-info','rpt','rptis.planttree.actions.AddPlantTreeAssessmentInfo'),('RULADEF57c48737:1472331021e:-7f84','calc-bldg-effectiveage','Calculate Building Effective Age',2,'calc-bldg-effectiveage','RPT',NULL),('RULADEF59614e16:14c5e56ecc8:-7ef4','calc-av','Calculate Assessed Value',4,'calc-av','RPT',NULL),('RULADEF59614e16:14c5e56ecc8:-7f1c','calc-mv','Calculate Market Value',3,'calc-mv','RPT',NULL),('RULADEF59614e16:14c5e56ecc8:-7f42','calc-depreciation','Calculate Depreciation',1,'calc-depreciation','RPT',NULL),('RULADEF59614e16:14c5e56ecc8:-7f6b','calc-bmv','Calculate Base Market Value',1,'calc-bmv','RPT',NULL),('RULADEF5b4ac915:147baaa06b4:-7dbe','add-assessment-info','Add Assessment Summary',50,'add-assessment-info','rpt','rptis.land.actions.AddAssessmentInfo'),('RULADEF6b62feef:14c53ac1f59:-7e2c','calc-planttree-av','Calculate Assessed Value',4,'calc-planttree-av','RPT',NULL),('RULADEF6b62feef:14c53ac1f59:-7e59','calc-planttree-mv','Calculate Market Value',3,'calc-planttree-mv','RPT',NULL),('RULADEF6b62feef:14c53ac1f59:-7e83','calc-planttree-adjustment','Calculate Adjustment',2,'calc-planttree-adjustment','RPT',NULL),('RULADEF6b62feef:14c53ac1f59:-7ea2','calc-planttree-bmv','Calculate Base Market Value',1,'calc-planttree-bmv','RPT',NULL),('RULADEF6d66cc31:1446cc9522e:-7d56','add-requirement','Add Requirement',1,'add-requirement','bpls',NULL),('RULADEF7efff901:15104440241:-7de4','recalc-rpuassessment','Recalculate Assessment AV',1050,'recalc-rpuassessment','rpt','rptis.actions.CalcRPUAssessValue'),('RULADEF7efff901:15104440241:5e0b','add-assessment-info','Add Assessment Info',1000,'add-assessment-info','rpt','rptis.mach.actions.AddAssessmentInfo'),('RULADEF7efff901:15104fb0702:3868','calc-mach-al','Calculate Machine Assess Level',5,'calc-mach-al','RPT',NULL),('RULADEF7efff901:15104fb0702:4487','calc-machuse-al','Calculate Actual Use Assess Level',10,'calc-machuse-al','RPT',NULL),('RULADEF7efff901:15104fb0702:4545','calc-machuse-av','Calculate Actual Use Assessed Value',11,'calc-machuse-av','RPT',NULL),('treasury.actions.AddBillItem','add-billitem','Add Bill Item',2,'add-billitem','TREASURY','treasury.actions.AddBillItem'),('treasury.actions.AddDueDate','add-duedate','Add Due Date',1,'add-duedate','TREASURY','treasury.actions.AddDueDate'),('treasury.actions.AddRevenueShare','add-share','Add Revenue Share',1,'add-share','TREASURY','treasury.actions.AddRevenueShare'),('treasury.actions.UpdateFieldValue','update-field-value','Update Field Value',0,'update-field-value','TREASURY','treasury.actions.UpdateFieldValue');
/*!40000 ALTER TABLE `sys_rule_actiondef` ENABLE KEYS */;
UNLOCK TABLES;

--
-- Dumping data for table `sys_rule_actiondef_param`
--

LOCK TABLES `sys_rule_actiondef_param` WRITE;
/*!40000 ALTER TABLE `sys_rule_actiondef_param` DISABLE KEYS */;
INSERT INTO `sys_rule_actiondef_param` VALUES ('ACTPARAM-128a4cad:146f96a678e:-7ee7','RULADEF-128a4cad:146f96a678e:-7efa','expr',2,'Computation',NULL,'expression',NULL,NULL,NULL,NULL,NULL),('ACTPARAM-128a4cad:146f96a678e:-7ef0','RULADEF-128a4cad:146f96a678e:-7efa','landdetail',1,'Land Item Appraisal',NULL,'var',NULL,NULL,NULL,'rptis.land.facts.LandDetail',NULL),('ACTPARAM-21ad68c1:146fc2282bb:-7b30','RULADEF-21ad68c1:146fc2282bb:-7b6e','expr',2,'Computation',NULL,'expression',NULL,NULL,NULL,NULL,NULL),('ACTPARAM-21ad68c1:146fc2282bb:-7b39','RULADEF-21ad68c1:146fc2282bb:-7b6e','landdetail',1,'Land Item Appraisal',NULL,'var',NULL,NULL,NULL,'rptis.land.facts.LandDetail',NULL),('ACTPARAM-2486b0ca:146fff66c3e:-30fe','RULADEF-2486b0ca:146fff66c3e:-3151','expr',2,'Computation',NULL,'expression',NULL,NULL,NULL,NULL,NULL),('ACTPARAM-2486b0ca:146fff66c3e:-3105','RULADEF-2486b0ca:146fff66c3e:-3151','bldguse',1,'Building Actual Use',NULL,'var',NULL,NULL,NULL,'rptis.bldg.facts.BldgUse',NULL),('ACTPARAM-2486b0ca:146fff66c3e:-4090','RULADEF-2486b0ca:146fff66c3e:-4365','expr',2,'Computation',NULL,'expression',NULL,NULL,NULL,NULL,NULL),('ACTPARAM-2486b0ca:146fff66c3e:-4351','RULADEF-2486b0ca:146fff66c3e:-4365','bldguse',1,'Building Actual Use',NULL,'var',NULL,NULL,NULL,'rptis.bldg.facts.BldgUse',NULL),('ACTPARAM-2486b0ca:146fff66c3e:-45b0','RULADEF-2486b0ca:146fff66c3e:-4807','bldgstructure',1,'Building Structure',NULL,'var',NULL,NULL,NULL,'rptis.bldg.facts.BldgStructure',NULL),('ACTPARAM-2486b0ca:146fff66c3e:-5512','RULADEF-2486b0ca:146fff66c3e:-5573','aggregatetype',3,'Aggregation',NULL,'lov',NULL,NULL,NULL,NULL,'RPT_VAR_AGGRETATION_TYPES'),('ACTPARAM-2486b0ca:146fff66c3e:-552b','RULADEF-2486b0ca:146fff66c3e:-5573','expr',4,'Value Computation',NULL,'expression',NULL,NULL,NULL,NULL,NULL),('ACTPARAM-2486b0ca:146fff66c3e:-554a','RULADEF-2486b0ca:146fff66c3e:-5573','var',2,'Variable',NULL,'lookup','rptparameter:lookup','objid','name',NULL,NULL),('ACTPARAM-2486b0ca:146fff66c3e:-6174','RULADEF-2486b0ca:146fff66c3e:-619b','expr',2,'Computation',NULL,'expression',NULL,NULL,NULL,NULL,NULL),('ACTPARAM-2486b0ca:146fff66c3e:-618b','RULADEF-2486b0ca:146fff66c3e:-619b','rpu',1,'Building Real Property',NULL,'var',NULL,NULL,NULL,'rptis.bldg.facts.BldgRPU',NULL),('ACTPARAM-2486b0ca:146fff66c3e:-7204','RULADEF-2486b0ca:146fff66c3e:-723b','expr',3,'Computation',NULL,'expression',NULL,NULL,NULL,NULL,NULL),('ACTPARAM-2486b0ca:146fff66c3e:-7224','RULADEF-2486b0ca:146fff66c3e:-723b','adjustment',1,'Adjustment',NULL,'var',NULL,NULL,NULL,'rptis.bldg.facts.BldgAdjustment',NULL),('ACTPARAM-2486b0ca:146fff66c3e:-7994','RULADEF-2486b0ca:146fff66c3e:-79a8','expr',2,'Computation',NULL,'expression',NULL,NULL,NULL,NULL,NULL),('ACTPARAM-2486b0ca:146fff66c3e:-799f','RULADEF-2486b0ca:146fff66c3e:-79a8','bldgfloor',1,'Building Floor',NULL,'var',NULL,NULL,NULL,'rptis.bldg.facts.BldgFloor',NULL),('ACTPARAM-2486b0ca:146fff66c3e:-79dc','RULADEF-2486b0ca:146fff66c3e:-7a02','expr',2,'Computation',NULL,'expression',NULL,NULL,NULL,NULL,NULL),('ACTPARAM-2486b0ca:146fff66c3e:-79e3','RULADEF-2486b0ca:146fff66c3e:-7a02','bldgfloor',1,'Building Floor',NULL,'var',NULL,NULL,NULL,'rptis.bldg.facts.BldgFloor',NULL),('ACTPARAM-2486b0ca:146fff66c3e:-7cd2','RULADEF-2486b0ca:146fff66c3e:-7ce5','expr',2,'Computation',NULL,'expression',NULL,NULL,NULL,NULL,NULL),('ACTPARAM-2486b0ca:146fff66c3e:-7cdb','RULADEF-2486b0ca:146fff66c3e:-7ce5','bldgstructure',1,'Building Structure',NULL,'var',NULL,NULL,NULL,'rptis.bldg.facts.BldgStructure',NULL),('ACTPARAM-39192c48:1471ebc2797:-7da1','RULADEF-39192c48:1471ebc2797:-7dae','assessment',1,'Assessment',NULL,'var',NULL,NULL,NULL,'rptis.facts.RPUAssessment',NULL),('ACTPARAM-39192c48:1471ebc2797:-7dd8','RULADEF-39192c48:1471ebc2797:-7dee','actualuseid',2,'Actual Use',NULL,'var',NULL,NULL,NULL,'string',NULL),('ACTPARAM-39192c48:1471ebc2797:-7de1','RULADEF-39192c48:1471ebc2797:-7dee','bldguse',1,'Building Actual Use',NULL,'var',NULL,NULL,NULL,'rptis.bldg.facts.BldgUse',NULL),('ACTPARAM-3e8edbea:156bc08656a:-60da','RULADEF-3e8edbea:156bc08656a:-6112','expr',2,'Computation',NULL,'expression',NULL,NULL,NULL,NULL,NULL),('ACTPARAM-3e8edbea:156bc08656a:-60e2','RULADEF-3e8edbea:156bc08656a:-6112','rpu',1,'RPU',NULL,'var',NULL,NULL,NULL,'rptis.facts.RPU',NULL),('ACTPARAM-5e76cf73:14d69e9c549:-71d5','RULADEF-5e76cf73:14d69e9c549:-71e7','expr',2,'Computation',NULL,'expression',NULL,NULL,NULL,NULL,NULL),('ACTPARAM-5e76cf73:14d69e9c549:-71dc','RULADEF-5e76cf73:14d69e9c549:-71e7','landdetail',1,'Land Item Appraisal',NULL,'var',NULL,NULL,NULL,'rptis.land.facts.LandDetail',NULL),('ACTPARAM-5e76cf73:14d69e9c549:-7222','RULADEF-5e76cf73:14d69e9c549:-7232','expr',2,'Computation',NULL,'expression',NULL,NULL,NULL,NULL,NULL),('ACTPARAM-5e76cf73:14d69e9c549:-7229','RULADEF-5e76cf73:14d69e9c549:-7232','landdetail',1,'Land Item Appraisal',NULL,'var',NULL,NULL,NULL,'rptis.land.facts.LandDetail',NULL),('ACTPARAM-5e76cf73:14d69e9c549:-72ae','RULADEF-5e76cf73:14d69e9c549:-72c3','expr',2,'Computation',NULL,'expression',NULL,NULL,NULL,NULL,NULL),('ACTPARAM-5e76cf73:14d69e9c549:-72b5','RULADEF-5e76cf73:14d69e9c549:-72c3','landdetail',1,'Land Appraisal',NULL,'var',NULL,NULL,NULL,'rptis.land.facts.LandDetail',NULL),('ACTPARAM-5e76cf73:14d69e9c549:-7d9d','RULADEF-5e76cf73:14d69e9c549:-7e09','expr',2,'Computation',NULL,'expression',NULL,NULL,NULL,NULL,NULL),('ACTPARAM-5e76cf73:14d69e9c549:-7da4','RULADEF-5e76cf73:14d69e9c549:-7e09','adjustment',1,'Adjustment',NULL,'var',NULL,NULL,NULL,'rptis.land.facts.LandAdjustment',NULL),('ACTPARAM-60c99d04:1470b276e7f:-7c0e','RULADEF-60c99d04:1470b276e7f:-7c52','expr',2,'Computation',NULL,'expression',NULL,NULL,NULL,NULL,NULL),('ACTPARAM-60c99d04:1470b276e7f:-7c15','RULADEF-60c99d04:1470b276e7f:-7c52','bldguse',1,'Building Actual Use',NULL,'var',NULL,NULL,NULL,'rptis.bldg.facts.BldgUse',NULL),('ACTPARAM102ab3e1:147190e9fe4:-5a13','RULADEF-2486b0ca:146fff66c3e:-5573','bldguse',1,'Building Actual Use',NULL,'var',NULL,NULL,NULL,'rptis.bldg.facts.BldgUse',NULL),('ACTPARAM102ab3e1:147190e9fe4:-f75','RULADEF-2486b0ca:146fff66c3e:-723b','var',2,'Derived Variable',NULL,'var',NULL,NULL,NULL,'rptis.bldg.facts.BldgVariable',NULL),('ACTPARAM1441128c:1471efa4c1c:-6969','RULADEF1441128c:1471efa4c1c:-69a5','expr',2,'Computation',NULL,'expression',NULL,NULL,NULL,NULL,NULL),('ACTPARAM1441128c:1471efa4c1c:-698e','RULADEF1441128c:1471efa4c1c:-69a5','assessment',1,'Assessment Info',NULL,'var',NULL,NULL,NULL,'rptis.facts.RPUAssessment',NULL),('ACTPARAM1b4af871:14e3cc46e09:-33b8','RULADEF1b4af871:14e3cc46e09:-344d','expr',4,'Computation',NULL,'expression',NULL,NULL,NULL,NULL,NULL),('ACTPARAM1b4af871:14e3cc46e09:-341d','RULADEF1b4af871:14e3cc46e09:-344d','aggregatetype',3,'Aggregation',NULL,'lov',NULL,NULL,NULL,NULL,'RPT_VAR_AGGRETATION_TYPES'),('ACTPARAM1b4af871:14e3cc46e09:-342a','RULADEF1b4af871:14e3cc46e09:-344d','var',2,'Variable',NULL,'lookup','rptparameter:lookup','objid','name',NULL,NULL),('ACTPARAM1b4af871:14e3cc46e09:-343a','RULADEF1b4af871:14e3cc46e09:-344d','refid',1,'Reference ID',NULL,'var',NULL,NULL,NULL,'String',NULL),('ACTPARAM1b4af871:14e3cc46e09:-3531','RULADEF1b4af871:14e3cc46e09:-3543','expr',2,'Computation',NULL,'expression',NULL,NULL,NULL,NULL,NULL),('ACTPARAM1b4af871:14e3cc46e09:-3538','RULADEF1b4af871:14e3cc46e09:-3543','miscrpu',1,'Miscellaneous RPU',NULL,'var',NULL,NULL,NULL,'rptis.misc.facts.MiscRPU',NULL),('ACTPARAM1b4af871:14e3cc46e09:-357a','RULADEF1b4af871:14e3cc46e09:-358c','expr',2,'Computation',NULL,'expression',NULL,NULL,NULL,NULL,NULL),('ACTPARAM1b4af871:14e3cc46e09:-3581','RULADEF1b4af871:14e3cc46e09:-358c','miscrpu',1,'Miscellaneous RPU',NULL,'var',NULL,NULL,NULL,'rptis.misc.facts.MiscRPU',NULL),('ACTPARAM1b4af871:14e3cc46e09:-35ba','RULADEF1b4af871:14e3cc46e09:-35cc','expr',2,'Computation',NULL,'expression',NULL,NULL,NULL,NULL,NULL),('ACTPARAM1b4af871:14e3cc46e09:-35c1','RULADEF1b4af871:14e3cc46e09:-35cc','miscrpu',1,'Miscellaneous RPU',NULL,'var',NULL,NULL,NULL,'rptis.misc.facts.MiscRPU',NULL),('ACTPARAM1b4af871:14e3cc46e09:-35fc','RULADEF1b4af871:14e3cc46e09:-3612','expr',2,'Computation',NULL,'expression',NULL,NULL,NULL,NULL,NULL),('ACTPARAM1b4af871:14e3cc46e09:-3603','RULADEF1b4af871:14e3cc46e09:-3612','miscrpu',1,'Miscellaneous RPU',NULL,'var',NULL,NULL,NULL,'rptis.misc.facts.MiscRPU',NULL),('ACTPARAM1e772168:14c5a447e35:-66ee','RULADEF1e772168:14c5a447e35:-6703','expr',2,'Computation',NULL,'expression',NULL,NULL,NULL,NULL,NULL),('ACTPARAM1e772168:14c5a447e35:-66f5','RULADEF1e772168:14c5a447e35:-6703','machine',1,'Machinery',NULL,'var',NULL,NULL,NULL,'rptis.mach.facts.MachineDetail',NULL),('ACTPARAM1e772168:14c5a447e35:-7e16','RULADEF1e772168:14c5a447e35:-7e28','expr',2,'Computation',NULL,'expression',NULL,NULL,NULL,NULL,NULL),('ACTPARAM1e772168:14c5a447e35:-7e1d','RULADEF1e772168:14c5a447e35:-7e28','machine',1,'Machinery',NULL,'var',NULL,NULL,NULL,'rptis.mach.facts.MachineDetail',NULL),('ACTPARAM1e772168:14c5a447e35:-7e9d','RULADEF1e772168:14c5a447e35:-7eaf','expr',2,'Computation',NULL,'expression',NULL,NULL,NULL,NULL,NULL),('ACTPARAM1e772168:14c5a447e35:-7ea4','RULADEF1e772168:14c5a447e35:-7eaf','machine',1,'Machinery',NULL,'var',NULL,NULL,NULL,'rptis.mach.facts.MachineDetail',NULL),('ACTPARAM1e772168:14c5a447e35:-7ebf','RULADEF1e772168:14c5a447e35:-7ed1','expr',2,'Computation',NULL,'expression',NULL,NULL,NULL,NULL,NULL),('ACTPARAM1e772168:14c5a447e35:-7ec6','RULADEF1e772168:14c5a447e35:-7ed1','machine',1,'Machinery',NULL,'var',NULL,NULL,NULL,'rptis.mach.facts.MachineDetail',NULL),('ACTPARAM23f2d934:14719fd6b68:-7241','RULADEF23f2d934:14719fd6b68:-725b','adjustment',1,'Building Adjustment',NULL,'var',NULL,NULL,NULL,'rptis.bldg.facts.BldgAdjustment',NULL),('ACTPARAM36885e11:150188b0d78:-7dfa','RULADEF36885e11:150188b0d78:-7e0c','bldgstructure',1,'Building Structure',NULL,'var',NULL,NULL,NULL,'rptis.bldg.facts.BldgStructure',NULL),('ACTPARAM3afe51b9:146f7088d9c:-6459','RULADEF3afe51b9:146f7088d9c:-7c7b','landdetail',1,'Land Item Appraisal',NULL,'var',NULL,NULL,NULL,'rptis.land.facts.LandDetail',NULL),('ACTPARAM3afe51b9:146f7088d9c:-6b8d','RULADEF3afe51b9:146f7088d9c:-7c7b','expr',2,'Computation',NULL,'expression',NULL,NULL,NULL,NULL,NULL),('ACTPARAM3e2b89cb:146ff734573:-7c34','RULADEF3e2b89cb:146ff734573:-7c47','expr',2,'Computation',NULL,'expression',NULL,NULL,NULL,NULL,NULL),('ACTPARAM3e2b89cb:146ff734573:-7c3c','RULADEF3e2b89cb:146ff734573:-7c47','rpu',1,'Building Real Property',NULL,'var',NULL,NULL,NULL,'rptis.bldg.facts.BldgRPU',NULL),('ACTPARAM49a3c540:14e51feb8f6:-4c86','RULADEF-2486b0ca:146fff66c3e:-723b','var',2,'Variable',NULL,'var',NULL,NULL,NULL,'rptis.facts.RPTVariable',NULL),('ACTPARAM5022d8ba:1589ae965a4:-7aee','RULADEF5022d8ba:1589ae965a4:-7b0e','planttreedetail',1,'Plant/Tree',NULL,'var',NULL,NULL,NULL,'rptis.planttree.facts.PlantTreeDetail',NULL),('ACTPARAM57c48737:1472331021e:-7f56','RULADEF57c48737:1472331021e:-7f84','expr',2,'Computation',NULL,'expression',NULL,NULL,NULL,NULL,NULL),('ACTPARAM57c48737:1472331021e:-7f5d','RULADEF57c48737:1472331021e:-7f84','rpu',1,'Building Real Property',NULL,'var',NULL,NULL,NULL,'rptis.bldg.facts.BldgRPU',NULL),('ACTPARAM59614e16:14c5e56ecc8:-7ee2','RULADEF59614e16:14c5e56ecc8:-7ef4','expr',2,'Computation',NULL,'expression',NULL,NULL,NULL,NULL,NULL),('ACTPARAM59614e16:14c5e56ecc8:-7ee9','RULADEF59614e16:14c5e56ecc8:-7ef4','miscitem',1,'Miscellaneous Item',NULL,'var',NULL,NULL,NULL,'rptis.misc.facts.MiscItem',NULL),('ACTPARAM59614e16:14c5e56ecc8:-7f0a','RULADEF59614e16:14c5e56ecc8:-7f1c','expr',2,'Computation',NULL,'expression',NULL,NULL,NULL,NULL,NULL),('ACTPARAM59614e16:14c5e56ecc8:-7f11','RULADEF59614e16:14c5e56ecc8:-7f1c','miscitem',1,'Miscelleneous Item',NULL,'var',NULL,NULL,NULL,'rptis.misc.facts.MiscItem',NULL),('ACTPARAM59614e16:14c5e56ecc8:-7f30','RULADEF59614e16:14c5e56ecc8:-7f42','expr',2,'Computation',NULL,'expression',NULL,NULL,NULL,NULL,NULL),('ACTPARAM59614e16:14c5e56ecc8:-7f37','RULADEF59614e16:14c5e56ecc8:-7f42','miscitem',1,'Miscellaneous Item',NULL,'var',NULL,NULL,NULL,'rptis.misc.facts.MiscItem',NULL),('ACTPARAM59614e16:14c5e56ecc8:-7f55','RULADEF59614e16:14c5e56ecc8:-7f6b','expr',2,'Computation',NULL,'expression',NULL,NULL,NULL,NULL,NULL),('ACTPARAM59614e16:14c5e56ecc8:-7f5e','RULADEF59614e16:14c5e56ecc8:-7f6b','miscitem',1,'Miscellaneous Item',NULL,'var',NULL,NULL,NULL,'rptis.misc.facts.MiscItem',NULL),('ACTPARAM5b4ac915:147baaa06b4:-6cb3','RULADEF5b4ac915:147baaa06b4:-7dbe','classification',2,'Classification',NULL,'var',NULL,NULL,NULL,'rptis.facts.Classification',NULL),('ACTPARAM5b4ac915:147baaa06b4:-7d98','RULADEF5b4ac915:147baaa06b4:-7dbe','landdetail',1,'Land Item Appraisal',NULL,'var',NULL,NULL,NULL,'rptis.land.facts.LandDetail',NULL),('ACTPARAM6b62feef:14c53ac1f59:-7e1c','RULADEF6b62feef:14c53ac1f59:-7e2c','expr',2,'Computation',NULL,'expression',NULL,NULL,NULL,NULL,NULL),('ACTPARAM6b62feef:14c53ac1f59:-7e23','RULADEF6b62feef:14c53ac1f59:-7e2c','planttreedetail',1,'Plant/Tree Appraisal',NULL,'var',NULL,NULL,NULL,'rptis.planttree.facts.PlantTreeDetail',NULL),('ACTPARAM6b62feef:14c53ac1f59:-7e48','RULADEF6b62feef:14c53ac1f59:-7e59','expr',2,'Computation',NULL,'expression',NULL,NULL,NULL,NULL,NULL),('ACTPARAM6b62feef:14c53ac1f59:-7e4f','RULADEF6b62feef:14c53ac1f59:-7e59','planttreedetail',1,'Plant/Tree Appraisal',NULL,'var',NULL,NULL,NULL,'rptis.planttree.facts.PlantTreeDetail',NULL),('ACTPARAM6b62feef:14c53ac1f59:-7e6d','RULADEF6b62feef:14c53ac1f59:-7e83','expr',2,'Computation',NULL,'expression',NULL,NULL,NULL,NULL,NULL),('ACTPARAM6b62feef:14c53ac1f59:-7e74','RULADEF6b62feef:14c53ac1f59:-7e83','planttreedetail',1,'Plant/Tree Appraisal',NULL,'var',NULL,NULL,NULL,'rptis.planttree.facts.PlantTreeDetail',NULL),('ACTPARAM6b62feef:14c53ac1f59:-7e90','RULADEF6b62feef:14c53ac1f59:-7ea2','expr',2,'Computation',NULL,'expression',NULL,NULL,NULL,NULL,NULL),('ACTPARAM6b62feef:14c53ac1f59:-7e97','RULADEF6b62feef:14c53ac1f59:-7ea2','planttreedetail',1,'Plant/Tree Appraisal',NULL,'var',NULL,NULL,NULL,'rptis.planttree.facts.PlantTreeDetail',NULL),('ACTPARAM6d66cc31:1446cc9522e:-7d3c','RULADEF6d66cc31:1446cc9522e:-7d56','requirementtype',1,'Requirement Type',NULL,'lookup','rptrequirementtype:lookup','objid','name',NULL,NULL),('ACTPARAM7efff901:15104440241:-7d8e','RULADEF7efff901:15104440241:-7de4','expr',2,'Computation',NULL,'expression',NULL,NULL,NULL,NULL,NULL),('ACTPARAM7efff901:15104440241:-7d95','RULADEF7efff901:15104440241:-7de4','rpuassessment',1,'Assessment',NULL,'var',NULL,NULL,NULL,'rptis.facts.RPUAssessment',NULL),('ACTPARAM7efff901:15104440241:5e76','RULADEF7efff901:15104440241:5e0b','machuse',1,'Machine Actual Use',NULL,'var',NULL,NULL,NULL,'rptis.mach.facts.MachineActualUse',NULL),('ACTPARAM7efff901:15104fb0702:3875','RULADEF7efff901:15104fb0702:3868','machuse',1,'Machine Use',NULL,'var',NULL,NULL,NULL,'rptis.mach.facts.MachineActualUse',NULL),('ACTPARAM7efff901:15104fb0702:3886','RULADEF7efff901:15104fb0702:3868','machine',2,'Machine',NULL,'var',NULL,NULL,NULL,'rptis.mach.facts.MachineDetail',NULL),('ACTPARAM7efff901:15104fb0702:449a','RULADEF7efff901:15104fb0702:4487','machuse',1,'Machine Actual Use',NULL,'var',NULL,NULL,NULL,'rptis.mach.facts.MachineActualUse',NULL),('ACTPARAM7efff901:15104fb0702:4552','RULADEF7efff901:15104fb0702:4545','machuse',1,'Machine Actual Use',NULL,'var',NULL,NULL,NULL,'rptis.mach.facts.MachineActualUse',NULL),('rptis.landtax.actions.AddBasic.av','rptis.landtax.actions.AddBasic','av',3,'AV',NULL,'expression',NULL,NULL,NULL,NULL,NULL),('rptis.landtax.actions.AddBasic.avfact','rptis.landtax.actions.AddBasic','avfact',1,'AV Info',NULL,'var',NULL,NULL,NULL,'rptis.landtax.facts.AssessedValue',NULL),('rptis.landtax.actions.AddBasic.year','rptis.landtax.actions.AddBasic','year',2,'Year',NULL,'var',NULL,NULL,NULL,'integer',NULL),('rptis.landtax.actions.AddBillItem.taxsummary','rptis.landtax.actions.AddBillItem','taxsummary',1,'Tax Summary',NULL,'var',NULL,NULL,NULL,'rptis.landtax.facts.RPTLedgerTaxSummaryFact',NULL),('rptis.landtax.actions.AddFireCode.av','rptis.landtax.actions.AddFireCode','av',3,'AV',NULL,'expression',NULL,NULL,NULL,NULL,NULL),('rptis.landtax.actions.AddFireCode.avfact','rptis.landtax.actions.AddFireCode','avfact',1,'AV Info',NULL,'var',NULL,NULL,NULL,'rptis.landtax.facts.AssessedValue',NULL),('rptis.landtax.actions.AddFireCode.year','rptis.landtax.actions.AddFireCode','year',2,'Year',NULL,'var',NULL,NULL,NULL,'integer',NULL),('rptis.landtax.actions.AddIdleLand.av','rptis.landtax.actions.AddIdleLand','av',3,'AV',NULL,'expression',NULL,NULL,NULL,NULL,NULL),('rptis.landtax.actions.AddIdleLand.avfact','rptis.landtax.actions.AddIdleLand','avfact',1,'AV Info',NULL,'var',NULL,NULL,NULL,'rptis.landtax.facts.AssessedValue',NULL),('rptis.landtax.actions.AddIdleLand.year','rptis.landtax.actions.AddIdleLand','year',2,'Year',NULL,'var',NULL,NULL,NULL,NULL,NULL),('rptis.landtax.actions.AddSef.av','rptis.landtax.actions.AddSef','av',3,'AV',NULL,'expression',NULL,NULL,NULL,NULL,NULL),('rptis.landtax.actions.AddSef.avfact','rptis.landtax.actions.AddSef','avfact',1,'AV Info',NULL,'var',NULL,NULL,NULL,'rptis.landtax.facts.AssessedValue',NULL),('rptis.landtax.actions.AddSef.year','rptis.landtax.actions.AddSef','year',2,'Year',NULL,'var',NULL,NULL,NULL,'integer',NULL),('rptis.landtax.actions.AddShare.amtdue','rptis.landtax.actions.AddShare','amtdue',5,'Amount Due',NULL,'expression',NULL,NULL,NULL,NULL,NULL),('rptis.landtax.actions.AddShare.billitem','rptis.landtax.actions.AddShare','billitem',1,'Bill Item',NULL,'var',NULL,NULL,NULL,'rptis.landtax.facts.RPTBillItem',NULL),('rptis.landtax.actions.AddShare.orgclass','rptis.landtax.actions.AddShare','orgclass',2,'Share Type',NULL,'lov',NULL,NULL,NULL,NULL,'RPT_BILLING_LGU_TYPES'),('rptis.landtax.actions.AddShare.orgid','rptis.landtax.actions.AddShare','orgid',3,'Org',NULL,'var','org:lookup','objid','name','String',NULL),('rptis.landtax.actions.AddShare.payableparentacct','rptis.landtax.actions.AddShare','payableparentacct',4,'Payable Account',NULL,'lookup','revenueitem:lookup','objid','title',NULL,NULL),('rptis.landtax.actions.AddShare.rate','rptis.landtax.actions.AddShare','rate',6,'Share (decimal)',NULL,'expression',NULL,NULL,NULL,NULL,NULL),('rptis.landtax.actions.AddSocialHousing.av','rptis.landtax.actions.AddSocialHousing','av',3,'AV',NULL,'expression',NULL,NULL,NULL,NULL,NULL),('rptis.landtax.actions.AddSocialHousing.avfact','rptis.landtax.actions.AddSocialHousing','avfact',1,'AV Info',NULL,'var',NULL,NULL,NULL,'rptis.landtax.facts.AssessedValue',NULL),('rptis.landtax.actions.AddSocialHousing.year','rptis.landtax.actions.AddSocialHousing','year',2,'Year',NULL,'var',NULL,NULL,NULL,NULL,NULL),('rptis.landtax.actions.AggregateLedgerItem.rptledgeritem','rptis.landtax.actions.AggregateLedgerItem','rptledgeritem',1,'Ledger Item',NULL,'var',NULL,NULL,NULL,'rptis.landtax.facts.RPTLedgerItemFact',NULL),('rptis.landtax.actions.CalcDiscount.expr','rptis.landtax.actions.CalcDiscount','expr',2,'Computation',NULL,'expression',NULL,NULL,NULL,NULL,NULL),('rptis.landtax.actions.CalcDiscount.rptledgeritem','rptis.landtax.actions.CalcDiscount','rptledgeritem',1,'Ledger Item',NULL,'var',NULL,NULL,NULL,'rptis.landtax.facts.RPTLedgerItemFact',NULL),('rptis.landtax.actions.CalcInterest.expr','rptis.landtax.actions.CalcInterest','expr',2,'Computation',NULL,'expression',NULL,NULL,NULL,NULL,NULL),('rptis.landtax.actions.CalcInterest.rptledgeritem','rptis.landtax.actions.CalcInterest','rptledgeritem',1,'Ledger Item',NULL,'var',NULL,NULL,NULL,'rptis.landtax.facts.RPTLedgerItemFact',NULL),('rptis.landtax.actions.CalcTax.expr','rptis.landtax.actions.CalcTax','expr',2,'Computation',NULL,'expression',NULL,NULL,NULL,NULL,NULL),('rptis.landtax.actions.CalcTax.rptledgeritem','rptis.landtax.actions.CalcTax','rptledgeritem',1,'Ledger Item',NULL,'var',NULL,NULL,NULL,'rptis.landtax.facts.RPTLedgerItemFact',NULL),('rptis.landtax.actions.CreateTaxSummary.revperiod','rptis.landtax.actions.CreateTaxSummary','revperiod',2,'Revenue Period',NULL,'lov',NULL,NULL,NULL,NULL,'RPT_REVENUE_PERIODS'),('rptis.landtax.actions.CreateTaxSummary.rptledgeritem','rptis.landtax.actions.CreateTaxSummary','rptledgeritem',1,'RPT Ledger Item','','var','','','','rptis.landtax.facts.RPTLedgerItemFact',''),('rptis.landtax.actions.CreateTaxSummary.var','rptis.landtax.actions.CreateTaxSummary','var',3,'Variable Name',NULL,'lookup','rptparameter:lookup','name','name',NULL,''),('rptis.landtax.actions.RemoveLedgerItem.rptledgeritem','rptis.landtax.actions.RemoveLedgerItem','rptledgeritem',1,'Ledger Item',NULL,'var',NULL,NULL,NULL,'rptis.landtax.facts.RPTLedgerItemFact',NULL),('rptis.landtax.actions.SetBillExpiryDate.bill','rptis.landtax.actions.SetBillExpiryDate','bill',1,'Bill',NULL,'var',NULL,NULL,NULL,'rptis.landtax.facts.Bill',NULL),('rptis.landtax.actions.SetBillExpiryDate.expr','rptis.landtax.actions.SetBillExpiryDate','expr',2,'Expiry Date',NULL,'expression',NULL,NULL,NULL,NULL,NULL),('rptis.landtax.actions.SplitByQtr.rptledgeritem','rptis.landtax.actions.SplitByQtr','rptledgeritem',1,'Ledger Item',NULL,'var',NULL,NULL,NULL,'rptis.landtax.facts.RPTLedgerItemFact',NULL),('rptis.landtax.actions.SplitLedgerItem.rptledgeritem','rptis.landtax.actions.SplitLedgerItem','rptledgeritem',1,'Ledger Item',NULL,'var',NULL,NULL,NULL,'rptis.landtax.facts.RPTLedgerItemFact',NULL),('rptis.landtax.actions.UpdateAV.avfact','rptis.landtax.actions.UpdateAV','avfact',1,'Assessed Value',NULL,'var',NULL,NULL,NULL,'rptis.landtax.facts.AssessedValue',NULL),('rptis.landtax.actions.UpdateAV.expr','rptis.landtax.actions.UpdateAV','expr',2,'Computation',NULL,'expression',NULL,NULL,NULL,NULL,NULL),('treasury.actions.AddBillItem.account','treasury.actions.AddBillItem','account',1,'Account',NULL,'lookup','revenueitem:lookup','objid','title',NULL,NULL),('treasury.actions.AddBillItem.amount','treasury.actions.AddBillItem','amount',2,'Amount',NULL,'expression',NULL,NULL,NULL,NULL,NULL),('treasury.actions.AddBillItem.fromdate','treasury.actions.AddBillItem','fromdate',6,'From Date',NULL,'expression',NULL,NULL,NULL,NULL,NULL),('treasury.actions.AddBillItem.month','treasury.actions.AddBillItem','month',5,'Month',NULL,'expression',NULL,NULL,NULL,NULL,NULL),('treasury.actions.AddBillItem.refid','treasury.actions.AddBillItem','refid',9,'Ref ID',NULL,'var',NULL,NULL,NULL,'string',NULL),('treasury.actions.AddBillItem.remarks','treasury.actions.AddBillItem','remarks',8,'Remarks',NULL,'expression',NULL,NULL,NULL,NULL,NULL),('treasury.actions.AddBillItem.todate','treasury.actions.AddBillItem','todate',7,'To Date',NULL,'expression',NULL,NULL,NULL,NULL,NULL),('treasury.actions.AddBillItem.txntype','treasury.actions.AddBillItem','txntype',3,'Txn Type',NULL,'lookup','billitem_txntype:lookup','objid','title','string',NULL),('treasury.actions.AddBillItem.year','treasury.actions.AddBillItem','year',4,'Year',NULL,'expression',NULL,NULL,NULL,NULL,NULL),('treasury.actions.AddDueDate.date','treasury.actions.AddDueDate','date',1,'Date',NULL,'expression',NULL,NULL,NULL,NULL,NULL),('treasury.actions.AddDueDate.tag','treasury.actions.AddDueDate','tag',2,'Tag','string','string',NULL,NULL,NULL,'string',NULL),('treasury.actions.AddRevenueShareByOrg.amount','treasury.actions.AddRevenueShare','amount',4,'Amount',NULL,'expression',NULL,NULL,NULL,NULL,NULL),('treasury.actions.AddRevenueShareByOrg.org','treasury.actions.AddRevenueShare','org',3,'Org',NULL,'var',NULL,NULL,NULL,'enterprise.facts.Org',NULL),('treasury.actions.AddRevenueShareByOrg.payableaccount','treasury.actions.AddRevenueShare','payableaccount',2,'Payable Account',NULL,'lookup','payableaccount:lookup','objid','title','string',NULL),('treasury.actions.AddRevenueShareByOrg.refitem','treasury.actions.AddRevenueShare','refitem',1,'Ref Item',NULL,'var','revenueitem:lookup','objid','title','treasury.facts.AbstractBillItem',NULL),('treasury.actions.UpdateFieldValue.fieldname','treasury.actions.UpdateFieldValue','fieldname',2,'Field name',NULL,'fieldlist',NULL,'object',NULL,NULL,NULL),('treasury.actions.UpdateFieldValue.object','treasury.actions.UpdateFieldValue','object',1,'Object',NULL,'var',NULL,NULL,NULL,'obj',NULL),('treasury.actions.UpdateFieldValue.value','treasury.actions.UpdateFieldValue','value',3,'Value',NULL,'expression',NULL,NULL,NULL,NULL,NULL);
/*!40000 ALTER TABLE `sys_rule_actiondef_param` ENABLE KEYS */;
UNLOCK TABLES;

--
-- Dumping data for table `sys_rule_condition`
--

LOCK TABLES `sys_rule_condition` WRITE;
/*!40000 ALTER TABLE `sys_rule_condition` DISABLE KEYS */;
INSERT INTO `sys_rule_condition` VALUES ('RC-15f7fe9f:15cf6ec9fa5:-7fc3','RUL-31fc82f2:15cf6ecbe4d:-6b3d','LandDetail','RULFACT3afe51b9:146f7088d9c:-7db1','LA',0,NULL,NULL,NULL,NULL,NULL,0),('RC-34ab44ad:166c3c53b1b:-7cde','RUL172e9d9f:166c3c54d48:1e3d','rptis.landtax.facts.RPTBillItem','rptis.landtax.facts.RPTBillItem','BILLITEM',0,NULL,NULL,NULL,NULL,NULL,0),('RC-34ab44ad:166c3c53b1b:-7ce0','RUL172e9d9f:166c3c54d48:1e3d','rptis.landtax.facts.RPTLedgerFact','rptis.landtax.facts.RPTLedgerFact','RL',1,NULL,NULL,NULL,NULL,NULL,0),('RC-34ab44ad:166c3c53b1b:-7cec','RUL172e9d9f:166c3c54d48:1e0b','rptis.landtax.facts.RPTLedgerFact','rptis.landtax.facts.RPTLedgerFact','RL',1,NULL,NULL,NULL,NULL,NULL,0),('RC-34ab44ad:166c3c53b1b:-7cef','RUL172e9d9f:166c3c54d48:1e0b','rptis.landtax.facts.RPTBillItem','rptis.landtax.facts.RPTBillItem','BILLITEM',0,NULL,NULL,NULL,NULL,NULL,0),('RC-34ab44ad:166c3c53b1b:-7cfe','RUL172e9d9f:166c3c54d48:1c14','rptis.landtax.facts.RPTLedgerFact','rptis.landtax.facts.RPTLedgerFact','RL',1,NULL,NULL,NULL,NULL,NULL,0),('RC-34ab44ad:166c3c53b1b:-7d01','RUL172e9d9f:166c3c54d48:1c14','rptis.landtax.facts.RPTBillItem','rptis.landtax.facts.RPTBillItem','BILLITEM',0,NULL,NULL,NULL,NULL,NULL,0),('RC-34ab44ad:166c3c53b1b:-7d0b','RUL172e9d9f:166c3c54d48:1bec','rptis.landtax.facts.RPTBillItem','rptis.landtax.facts.RPTBillItem','BILLITEM',0,NULL,NULL,NULL,NULL,NULL,0),('RC-34ab44ad:166c3c53b1b:-7d0d','RUL172e9d9f:166c3c54d48:1bec','rptis.landtax.facts.RPTLedgerFact','rptis.landtax.facts.RPTLedgerFact','RL',1,NULL,NULL,NULL,NULL,NULL,0),('RC-34ab44ad:166c3c53b1b:-7d1b','RUL172e9d9f:166c3c54d48:18a2','rptis.landtax.facts.RPTLedgerItemFact','rptis.landtax.facts.RPTLedgerItemFact','RLI',1,NULL,NULL,NULL,NULL,NULL,0),('RC-36fdb4be:1675cf0d583:-7f9f','RUL200eb568:1675cf148a8:-7bfa','CurrentDate','CurrentDate',NULL,0,NULL,NULL,NULL,NULL,NULL,0),('RC-36fdb4be:1675cf0d583:-7fa4','RUL200eb568:1675cf148a8:-7bfa','rptis.landtax.facts.RPTLedgerItemFact','rptis.landtax.facts.RPTLedgerItemFact','RLI',1,NULL,NULL,NULL,NULL,NULL,0),('RC-543b8ba9:166995918fb:-7edf','RUL76444f2f:16699599f73:-76eb','rptis.landtax.facts.RPTBillItem','rptis.landtax.facts.RPTBillItem','BILLITEM',0,NULL,NULL,NULL,NULL,NULL,0),('RC-543b8ba9:166995918fb:-7ee2','RUL76444f2f:16699599f73:-76eb','rptis.landtax.facts.RPTLedgerFact','rptis.landtax.facts.RPTLedgerFact','RL',1,NULL,NULL,NULL,NULL,NULL,0),('RC-543b8ba9:166995918fb:-7eeb','RUL76444f2f:16699599f73:-7713','rptis.landtax.facts.RPTLedgerFact','rptis.landtax.facts.RPTLedgerFact','RL',1,NULL,NULL,NULL,NULL,NULL,0),('RC-543b8ba9:166995918fb:-7eee','RUL76444f2f:16699599f73:-7713','rptis.landtax.facts.RPTBillItem','rptis.landtax.facts.RPTBillItem','BILLITEM',0,NULL,NULL,NULL,NULL,NULL,0),('RC-543b8ba9:166995918fb:-7f11','RUL76444f2f:16699599f73:-797d','rptis.landtax.facts.RPTBillItem','rptis.landtax.facts.RPTBillItem','BILLITEM',0,NULL,NULL,NULL,NULL,NULL,0),('RC-543b8ba9:166995918fb:-7f13','RUL76444f2f:16699599f73:-797d','rptis.landtax.facts.RPTLedgerFact','rptis.landtax.facts.RPTLedgerFact','RL',1,NULL,NULL,NULL,NULL,NULL,0),('RC-543b8ba9:166995918fb:-7f1c','RUL76444f2f:16699599f73:-79a5','rptis.landtax.facts.RPTLedgerFact','rptis.landtax.facts.RPTLedgerFact','RL',1,NULL,NULL,NULL,NULL,NULL,0),('RC-543b8ba9:166995918fb:-7f1f','RUL76444f2f:16699599f73:-79a5','rptis.landtax.facts.RPTBillItem','rptis.landtax.facts.RPTBillItem','BILLITEM',0,NULL,NULL,NULL,NULL,NULL,0),('RC-69b5f604:15cfc6b3e74:-7e3b','RUL-79a9a347:15cfcae84de:-707b','BldgAssessment','RULFACT-39192c48:1471ebc2797:-7faf','BA',0,NULL,NULL,NULL,NULL,NULL,0),('RC16a7ee38:15cfcd300fe:-7fba','RUL-79a9a347:15cfcae84de:-55fd','RPUAssessment','RULFACT-39192c48:1471ebc2797:-7faf','RA',0,NULL,NULL,NULL,NULL,NULL,0),('RC16a7ee38:15cfcd300fe:-7fbc','RUL-79a9a347:15cfcae84de:-55fd','RPU','RULFACT3afe51b9:146f7088d9c:-7eb6','RPU',1,NULL,NULL,NULL,NULL,NULL,0),('RC38ed9262:166c2f569fa:-7f72','RUL37d1c65b:166c2f36d94:-619e','CurrentDate','CurrentDate',NULL,0,NULL,NULL,NULL,NULL,NULL,0),('RC38ed9262:166c2f569fa:-7f77','RUL37d1c65b:166c2f36d94:-619e','rptis.landtax.facts.RPTLedgerItemFact','rptis.landtax.facts.RPTLedgerItemFact','RLI',1,NULL,NULL,NULL,NULL,NULL,0),('RC440e47f4:166ae4152f1:-7fa6','RUL1262ad19:166ae41b1fb:-7bf6','rptis.landtax.facts.RPTLedgerFact','rptis.landtax.facts.RPTLedgerFact','RL',1,NULL,NULL,NULL,NULL,NULL,0),('RC440e47f4:166ae4152f1:-7fa9','RUL1262ad19:166ae41b1fb:-7bf6','rptis.landtax.facts.RPTBillItem','rptis.landtax.facts.RPTBillItem','BILLITEM',0,NULL,NULL,NULL,NULL,NULL,0),('RC440e47f4:166ae4152f1:-7fb5','RUL1262ad19:166ae41b1fb:-7c23','rptis.landtax.facts.RPTBillItem','rptis.landtax.facts.RPTBillItem','BILLITEM',0,NULL,NULL,NULL,NULL,NULL,0),('RC440e47f4:166ae4152f1:-7fb7','RUL1262ad19:166ae41b1fb:-7c23','rptis.landtax.facts.RPTLedgerFact','rptis.landtax.facts.RPTLedgerFact','RL',1,NULL,NULL,NULL,NULL,NULL,0),('RC440e47f4:166ae4152f1:-7fbe','RUL1262ad19:166ae41b1fb:-7c88','CurrentDate','CurrentDate',NULL,0,NULL,NULL,NULL,NULL,NULL,0),('RC440e47f4:166ae4152f1:-7fc0','RUL1262ad19:166ae41b1fb:-7c88','rptis.landtax.facts.RPTLedgerItemFact','rptis.landtax.facts.RPTLedgerItemFact','RLI',1,NULL,NULL,NULL,NULL,NULL,0),('RC6407baa3:164078ceff4:-7f3a','RUL-240e09a9:164078d36c8:-716f','rptis.landtax.facts.RPTLedgerFact','rptis.landtax.facts.RPTLedgerFact','RL',1,NULL,NULL,NULL,NULL,NULL,0),('RC6407baa3:164078ceff4:-7f3d','RUL-240e09a9:164078d36c8:-716f','rptis.landtax.facts.RPTBillItem','rptis.landtax.facts.RPTBillItem','BILLITEM',0,NULL,NULL,NULL,NULL,NULL,0),('RC6407baa3:164078ceff4:-7f48','RUL-240e09a9:164078d36c8:-7197','rptis.landtax.facts.RPTLedgerFact','rptis.landtax.facts.RPTLedgerFact','RL',1,NULL,NULL,NULL,NULL,NULL,0),('RC6407baa3:164078ceff4:-7f4b','RUL-240e09a9:164078d36c8:-7197','rptis.landtax.facts.RPTBillItem','rptis.landtax.facts.RPTBillItem','BILLITEM',0,NULL,NULL,NULL,NULL,NULL,0),('RC6407baa3:164078ceff4:-7f55','RUL-240e09a9:164078d36c8:-71bf','rptis.landtax.facts.RPTBillItem','rptis.landtax.facts.RPTBillItem','BILLITEM',0,NULL,NULL,NULL,NULL,NULL,0),('RC6407baa3:164078ceff4:-7f57','RUL-240e09a9:164078d36c8:-71bf','rptis.landtax.facts.RPTLedgerFact','rptis.landtax.facts.RPTLedgerFact','RL',1,NULL,NULL,NULL,NULL,NULL,0),('RC6407baa3:164078ceff4:-7f9c','RUL-240e09a9:164078d36c8:-73ef','rptis.landtax.facts.RPTLedgerFact','rptis.landtax.facts.RPTLedgerFact','RL',1,NULL,NULL,NULL,NULL,NULL,0),('RC6407baa3:164078ceff4:-7f9f','RUL-240e09a9:164078d36c8:-73ef','rptis.landtax.facts.RPTBillItem','rptis.landtax.facts.RPTBillItem','BILLITEM',0,NULL,NULL,NULL,NULL,NULL,0),('RC6407baa3:164078ceff4:-7fae','RUL-240e09a9:164078d36c8:-74de','rptis.landtax.facts.RPTBillItem','rptis.landtax.facts.RPTBillItem','BILLITEM',0,NULL,NULL,NULL,NULL,NULL,0),('RC6407baa3:164078ceff4:-7fb0','RUL-240e09a9:164078d36c8:-74de','rptis.landtax.facts.RPTLedgerFact','rptis.landtax.facts.RPTLedgerFact','RL',1,NULL,NULL,NULL,NULL,NULL,0),('RC6407baa3:164078ceff4:-7fbf','RUL-240e09a9:164078d36c8:-7594','rptis.landtax.facts.RPTBillItem','rptis.landtax.facts.RPTBillItem','BILLITEM',0,NULL,NULL,NULL,NULL,NULL,0),('RC6407baa3:164078ceff4:-7fc1','RUL-240e09a9:164078d36c8:-7594','rptis.landtax.facts.RPTLedgerFact','rptis.landtax.facts.RPTLedgerFact','RL',1,NULL,NULL,NULL,NULL,NULL,0),('RC70978a15:166ae6875d1:-7f22','RUL7e02b404:166ae687f42:-5511','rptis.landtax.facts.RPTLedgerItemFact','rptis.landtax.facts.RPTLedgerItemFact','RLI',1,NULL,NULL,NULL,NULL,NULL,0),('RC70978a15:166ae6875d1:-7f24','RUL7e02b404:166ae687f42:-5511','CurrentDate','CurrentDate',NULL,0,NULL,NULL,NULL,NULL,NULL,0),('RC7280357:166235c1be7:-7f7c','RUL-408f6635:16623fa566b:-755b','rptis.landtax.facts.RPTLedgerFact','rptis.landtax.facts.RPTLedgerFact','RL',1,NULL,NULL,NULL,NULL,NULL,0),('RC7280357:166235c1be7:-7f7f','RUL-408f6635:16623fa566b:-755b','rptis.landtax.facts.RPTBillItem','rptis.landtax.facts.RPTBillItem','BILLITEM',0,NULL,NULL,NULL,NULL,NULL,0),('RC7280357:166235c1be7:-7f89','RUL-408f6635:16623fa566b:-767f','rptis.landtax.facts.RPTBillItem','rptis.landtax.facts.RPTBillItem','BILLITEM',0,NULL,NULL,NULL,NULL,NULL,0),('RC7280357:166235c1be7:-7f8b','RUL-408f6635:16623fa566b:-767f','rptis.landtax.facts.RPTLedgerFact','rptis.landtax.facts.RPTLedgerFact','RL',1,NULL,NULL,NULL,NULL,NULL,0),('RC7280357:166235c1be7:-7f94','RUL-408f6635:16623fa566b:-780a','rptis.landtax.facts.RPTLedgerFact','rptis.landtax.facts.RPTLedgerFact','RL',1,NULL,NULL,NULL,NULL,NULL,0),('RC7280357:166235c1be7:-7f97','RUL-408f6635:16623fa566b:-780a','rptis.landtax.facts.RPTBillItem','rptis.landtax.facts.RPTBillItem','BILLITEM',0,NULL,NULL,NULL,NULL,NULL,0),('RC7280357:166235c1be7:-7fa1','RUL-408f6635:16623fa566b:-7932','rptis.landtax.facts.RPTBillItem','rptis.landtax.facts.RPTBillItem','BILLITEM',0,NULL,NULL,NULL,NULL,NULL,0),('RC7280357:166235c1be7:-7fa3','RUL-408f6635:16623fa566b:-7932','rptis.landtax.facts.RPTLedgerFact','rptis.landtax.facts.RPTLedgerFact','RL',1,NULL,NULL,NULL,NULL,NULL,0),('RC7280357:166235c1be7:-7fad','RULec9d7ab:166235c2e16:-26bf','CurrentDate','CurrentDate',NULL,0,NULL,NULL,NULL,NULL,NULL,0),('RC7280357:166235c1be7:-7faf','RULec9d7ab:166235c2e16:-26bf','rptis.landtax.facts.RPTLedgerItemFact','rptis.landtax.facts.RPTLedgerItemFact','RLI',1,NULL,NULL,NULL,NULL,NULL,0),('RC7280357:166235c1be7:-7fb4','RULec9d7ab:166235c2e16:-26d0','CurrentDate','CurrentDate',NULL,0,NULL,NULL,NULL,NULL,NULL,0),('RC7280357:166235c1be7:-7fb6','RULec9d7ab:166235c2e16:-26d0','rptis.landtax.facts.RPTLedgerItemFact','rptis.landtax.facts.RPTLedgerItemFact','RLI',1,NULL,NULL,NULL,NULL,NULL,0),('RC7280357:166235c1be7:-7fbb','RULec9d7ab:166235c2e16:-319f','CurrentDate','CurrentDate',NULL,0,NULL,NULL,NULL,NULL,NULL,0),('RC7280357:166235c1be7:-7fbd','RULec9d7ab:166235c2e16:-319f','rptis.landtax.facts.RPTLedgerFact','rptis.landtax.facts.RPTLedgerFact','RL',1,NULL,NULL,NULL,NULL,NULL,0),('RC7280357:166235c1be7:-7fc0','RULec9d7ab:166235c2e16:-319f','rptis.landtax.facts.Bill','rptis.landtax.facts.Bill','BILL',2,NULL,NULL,NULL,NULL,NULL,0),('RC7280357:166235c1be7:-7fc7','RULec9d7ab:166235c2e16:-3811','rptis.landtax.facts.RPTLedgerItemFact','rptis.landtax.facts.RPTLedgerItemFact','RLI',1,NULL,NULL,NULL,NULL,NULL,0),('RC7280357:166235c1be7:-7fc9','RULec9d7ab:166235c2e16:-3811','rptis.landtax.facts.Bill','rptis.landtax.facts.Bill','BILL',2,NULL,NULL,NULL,NULL,NULL,0),('RC7280357:166235c1be7:-7fcf','RULec9d7ab:166235c2e16:-4197','CurrentDate','CurrentDate',NULL,0,NULL,NULL,NULL,NULL,NULL,0),('RC7280357:166235c1be7:-7fd4','RULec9d7ab:166235c2e16:-4197','rptis.landtax.facts.RPTLedgerItemFact','rptis.landtax.facts.RPTLedgerItemFact','RLI',1,NULL,NULL,NULL,NULL,NULL,0),('RCOND-103fed47:146ffb40356:-7d40','RUL3e2b89cb:146ff734573:-7dcc','BldgRPU','RULFACT3e2b89cb:146ff734573:-7fcb','RPU',0,NULL,NULL,NULL,NULL,NULL,0),('RCOND-2486b0ca:146fff66c3e:-2bf1','RUL-2486b0ca:146fff66c3e:-2c4a','BldgUse','RULFACT-2486b0ca:146fff66c3e:-7b6a','BU',0,NULL,NULL,NULL,NULL,NULL,0),('RCOND-2486b0ca:146fff66c3e:-3888','RUL-2486b0ca:146fff66c3e:-38e4','BldgFloor','RULFACT-2486b0ca:146fff66c3e:-7ad1','BF',0,NULL,NULL,NULL,NULL,NULL,0),('RCOND-2486b0ca:146fff66c3e:-3ed1','RUL-2486b0ca:146fff66c3e:-4192','BldgUse','RULFACT-2486b0ca:146fff66c3e:-7b6a','BU',1,NULL,NULL,NULL,NULL,NULL,0),('RCOND-2486b0ca:146fff66c3e:-3f91','RUL-2486b0ca:146fff66c3e:-4192','BldgRPU','RULFACT3e2b89cb:146ff734573:-7fcb','RPU',0,NULL,NULL,NULL,NULL,NULL,0),('RCOND-2486b0ca:146fff66c3e:-445d','RUL-2486b0ca:146fff66c3e:-4697','BldgStructure','RULFACT-2486b0ca:146fff66c3e:-7e0e','BS',0,NULL,NULL,NULL,NULL,NULL,0),('RCOND-2486b0ca:146fff66c3e:-6aad','RUL-2486b0ca:146fff66c3e:-6b05','BldgFloor','RULFACT-2486b0ca:146fff66c3e:-7ad1','BF',0,NULL,NULL,NULL,NULL,NULL,0),('RCOND-24ff7cfb:1675d220a6c:-596b','RUL-24ff7cfb:1675d220a6c:-5c17','rptis.landtax.facts.RPTLedgerItemFact','rptis.landtax.facts.RPTLedgerItemFact','RLI',2,NULL,NULL,NULL,NULL,NULL,0),('RCOND-24ff7cfb:1675d220a6c:-5a00','RUL-24ff7cfb:1675d220a6c:-5c17','rptis.landtax.facts.RPTLedgerFact','rptis.landtax.facts.RPTLedgerFact','RL',1,NULL,NULL,NULL,NULL,NULL,0),('RCOND-24ff7cfb:1675d220a6c:-5bd3','RUL-24ff7cfb:1675d220a6c:-5c17','CurrentDate','CurrentDate',NULL,0,NULL,NULL,NULL,NULL,NULL,0),('RCOND-24ff7cfb:1675d220a6c:-614d','RUL-24ff7cfb:1675d220a6c:-64fb','rptis.landtax.facts.RPTLedgerItemFact','rptis.landtax.facts.RPTLedgerItemFact','RLI',1,NULL,NULL,NULL,NULL,NULL,0),('RCOND-24ff7cfb:1675d220a6c:-64b7','RUL-24ff7cfb:1675d220a6c:-64fb','CurrentDate','CurrentDate',NULL,0,NULL,NULL,NULL,NULL,NULL,0),('RCOND-24ff7cfb:1675d220a6c:-7716','RUL-24ff7cfb:1675d220a6c:-78b5','rptis.landtax.facts.RPTLedgerItemFact','rptis.landtax.facts.RPTLedgerItemFact','RLI',1,NULL,NULL,NULL,NULL,NULL,0),('RCOND-24ff7cfb:1675d220a6c:-7871','RUL-24ff7cfb:1675d220a6c:-78b5','CurrentDate','CurrentDate',NULL,0,NULL,NULL,NULL,NULL,NULL,0),('RCOND-28dc975:156bcab666c:-5f3d','RUL-3e8edbea:156bc08656a:-5f05','miscvariable','RULFACT1b4af871:14e3cc46e09:-34c1','VAR',1,NULL,NULL,NULL,NULL,NULL,0),('RCOND-28dc975:156bcab666c:-6051','RUL-3e8edbea:156bc08656a:-5f05','RPU','RULFACT3afe51b9:146f7088d9c:-7eb6','RPU',0,NULL,NULL,NULL,NULL,NULL,0),('RCOND-2ede6703:16642adb9ce:-7a39','RUL-2ede6703:16642adb9ce:-7ba0','rptis.landtax.facts.Bill','rptis.landtax.facts.Bill','BILL',0,NULL,NULL,NULL,NULL,NULL,0),('RCOND-408f6635:16623fa566b:-7b9e','RULec9d7ab:166235c2e16:-243a','rptis.landtax.facts.RPTLedgerFact','rptis.landtax.facts.RPTLedgerFact','RL',1,NULL,NULL,NULL,NULL,NULL,0),('RCOND-408f6635:16623fa566b:-7c9e','RULec9d7ab:166235c2e16:-243a','rptis.landtax.facts.RPTBillItem','rptis.landtax.facts.RPTBillItem','BILLITEM',0,NULL,NULL,NULL,NULL,NULL,0),('RCOND-46fca07e:14c545f3e6a:-3353','RUL-46fca07e:14c545f3e6a:-33b4','BldgFloor','RULFACT-2486b0ca:146fff66c3e:-7ad1','BF',0,NULL,NULL,NULL,NULL,NULL,0),('RCOND-46fca07e:14c545f3e6a:-34b0','RUL-46fca07e:14c545f3e6a:-350f','BldgUse','RULFACT-2486b0ca:146fff66c3e:-7b6a','BU',0,NULL,NULL,NULL,NULL,NULL,0),('RCOND-46fca07e:14c545f3e6a:-7707','RUL-46fca07e:14c545f3e6a:-7740','LandDetail','RULFACT3afe51b9:146f7088d9c:-7db1','LA',0,NULL,NULL,NULL,NULL,NULL,0),('RCOND-46fca07e:14c545f3e6a:-786f','RUL-46fca07e:14c545f3e6a:-7a8b','LandDetail','RULFACT3afe51b9:146f7088d9c:-7db1','LA',0,NULL,NULL,NULL,NULL,NULL,0),('RCOND-57007687:1750090229e:-7c9c','RUL-57007687:1750090229e:-7df5','rptis.landtax.facts.RPTLedgerItemFact','rptis.landtax.facts.RPTLedgerItemFact','RLI',1,NULL,NULL,NULL,NULL,NULL,0),('RCOND-57007687:1750090229e:-7d90','RUL-57007687:1750090229e:-7df5','CurrentDate','CurrentDate',NULL,0,NULL,NULL,NULL,NULL,NULL,0),('RCOND-59249a93:1614f57bd58:-7d29','RUL-59249a93:1614f57bd58:-7d49','AssessedValue',NULL,'AVINFO',0,NULL,NULL,NULL,NULL,NULL,0),('RCOND-5e76cf73:14d69e9c549:-701c','RUL-5e76cf73:14d69e9c549:-7084','LandDetail','RULFACT3afe51b9:146f7088d9c:-7db1','LA',0,NULL,NULL,NULL,NULL,NULL,0),('RCOND-5e76cf73:14d69e9c549:-7e5d','RUL-5e76cf73:14d69e9c549:-7fd4','LandAdjustment','RULFACT-5e76cf73:14d69e9c549:-7f07','ADJ',0,NULL,NULL,NULL,NULL,NULL,0),('RCOND-60c99d04:1470b276e7f:-7dd3','RUL-60c99d04:1470b276e7f:-7ecc','BldgUse','RULFACT-2486b0ca:146fff66c3e:-7b6a','BU',1,NULL,NULL,NULL,NULL,NULL,0),('RCOND-60c99d04:1470b276e7f:-7e2a','RUL-60c99d04:1470b276e7f:-7ecc','BldgStructure','RULFACT-2486b0ca:146fff66c3e:-7e0e','BS',0,NULL,NULL,NULL,NULL,NULL,0),('RCOND-6c4ec747:154bd626092:-55c3','RUL-6c4ec747:154bd626092:-5616','MachineDetail','RULFACT1e772168:14c5a447e35:-7f78','MACH',0,NULL,NULL,NULL,NULL,NULL,0),('RCOND-762e9176:15d067a9c42:-5928','RUL-762e9176:15d067a9c42:-5aa0','RPU','RULFACT3afe51b9:146f7088d9c:-7eb6','RPU',1,NULL,NULL,NULL,NULL,NULL,0),('RCOND-762e9176:15d067a9c42:-5a4b','RUL-762e9176:15d067a9c42:-5aa0','miscvariable','RULFACT1b4af871:14e3cc46e09:-34c1','VAR',0,NULL,NULL,NULL,NULL,NULL,0),('RCOND-762e9176:15d067a9c42:-5d56','RUL-762e9176:15d067a9c42:-5e26','RPU','RULFACT3afe51b9:146f7088d9c:-7eb6','RPU',1,NULL,NULL,NULL,NULL,NULL,0),('RCOND-762e9176:15d067a9c42:-5dd2','RUL-762e9176:15d067a9c42:-5e26','RPUAssessment','RULFACT-39192c48:1471ebc2797:-7faf','RA',0,NULL,NULL,NULL,NULL,NULL,0),('RCOND-79a9a347:15cfcae84de:-1e48','RUL-79a9a347:15cfcae84de:-1ed3','miscvariable','RULFACT1b4af871:14e3cc46e09:-34c1','VAR',1,NULL,NULL,NULL,NULL,NULL,0),('RCOND-79a9a347:15cfcae84de:-1e8b','RUL-79a9a347:15cfcae84de:-1ed3','RPU','RULFACT3afe51b9:146f7088d9c:-7eb6','RPU',0,NULL,NULL,NULL,NULL,NULL,0),('RCOND-79a9a347:15cfcae84de:-20e8','RUL-79a9a347:15cfcae84de:-2167','RPUAssessment','RULFACT-39192c48:1471ebc2797:-7faf','RA',0,NULL,NULL,NULL,NULL,NULL,0),('RCOND-79a9a347:15cfcae84de:-5af4','RUL-79a9a347:15cfcae84de:-6f2a','miscvariable','RULFACT1b4af871:14e3cc46e09:-34c1','VAR',1,NULL,NULL,NULL,NULL,NULL,0),('RCOND-79a9a347:15cfcae84de:-6222','RUL-79a9a347:15cfcae84de:-6401','RPU','RULFACT3afe51b9:146f7088d9c:-7eb6','RPU',1,NULL,NULL,NULL,NULL,NULL,0),('RCOND-79a9a347:15cfcae84de:-637a','RUL-79a9a347:15cfcae84de:-6401','RPUAssessment','RULFACT-39192c48:1471ebc2797:-7faf','RA',0,NULL,NULL,NULL,NULL,NULL,0),('RCOND-79a9a347:15cfcae84de:-6ebc','RUL-79a9a347:15cfcae84de:-6f2a','RPU','RULFACT3afe51b9:146f7088d9c:-7eb6','RPU',0,NULL,NULL,NULL,NULL,NULL,0),('RCOND-79a9a347:15cfcae84de:-928','RUL-79a9a347:15cfcae84de:-b33','MachineDetail','RULFACT1e772168:14c5a447e35:-7f78','MACH',1,NULL,NULL,NULL,NULL,NULL,0),('RCOND-79a9a347:15cfcae84de:-a77','RUL-79a9a347:15cfcae84de:-b33','MachineActualUse','RULFACT1e772168:14c5a447e35:-7fd5','MAU',0,NULL,NULL,NULL,NULL,NULL,0),('RCOND-79a9a347:15cfcae84de:-c6d','RUL-79a9a347:15cfcae84de:-2167','RPU','RULFACT3afe51b9:146f7088d9c:-7eb6','RPU',1,NULL,NULL,NULL,NULL,NULL,0),('RCOND-79a9a347:15cfcae84de:4fcd','RUL-79a9a347:15cfcae84de:4f83','RPUAssessment','RULFACT-39192c48:1471ebc2797:-7faf','RA',0,NULL,NULL,NULL,NULL,NULL,0),('RCOND-79a9a347:15cfcae84de:508d','RUL-79a9a347:15cfcae84de:4f83','RPU','RULFACT3afe51b9:146f7088d9c:-7eb6','RPU',1,NULL,NULL,NULL,NULL,NULL,0),('RCOND-79a9a347:15cfcae84de:553c','RUL-79a9a347:15cfcae84de:549e','RPU','RULFACT3afe51b9:146f7088d9c:-7eb6','RPU',1,NULL,NULL,NULL,NULL,NULL,0),('RCOND-79a9a347:15cfcae84de:55ab','RUL-79a9a347:15cfcae84de:549e','miscvariable','RULFACT1b4af871:14e3cc46e09:-34c1','VAR',1,NULL,NULL,NULL,NULL,NULL,0),('RCOND-79a9a347:15cfcae84de:fb4','RUL-79a9a347:15cfcae84de:f6c','PlantTreeDetail','RULFACT6b62feef:14c53ac1f59:-7f69','PTD',0,NULL,NULL,NULL,NULL,NULL,0),('RCOND-a35dd35:14e51ec3311:-5d14','RUL-a35dd35:14e51ec3311:-5d4c','MiscRPU','RULFACT1b4af871:14e3cc46e09:-36aa','MRPU',0,NULL,NULL,NULL,NULL,NULL,0),('RCOND1441128c:1471efa4c1c:-6c2f','RUL1441128c:1471efa4c1c:-6c93','BldgAssessment','RULFACT-39192c48:1471ebc2797:-7faf','BA',0,NULL,NULL,NULL,NULL,NULL,0),('RCOND1441128c:1471efa4c1c:-6d84','RUL1441128c:1471efa4c1c:-6eaa','BldgUse','RULFACT-2486b0ca:146fff66c3e:-7b6a','BU',0,NULL,NULL,NULL,NULL,NULL,0),('RCOND1b4af871:14e3cc46e09:-2fc5','RUL1b4af871:14e3cc46e09:-301e','MiscItem','RULFACT59614e16:14c5e56ecc8:-7fd1','MI',1,NULL,NULL,NULL,NULL,NULL,0),('RCOND1b4af871:14e3cc46e09:-2fe8','RUL1b4af871:14e3cc46e09:-301e','MiscRPU','RULFACT1b4af871:14e3cc46e09:-36aa','MRPU',0,NULL,NULL,NULL,NULL,NULL,0),('RCOND1b4af871:14e3cc46e09:-31fc','RUL1b4af871:14e3cc46e09:-3341','MiscItem','RULFACT59614e16:14c5e56ecc8:-7fd1','MI',1,NULL,NULL,NULL,NULL,NULL,0),('RCOND1b4af871:14e3cc46e09:-3242','RUL1b4af871:14e3cc46e09:-3341','MiscRPU','RULFACT1b4af871:14e3cc46e09:-36aa','MRPU',0,NULL,NULL,NULL,NULL,NULL,0),('RCOND1e772168:14c5a447e35:-65bc','RUL1e772168:14c5a447e35:-669c','MachineDetail','RULFACT1e772168:14c5a447e35:-7f78','MACH',0,NULL,NULL,NULL,NULL,NULL,0),('RCOND1e772168:14c5a447e35:-6cfc','RUL1e772168:14c5a447e35:-6d2f','MachineDetail','RULFACT1e772168:14c5a447e35:-7f78','MACH',0,NULL,NULL,NULL,NULL,NULL,0),('RCOND1e772168:14c5a447e35:-7dce','RUL1e772168:14c5a447e35:-7e01','MachineDetail','RULFACT1e772168:14c5a447e35:-7f78','MACH',0,NULL,NULL,NULL,NULL,NULL,0),('RCOND1ff29cd0:1572617f8d8:-7d30','RUL-a35dd35:14e51ec3311:-5d4c','MiscItem','RULFACT59614e16:14c5e56ecc8:-7fd1','MI',1,NULL,NULL,NULL,NULL,NULL,0),('RCOND37c09be1:17e1d5e3d87:-7947','RUL37c09be1:17e1d5e3d87:-7bca','rptis.landtax.facts.RPTLedgerItemFact','rptis.landtax.facts.RPTLedgerItemFact','RLI',1,NULL,NULL,NULL,NULL,NULL,0),('RCOND37c09be1:17e1d5e3d87:-7b84','RUL37c09be1:17e1d5e3d87:-7bca','CurrentDate','CurrentDate',NULL,0,NULL,NULL,NULL,NULL,NULL,0),('RCOND37df8403:14c5405fff0:-7693','RUL37df8403:14c5405fff0:-76bf','PlantTreeDetail','RULFACT6b62feef:14c53ac1f59:-7f69','PTD',0,NULL,NULL,NULL,NULL,NULL,0),('RCOND3b800abe:14d2b978f55:-6196','RUL3b800abe:14d2b978f55:-61fb','BldgUse','RULFACT-2486b0ca:146fff66c3e:-7b6a','BU',0,NULL,NULL,NULL,NULL,NULL,0),('RCOND3b800abe:14d2b978f55:-6339','RUL3b800abe:14d2b978f55:-63a0','BldgFloor','RULFACT-2486b0ca:146fff66c3e:-7ad1','BF',0,NULL,NULL,NULL,NULL,NULL,0),('RCOND3b800abe:14d2b978f55:-7d69','RUL3b800abe:14d2b978f55:-7e09','BldgAdjustment','RULFACT-2486b0ca:146fff66c3e:-711c','ADJ',0,NULL,NULL,NULL,NULL,NULL,0),('RCOND3fb43b91:14ccf782188:-5fd2','RUL3fb43b91:14ccf782188:-6008','PlantTreeDetail','RULFACT6b62feef:14c53ac1f59:-7f69','PTD',0,NULL,NULL,NULL,NULL,NULL,0),('RCOND49a3c540:14e51feb8f6:-76da','RUL49a3c540:14e51feb8f6:-77d2','miscvariable','RULFACT1b4af871:14e3cc46e09:-34c1','VAR2',2,NULL,NULL,NULL,NULL,NULL,0),('RCOND49a3c540:14e51feb8f6:-774e','RUL49a3c540:14e51feb8f6:-77d2','miscvariable','RULFACT1b4af871:14e3cc46e09:-34c1','VAR1',1,NULL,NULL,NULL,NULL,NULL,0),('RCOND49a3c540:14e51feb8f6:-779a','RUL49a3c540:14e51feb8f6:-77d2','MiscRPU','RULFACT1b4af871:14e3cc46e09:-36aa','MRPU',0,NULL,NULL,NULL,NULL,NULL,0),('RCOND4bf973aa:1562a233196:-500e','RUL4bf973aa:1562a233196:-5055','MachineDetail','RULFACT1e772168:14c5a447e35:-7f78','MACH',0,NULL,NULL,NULL,NULL,NULL,0),('RCOND4e46261d:14f924c6b53:-7c57','RUL4e46261d:14f924c6b53:-7d9b','BldgUse','RULFACT-2486b0ca:146fff66c3e:-7b6a','BU',1,NULL,NULL,NULL,NULL,NULL,0),('RCOND4e46261d:14f924c6b53:-7d37','RUL4e46261d:14f924c6b53:-7d9b','BldgRPU','RULFACT3e2b89cb:146ff734573:-7fcb','RPU',0,NULL,NULL,NULL,NULL,NULL,0),('RCOND5022d8ba:1589ae965a4:-7c5c','RUL5022d8ba:1589ae965a4:-7c9c','PlantTreeDetail','RULFACT6b62feef:14c53ac1f59:-7f69','PTD',0,NULL,NULL,NULL,NULL,NULL,0),('RCOND59614e16:14c5e56ecc8:-7c8f','RUL59614e16:14c5e56ecc8:-7cbf','MiscItem','RULFACT59614e16:14c5e56ecc8:-7fd1','MI',0,NULL,NULL,NULL,NULL,NULL,0),('RCOND59614e16:14c5e56ecc8:-7dcb','RUL59614e16:14c5e56ecc8:-7dfb','MiscItem','RULFACT59614e16:14c5e56ecc8:-7fd1','MI',0,NULL,NULL,NULL,NULL,NULL,0),('RCOND5b4ac915:147baaa06b4:-6da4','RUL5b4ac915:147baaa06b4:-6f31','LandDetail','RULFACT3afe51b9:146f7088d9c:-7db1','LA',0,NULL,NULL,NULL,NULL,NULL,0),('RCOND5ffbdc02:166e7b2c367:-7049','RUL-59249a93:1614f57bd58:-7d49','rptis.landtax.facts.AssessedValue','rptis.landtax.facts.AssessedValue','AVINFO',0,NULL,NULL,NULL,NULL,NULL,0),('RCOND633c4f6e:168167799dc:-77a6','RUL633c4f6e:168167799dc:-7806','rptis.landtax.facts.RPTLedgerItemFact','rptis.landtax.facts.RPTLedgerItemFact','RLI',0,NULL,NULL,NULL,NULL,NULL,0),('RCOND634d9a3c:161503ff1dc:-586c','RUL634d9a3c:161503ff1dc:-5b2a','rptledgeritem','RULFACT547c5381:1451ae1cd9c:-7933','RLI',0,NULL,NULL,NULL,NULL,NULL,0),('RCOND650f832b:14c53e6ce93:-79a1','RUL650f832b:14c53e6ce93:-79cd','PlantTreeDetail','RULFACT6b62feef:14c53ac1f59:-7f69','PTD',0,NULL,NULL,NULL,NULL,NULL,0),('RCOND6d174068:14e3de9c20b:-7f93','RUL6d174068:14e3de9c20b:-7fcb','MiscRPU','RULFACT1b4af871:14e3cc46e09:-36aa','MRPU',0,NULL,NULL,NULL,NULL,NULL,0),('RCOND7e83d163:178c928b4a5:-7b4a','RUL7e83d163:178c928b4a5:-7c21','rptis.landtax.facts.RPTLedgerItemFact','rptis.landtax.facts.RPTLedgerItemFact','RLI',1,NULL,NULL,NULL,NULL,NULL,0),('RCOND7e83d163:178c928b4a5:-7bdd','RUL7e83d163:178c928b4a5:-7c21','CurrentDate','CurrentDate',NULL,0,NULL,NULL,NULL,NULL,NULL,0),('RCONDec9d7ab:166235c2e16:-24fc','RULec9d7ab:166235c2e16:-255e','rptis.landtax.facts.RPTLedgerTaxSummaryFact','rptis.landtax.facts.RPTLedgerTaxSummaryFact','RLTS',0,NULL,NULL,NULL,NULL,NULL,0),('RCONDec9d7ab:166235c2e16:-2ec7','RULec9d7ab:166235c2e16:-2f1f','rptis.landtax.facts.Bill','rptis.landtax.facts.Bill','BILL',0,NULL,NULL,NULL,NULL,NULL,0),('RCONDec9d7ab:166235c2e16:-3905','RULec9d7ab:166235c2e16:-3c17','rptis.landtax.facts.Bill','rptis.landtax.facts.Bill','BILL',2,NULL,NULL,NULL,NULL,NULL,0),('RCONDec9d7ab:166235c2e16:-3b0b','RULec9d7ab:166235c2e16:-3c17','rptis.landtax.facts.RPTLedgerItemFact','rptis.landtax.facts.RPTLedgerItemFact','RLI',1,NULL,NULL,NULL,NULL,NULL,0),('RCONDec9d7ab:166235c2e16:-3baa','RULec9d7ab:166235c2e16:-3c17','CurrentDate','CurrentDate',NULL,0,NULL,NULL,NULL,NULL,NULL,0),('RCONDec9d7ab:166235c2e16:-5e7c','RULec9d7ab:166235c2e16:-5fcb','rptis.landtax.facts.RPTLedgerItemFact','rptis.landtax.facts.RPTLedgerItemFact','RLI',1,NULL,NULL,NULL,NULL,NULL,0),('RCONDec9d7ab:166235c2e16:-5f7f','RULec9d7ab:166235c2e16:-5fcb','CurrentDate','CurrentDate',NULL,0,NULL,NULL,NULL,NULL,NULL,0);
/*!40000 ALTER TABLE `sys_rule_condition` ENABLE KEYS */;
UNLOCK TABLES;

--
-- Dumping data for table `sys_rule_condition_constraint`
--

LOCK TABLES `sys_rule_condition_constraint` WRITE;
/*!40000 ALTER TABLE `sys_rule_condition_constraint` DISABLE KEYS */;
INSERT INTO `sys_rule_condition_constraint` VALUES ('RCC-15f7fe9f:15cf6ec9fa5:-7fc0','RC-15f7fe9f:15cf6ec9fa5:-7fc3','FACTFLD3afe51b9:146f7088d9c:-7d6a','taxable',NULL,'is true','== true',NULL,NULL,NULL,NULL,NULL,NULL,NULL,NULL,2),('RCC-15f7fe9f:15cf6ec9fa5:-7fc1','RC-15f7fe9f:15cf6ec9fa5:-7fc3','FACTFLD3afe51b9:146f7088d9c:-7d3d','marketvalue','MV',NULL,NULL,NULL,NULL,NULL,NULL,NULL,NULL,NULL,NULL,0),('RCC-15f7fe9f:15cf6ec9fa5:-7fc2','RC-15f7fe9f:15cf6ec9fa5:-7fc3','FACTFLD3afe51b9:146f7088d9c:-7d34','assesslevel','AL',NULL,NULL,NULL,NULL,NULL,NULL,NULL,NULL,NULL,NULL,1),('RCC-34ab44ad:166c3c53b1b:-7cdc','RC-34ab44ad:166c3c53b1b:-7cde','rptis.landtax.facts.RPTBillItem.parentacctid','parentacctid',NULL,'is any of the ff.','matches',NULL,NULL,NULL,NULL,NULL,NULL,'[[key:\"RPT_BASICINT_PRIOR\",value:\"RPT BASIC PENALTY PRIOR\"]]',NULL,0),('RCC-34ab44ad:166c3c53b1b:-7cdd','RC-34ab44ad:166c3c53b1b:-7cde','rptis.landtax.facts.RPTBillItem.amount','amount','AMOUNT',NULL,NULL,NULL,NULL,NULL,NULL,NULL,NULL,NULL,NULL,1),('RCC-34ab44ad:166c3c53b1b:-7cdf','RC-34ab44ad:166c3c53b1b:-7ce0','rptis.landtax.facts.RPTLedgerFact.parentlguid','parentlguid','PROVID',NULL,NULL,NULL,NULL,NULL,NULL,NULL,NULL,NULL,NULL,1),('RCC-34ab44ad:166c3c53b1b:-7cea','RC-34ab44ad:166c3c53b1b:-7cec','rptis.landtax.facts.RPTLedgerFact.parentlguid','parentlguid','PROVID',NULL,NULL,NULL,NULL,NULL,NULL,NULL,NULL,NULL,NULL,1),('RCC-34ab44ad:166c3c53b1b:-7ceb','RC-34ab44ad:166c3c53b1b:-7cec','rptis.landtax.facts.RPTLedgerFact.barangayid','barangayid','BRGYID',NULL,NULL,NULL,NULL,NULL,NULL,NULL,NULL,NULL,NULL,0),('RCC-34ab44ad:166c3c53b1b:-7ced','RC-34ab44ad:166c3c53b1b:-7cef','rptis.landtax.facts.RPTBillItem.amount','amount','AMOUNT',NULL,NULL,NULL,NULL,NULL,NULL,NULL,NULL,NULL,NULL,1),('RCC-34ab44ad:166c3c53b1b:-7cee','RC-34ab44ad:166c3c53b1b:-7cef','rptis.landtax.facts.RPTBillItem.parentacctid','parentacctid',NULL,'is any of the ff.','matches',NULL,NULL,NULL,NULL,NULL,NULL,'[[key:\"RPT_BASIC_PRIOR\",value:\"RPT BASIC PRIOR\"]]',NULL,0),('RCC-34ab44ad:166c3c53b1b:-7cfd','RC-34ab44ad:166c3c53b1b:-7cfe','rptis.landtax.facts.RPTLedgerFact.parentlguid','parentlguid','PROVID',NULL,NULL,NULL,NULL,NULL,NULL,NULL,NULL,NULL,NULL,1),('RCC-34ab44ad:166c3c53b1b:-7cff','RC-34ab44ad:166c3c53b1b:-7d01','rptis.landtax.facts.RPTBillItem.amount','amount','AMOUNT',NULL,NULL,NULL,NULL,NULL,NULL,NULL,NULL,NULL,NULL,1),('RCC-34ab44ad:166c3c53b1b:-7d00','RC-34ab44ad:166c3c53b1b:-7d01','rptis.landtax.facts.RPTBillItem.parentacctid','parentacctid',NULL,'is any of the ff.','matches',NULL,NULL,NULL,NULL,NULL,NULL,'[[key:\"RPT_SEFINT_PRIOR\",value:\"RPT SEF PENALTY PRIOR\"]]',NULL,0),('RCC-34ab44ad:166c3c53b1b:-7d09','RC-34ab44ad:166c3c53b1b:-7d0b','rptis.landtax.facts.RPTBillItem.parentacctid','parentacctid',NULL,'is any of the ff.','matches',NULL,NULL,NULL,NULL,NULL,NULL,'[[key:\"RPT_SEF_PRIOR\",value:\"RPT SEF PRIOR\"]]',NULL,0),('RCC-34ab44ad:166c3c53b1b:-7d0a','RC-34ab44ad:166c3c53b1b:-7d0b','rptis.landtax.facts.RPTBillItem.amount','amount','AMOUNT',NULL,NULL,NULL,NULL,NULL,NULL,NULL,NULL,NULL,NULL,1),('RCC-34ab44ad:166c3c53b1b:-7d0c','RC-34ab44ad:166c3c53b1b:-7d0d','rptis.landtax.facts.RPTLedgerFact.parentlguid','parentlguid','PROVID',NULL,NULL,NULL,NULL,NULL,NULL,NULL,NULL,NULL,NULL,1),('RCC-34ab44ad:166c3c53b1b:-7d19','RC-34ab44ad:166c3c53b1b:-7d1b','rptis.landtax.facts.RPTLedgerItemFact.year','year',NULL,'less than or equal to','<=',NULL,NULL,NULL,NULL,1993,NULL,NULL,NULL,1),('RCC-36fdb4be:1675cf0d583:-7f9e','RC-36fdb4be:1675cf0d583:-7f9f','CurrentDate.year','year','CY',NULL,NULL,NULL,NULL,NULL,NULL,NULL,NULL,NULL,NULL,0),('RCC-36fdb4be:1675cf0d583:-7fa0','RC-36fdb4be:1675cf0d583:-7fa4','rptis.landtax.facts.RPTLedgerItemFact.year','year',NULL,'less than','<',1,'RCC-36fdb4be:1675cf0d583:-7f9e','CY',NULL,NULL,NULL,NULL,NULL,0),('RCC-36fdb4be:1675cf0d583:-7fa2','RC-36fdb4be:1675cf0d583:-7fa4','rptis.landtax.facts.RPTLedgerItemFact.monthsfromjan','monthsfromjan','NMON',NULL,NULL,NULL,NULL,NULL,NULL,NULL,NULL,NULL,NULL,2),('RCC-36fdb4be:1675cf0d583:-7fa3','RC-36fdb4be:1675cf0d583:-7fa4','rptis.landtax.facts.RPTLedgerItemFact.amtdue','amtdue','TAX',NULL,NULL,NULL,NULL,NULL,NULL,NULL,NULL,NULL,NULL,3),('RCC-543b8ba9:166995918fb:-7edd','RC-543b8ba9:166995918fb:-7edf','rptis.landtax.facts.RPTBillItem.parentacctid','parentacctid',NULL,'is any of the ff.','matches',NULL,NULL,NULL,NULL,NULL,NULL,'[[key:\"RPT_BASIC_PREVIOUS\",value:\"RPT BASIC PREVIOUS\"]]',NULL,0),('RCC-543b8ba9:166995918fb:-7ede','RC-543b8ba9:166995918fb:-7edf','rptis.landtax.facts.RPTBillItem.amount','amount','AMOUNT',NULL,NULL,NULL,NULL,NULL,NULL,NULL,NULL,NULL,NULL,1),('RCC-543b8ba9:166995918fb:-7ee0','RC-543b8ba9:166995918fb:-7ee2','rptis.landtax.facts.RPTLedgerFact.barangayid','barangayid','BRGYID',NULL,NULL,NULL,NULL,NULL,NULL,NULL,NULL,NULL,NULL,0),('RCC-543b8ba9:166995918fb:-7ee1','RC-543b8ba9:166995918fb:-7ee2','rptis.landtax.facts.RPTLedgerFact.parentlguid','parentlguid','PROVID',NULL,NULL,NULL,NULL,NULL,NULL,NULL,NULL,NULL,NULL,1),('RCC-543b8ba9:166995918fb:-7eea','RC-543b8ba9:166995918fb:-7eeb','rptis.landtax.facts.RPTLedgerFact.parentlguid','parentlguid','PROVID',NULL,NULL,NULL,NULL,NULL,NULL,NULL,NULL,NULL,NULL,1),('RCC-543b8ba9:166995918fb:-7eec','RC-543b8ba9:166995918fb:-7eee','rptis.landtax.facts.RPTBillItem.amount','amount','AMOUNT',NULL,NULL,NULL,NULL,NULL,NULL,NULL,NULL,NULL,NULL,1),('RCC-543b8ba9:166995918fb:-7eed','RC-543b8ba9:166995918fb:-7eee','rptis.landtax.facts.RPTBillItem.parentacctid','parentacctid',NULL,'is any of the ff.','matches',NULL,NULL,NULL,NULL,NULL,NULL,'[[key:\"RPT_BASICINT_PREVIOUS\",value:\"RPT BASIC PENALTY PREVIOUS\"]]',NULL,0),('RCC-543b8ba9:166995918fb:-7f0f','RC-543b8ba9:166995918fb:-7f11','rptis.landtax.facts.RPTBillItem.parentacctid','parentacctid',NULL,'is any of the ff.','matches',NULL,NULL,NULL,NULL,NULL,NULL,'[[key:\"RPT_SEFINT_PREVIOUS\",value:\"RPT SEF PENALTY PREVIOUS\"]]',NULL,0),('RCC-543b8ba9:166995918fb:-7f10','RC-543b8ba9:166995918fb:-7f11','rptis.landtax.facts.RPTBillItem.amount','amount','AMOUNT',NULL,NULL,NULL,NULL,NULL,NULL,NULL,NULL,NULL,NULL,1),('RCC-543b8ba9:166995918fb:-7f12','RC-543b8ba9:166995918fb:-7f13','rptis.landtax.facts.RPTLedgerFact.parentlguid','parentlguid','PROVID',NULL,NULL,NULL,NULL,NULL,NULL,NULL,NULL,NULL,NULL,1),('RCC-543b8ba9:166995918fb:-7f1b','RC-543b8ba9:166995918fb:-7f1c','rptis.landtax.facts.RPTLedgerFact.parentlguid','parentlguid','PROVID',NULL,NULL,NULL,NULL,NULL,NULL,NULL,NULL,NULL,NULL,1),('RCC-543b8ba9:166995918fb:-7f1d','RC-543b8ba9:166995918fb:-7f1f','rptis.landtax.facts.RPTBillItem.amount','amount','AMOUNT',NULL,NULL,NULL,NULL,NULL,NULL,NULL,NULL,NULL,NULL,1),('RCC-543b8ba9:166995918fb:-7f1e','RC-543b8ba9:166995918fb:-7f1f','rptis.landtax.facts.RPTBillItem.parentacctid','parentacctid',NULL,'is any of the ff.','matches',NULL,NULL,NULL,NULL,NULL,NULL,'[[key:\"RPT_SEF_PREVIOUS\",value:\"RPT SEF PREVIOUS\"]]',NULL,0),('RCC-69b5f604:15cfc6b3e74:-7e37','RC-69b5f604:15cfc6b3e74:-7e3b','FACTFLD29e16c33:156249fdf8e:-6e66','taxable',NULL,'is true','== true',NULL,NULL,NULL,NULL,NULL,NULL,NULL,NULL,3),('RCC-69b5f604:15cfc6b3e74:-7e38','RC-69b5f604:15cfc6b3e74:-7e3b','FACTFLD-39192c48:1471ebc2797:-7f95','actualuseid',NULL,'not null','!= null',NULL,NULL,NULL,NULL,NULL,NULL,NULL,NULL,0),('RCC-69b5f604:15cfc6b3e74:-7e39','RC-69b5f604:15cfc6b3e74:-7e3b','FACTFLD-39192c48:1471ebc2797:-7f7e','marketvalue','MV',NULL,NULL,NULL,NULL,NULL,NULL,NULL,NULL,NULL,NULL,1),('RCC-69b5f604:15cfc6b3e74:-7e3a','RC-69b5f604:15cfc6b3e74:-7e3b','FACTFLD-39192c48:1471ebc2797:-7f51','assesslevel','AL',NULL,NULL,NULL,NULL,NULL,NULL,NULL,NULL,NULL,NULL,2),('RCC16a7ee38:15cfcd300fe:-7fb8','RC16a7ee38:15cfcd300fe:-7fba','FACTFLD-39192c48:1471ebc2797:-7f95','actualuseid',NULL,'not null','!= null',NULL,NULL,NULL,NULL,NULL,NULL,NULL,NULL,0),('RCC16a7ee38:15cfcd300fe:-7fb9','RC16a7ee38:15cfcd300fe:-7fba','FACTFLD-39192c48:1471ebc2797:-7f3a','assessedvalue','AV',NULL,NULL,NULL,NULL,NULL,NULL,NULL,NULL,NULL,NULL,1),('RCC16a7ee38:15cfcd300fe:-7fbb','RC16a7ee38:15cfcd300fe:-7fbc','FACTFLD-28dc975:156bcab666c:-6789','objid','RPUID',NULL,NULL,NULL,NULL,NULL,NULL,NULL,NULL,NULL,NULL,0),('RCC38ed9262:166c2f569fa:-7f73','RC38ed9262:166c2f569fa:-7f77','rptis.landtax.facts.RPTLedgerItemFact.qtr','qtr',NULL,'greater than or equal to','>=',1,'RCONST-24ff7cfb:1675d220a6c:-7a08','CQTR',NULL,NULL,NULL,NULL,NULL,3),('RCC38ed9262:166c2f569fa:-7f74','RC38ed9262:166c2f569fa:-7f77','rptis.landtax.facts.RPTLedgerItemFact.year','year',NULL,'greater than or equal to','>=',1,'RCONST-24ff7cfb:1675d220a6c:-7966','CY',NULL,NULL,NULL,NULL,NULL,0),('RCC38ed9262:166c2f569fa:-7f76','RC38ed9262:166c2f569fa:-7f77','rptis.landtax.facts.RPTLedgerItemFact.amtdue','amtdue','TAX',NULL,NULL,NULL,NULL,NULL,NULL,NULL,NULL,NULL,NULL,3),('RCC440e47f4:166ae4152f1:-7fa5','RC440e47f4:166ae4152f1:-7fa6','rptis.landtax.facts.RPTLedgerFact.barangayid','barangayid','BRGYID',NULL,NULL,NULL,NULL,NULL,NULL,NULL,NULL,NULL,NULL,1),('RCC440e47f4:166ae4152f1:-7fa7','RC440e47f4:166ae4152f1:-7fa9','rptis.landtax.facts.RPTBillItem.amount','amount','AMOUNT',NULL,NULL,NULL,NULL,NULL,NULL,NULL,NULL,NULL,NULL,1),('RCC440e47f4:166ae4152f1:-7fa8','RC440e47f4:166ae4152f1:-7fa9','rptis.landtax.facts.RPTBillItem.parentacctid','parentacctid',NULL,'is any of the ff.','matches',NULL,NULL,NULL,NULL,NULL,NULL,'[[key:\"RPT_BASIC_PREVIOUS\",value:\"RPT BASIC PREVIOUS\"]]',NULL,0),('RCC440e47f4:166ae4152f1:-7fb3','RC440e47f4:166ae4152f1:-7fb5','rptis.landtax.facts.RPTBillItem.parentacctid','parentacctid',NULL,'is any of the ff.','matches',NULL,NULL,NULL,NULL,NULL,NULL,'[[key:\"RPT_BASICINT_PREVIOUS\",value:\"RPT BASIC PENALTY PREVIOUS\"]]',NULL,0),('RCC440e47f4:166ae4152f1:-7fb4','RC440e47f4:166ae4152f1:-7fb5','rptis.landtax.facts.RPTBillItem.amount','amount','AMOUNT',NULL,NULL,NULL,NULL,NULL,NULL,NULL,NULL,NULL,NULL,1),('RCC440e47f4:166ae4152f1:-7fb6','RC440e47f4:166ae4152f1:-7fb7','rptis.landtax.facts.RPTLedgerFact.barangayid','barangayid','BRGYID',NULL,NULL,NULL,NULL,NULL,NULL,NULL,NULL,NULL,NULL,1),('RCC440e47f4:166ae4152f1:-7fbd','RC440e47f4:166ae4152f1:-7fbe','CurrentDate.year','year','CY',NULL,NULL,NULL,NULL,NULL,NULL,NULL,NULL,NULL,NULL,0),('RCC440e47f4:166ae4152f1:-7fbf','RC440e47f4:166ae4152f1:-7fc0','rptis.landtax.facts.RPTLedgerItemFact.year','year',NULL,'less than','<',1,'RCC440e47f4:166ae4152f1:-7fbd','CY',NULL,NULL,NULL,NULL,NULL,0),('RCC6407baa3:164078ceff4:-7f39','RC6407baa3:164078ceff4:-7f3a','rptis.landtax.facts.RPTLedgerFact.parentlguid','parentlguid','PROVID',NULL,NULL,NULL,NULL,NULL,NULL,NULL,NULL,NULL,NULL,1),('RCC6407baa3:164078ceff4:-7f3b','RC6407baa3:164078ceff4:-7f3d','rptis.landtax.facts.RPTBillItem.amount','amount','AMOUNT',NULL,NULL,NULL,NULL,NULL,NULL,NULL,NULL,NULL,NULL,1),('RCC6407baa3:164078ceff4:-7f3c','RC6407baa3:164078ceff4:-7f3d','rptis.landtax.facts.RPTBillItem.parentacctid','parentacctid',NULL,'is any of the ff.','matches',NULL,NULL,NULL,NULL,NULL,NULL,'[[key:\"RPT_SEF_ADVANCE\",value:\"RPT SEF ADVANCE\"]]',NULL,0),('RCC6407baa3:164078ceff4:-7f47','RC6407baa3:164078ceff4:-7f48','rptis.landtax.facts.RPTLedgerFact.parentlguid','parentlguid','PROVID',NULL,NULL,NULL,NULL,NULL,NULL,NULL,NULL,NULL,NULL,1),('RCC6407baa3:164078ceff4:-7f49','RC6407baa3:164078ceff4:-7f4b','rptis.landtax.facts.RPTBillItem.amount','amount','AMOUNT',NULL,NULL,NULL,NULL,NULL,NULL,NULL,NULL,NULL,NULL,1),('RCC6407baa3:164078ceff4:-7f4a','RC6407baa3:164078ceff4:-7f4b','rptis.landtax.facts.RPTBillItem.parentacctid','parentacctid',NULL,'is any of the ff.','matches',NULL,NULL,NULL,NULL,NULL,NULL,'[[key:\"RPT_SEFINT_CURRENT\",value:\"RPT SEF PENALTY CURRENT\"]]',NULL,0),('RCC6407baa3:164078ceff4:-7f53','RC6407baa3:164078ceff4:-7f55','rptis.landtax.facts.RPTBillItem.parentacctid','parentacctid',NULL,'is any of the ff.','matches',NULL,NULL,NULL,NULL,NULL,NULL,'[[key:\"RPT_SEF_CURRENT\",value:\"RPT SEF CURRENT\"]]',NULL,0),('RCC6407baa3:164078ceff4:-7f54','RC6407baa3:164078ceff4:-7f55','rptis.landtax.facts.RPTBillItem.amount','amount','AMOUNT',NULL,NULL,NULL,NULL,NULL,NULL,NULL,NULL,NULL,NULL,1),('RCC6407baa3:164078ceff4:-7f56','RC6407baa3:164078ceff4:-7f57','rptis.landtax.facts.RPTLedgerFact.parentlguid','parentlguid','PROVID',NULL,NULL,NULL,NULL,NULL,NULL,NULL,NULL,NULL,NULL,1),('RCC6407baa3:164078ceff4:-7f9b','RC6407baa3:164078ceff4:-7f9c','rptis.landtax.facts.RPTLedgerFact.parentlguid','parentlguid','PROVID',NULL,NULL,NULL,NULL,NULL,NULL,NULL,NULL,NULL,NULL,1),('RCC6407baa3:164078ceff4:-7f9d','RC6407baa3:164078ceff4:-7f9f','rptis.landtax.facts.RPTBillItem.amount','amount','AMOUNT',NULL,NULL,NULL,NULL,NULL,NULL,NULL,NULL,NULL,NULL,1),('RCC6407baa3:164078ceff4:-7f9e','RC6407baa3:164078ceff4:-7f9f','rptis.landtax.facts.RPTBillItem.parentacctid','parentacctid',NULL,'is any of the ff.','matches',NULL,NULL,NULL,NULL,NULL,NULL,'[[key:\"RPT_BASIC_CURRENT\",value:\"RPT BASIC CURRENT\"]]',NULL,0),('RCC6407baa3:164078ceff4:-7fac','RC6407baa3:164078ceff4:-7fae','rptis.landtax.facts.RPTBillItem.parentacctid','parentacctid',NULL,'is any of the ff.','matches',NULL,NULL,NULL,NULL,NULL,NULL,'[[key:\"RPT_BASICINT_CURRENT\",value:\"RPT BASIC CURRENT PENALTY\"]]',NULL,0),('RCC6407baa3:164078ceff4:-7fad','RC6407baa3:164078ceff4:-7fae','rptis.landtax.facts.RPTBillItem.amount','amount','AMOUNT',NULL,NULL,NULL,NULL,NULL,NULL,NULL,NULL,NULL,NULL,1),('RCC6407baa3:164078ceff4:-7faf','RC6407baa3:164078ceff4:-7fb0','rptis.landtax.facts.RPTLedgerFact.parentlguid','parentlguid','PROVID',NULL,NULL,NULL,NULL,NULL,NULL,NULL,NULL,NULL,NULL,1),('RCC6407baa3:164078ceff4:-7fbd','RC6407baa3:164078ceff4:-7fbf','rptis.landtax.facts.RPTBillItem.parentacctid','parentacctid',NULL,'is any of the ff.','matches',NULL,NULL,NULL,NULL,NULL,NULL,'[[key:\"RPT_BASIC_ADVANCE\",value:\"RPT BASIC ADVANCES\"]]',NULL,0),('RCC6407baa3:164078ceff4:-7fbe','RC6407baa3:164078ceff4:-7fbf','rptis.landtax.facts.RPTBillItem.amount','amount','AMOUNT',NULL,NULL,NULL,NULL,NULL,NULL,NULL,NULL,NULL,NULL,1),('RCC6407baa3:164078ceff4:-7fc0','RC6407baa3:164078ceff4:-7fc1','rptis.landtax.facts.RPTLedgerFact.parentlguid','parentlguid','PROVID',NULL,NULL,NULL,NULL,NULL,NULL,NULL,NULL,NULL,NULL,1),('RCC70978a15:166ae6875d1:-7f1d','RC70978a15:166ae6875d1:-7f22','rptis.landtax.facts.RPTLedgerItemFact.revtype','revtype',NULL,'is any of the ff.','matches',NULL,NULL,NULL,NULL,NULL,NULL,'[\"basic\",\"sef\"]',NULL,0),('RCC70978a15:166ae6875d1:-7f23','RC70978a15:166ae6875d1:-7f24','CurrentDate.year','year','CY',NULL,NULL,NULL,NULL,NULL,NULL,NULL,NULL,NULL,NULL,0),('RCC7280357:166235c1be7:-7f7d','RC7280357:166235c1be7:-7f7f','rptis.landtax.facts.RPTBillItem.amount','amount','AMOUNT',NULL,NULL,NULL,NULL,NULL,NULL,NULL,NULL,NULL,NULL,1),('RCC7280357:166235c1be7:-7f7e','RC7280357:166235c1be7:-7f7f','rptis.landtax.facts.RPTBillItem.parentacctid','parentacctid',NULL,'is any of the ff.','matches',NULL,NULL,NULL,NULL,NULL,NULL,'[[key:\"RPT_BASICINT_PRIOR\",value:\"RPT BASIC PENALTY PRIOR\"]]',NULL,0),('RCC7280357:166235c1be7:-7f87','RC7280357:166235c1be7:-7f89','rptis.landtax.facts.RPTBillItem.parentacctid','parentacctid',NULL,'is any of the ff.','matches',NULL,NULL,NULL,NULL,NULL,NULL,'[[key:\"RPT_BASIC_PRIOR\",value:\"RPT BASIC PRIOR\"]]',NULL,0),('RCC7280357:166235c1be7:-7f88','RC7280357:166235c1be7:-7f89','rptis.landtax.facts.RPTBillItem.amount','amount','AMOUNT',NULL,NULL,NULL,NULL,NULL,NULL,NULL,NULL,NULL,NULL,1),('RCC7280357:166235c1be7:-7f95','RC7280357:166235c1be7:-7f97','rptis.landtax.facts.RPTBillItem.amount','amount','AMOUNT',NULL,NULL,NULL,NULL,NULL,NULL,NULL,NULL,NULL,NULL,1),('RCC7280357:166235c1be7:-7f96','RC7280357:166235c1be7:-7f97','rptis.landtax.facts.RPTBillItem.parentacctid','parentacctid',NULL,'is any of the ff.','matches',NULL,NULL,NULL,NULL,NULL,NULL,'[[key:\"RPT_BASIC_CURRENT\",value:\"RPT BASIC CURRENT\"]]',NULL,0),('RCC7280357:166235c1be7:-7f9f','RC7280357:166235c1be7:-7fa1','rptis.landtax.facts.RPTBillItem.parentacctid','parentacctid',NULL,'is any of the ff.','matches',NULL,NULL,NULL,NULL,NULL,NULL,'[[key:\"RPT_BASICINT_CURRENT\",value:\"RPT BASIC PENALTY CURRENT\"]]',NULL,0),('RCC7280357:166235c1be7:-7fa0','RC7280357:166235c1be7:-7fa1','rptis.landtax.facts.RPTBillItem.amount','amount','AMOUNT',NULL,NULL,NULL,NULL,NULL,NULL,NULL,NULL,NULL,NULL,1),('RCC7280357:166235c1be7:-7fac','RC7280357:166235c1be7:-7fad','CurrentDate.year','year','CY',NULL,NULL,NULL,NULL,NULL,NULL,NULL,NULL,NULL,NULL,0),('RCC7280357:166235c1be7:-7fae','RC7280357:166235c1be7:-7faf','rptis.landtax.facts.RPTLedgerItemFact.year','year',NULL,'greater than','>',1,'RCC7280357:166235c1be7:-7fac','CY',NULL,NULL,NULL,NULL,NULL,0),('RCC7280357:166235c1be7:-7fb3','RC7280357:166235c1be7:-7fb4','CurrentDate.year','year','CY',NULL,NULL,NULL,NULL,NULL,NULL,NULL,NULL,NULL,NULL,0),('RCC7280357:166235c1be7:-7fb5','RC7280357:166235c1be7:-7fb6','rptis.landtax.facts.RPTLedgerItemFact.year','year',NULL,'equal to','==',1,'RCC7280357:166235c1be7:-7fb3','CY',NULL,NULL,NULL,NULL,NULL,0),('RCC7280357:166235c1be7:-7fba','RC7280357:166235c1be7:-7fbb','CurrentDate.year','year','CY',NULL,NULL,NULL,NULL,NULL,NULL,NULL,NULL,NULL,NULL,0),('RCC7280357:166235c1be7:-7fbc','RC7280357:166235c1be7:-7fbd','rptis.landtax.facts.RPTLedgerFact.lastyearpaid','lastyearpaid',NULL,'equal to','==',1,'RCC7280357:166235c1be7:-7fba','CY',NULL,NULL,NULL,NULL,NULL,0),('RCC7280357:166235c1be7:-7fbf','RC7280357:166235c1be7:-7fc0','rptis.landtax.facts.Bill.billtoyear','billtoyear',NULL,'greater than','>',1,'RCC7280357:166235c1be7:-7fba','CY',NULL,NULL,NULL,NULL,NULL,1),('RCC7280357:166235c1be7:-7fc6','RC7280357:166235c1be7:-7fc7','rptis.landtax.facts.RPTLedgerItemFact.qtrly','qtrly',NULL,'not true','== false',NULL,NULL,NULL,NULL,NULL,NULL,NULL,NULL,1),('RCC7280357:166235c1be7:-7fc8','RC7280357:166235c1be7:-7fc9','rptis.landtax.facts.Bill.forpayment','forpayment',NULL,'is true','== true',NULL,NULL,NULL,NULL,NULL,NULL,NULL,NULL,0),('RCC7280357:166235c1be7:-7fcd','RC7280357:166235c1be7:-7fcf','CurrentDate.year','year','CY',NULL,NULL,NULL,NULL,NULL,NULL,NULL,NULL,NULL,NULL,0),('RCC7280357:166235c1be7:-7fd0','RC7280357:166235c1be7:-7fd4','rptis.landtax.facts.RPTLedgerItemFact.year','year',NULL,'greater than','>',1,'RCC7280357:166235c1be7:-7fcd','CY',NULL,NULL,NULL,NULL,NULL,0),('RCC7280357:166235c1be7:-7fd3','RC7280357:166235c1be7:-7fd4','rptis.landtax.facts.RPTLedgerItemFact.amtdue','amtdue','TAX',NULL,NULL,NULL,NULL,NULL,NULL,NULL,NULL,NULL,NULL,3),('RCONST-103fed47:146ffb40356:-7c7c','RCOND-103fed47:146ffb40356:-7d40','FACTFLD3e2b89cb:146ff734573:-7ed5','yrcompleted','YRCOMPLETED','greater than','>',NULL,NULL,NULL,NULL,0,NULL,NULL,NULL,1),('RCONST-103fed47:146ffb40356:-7ce5','RCOND-103fed47:146ffb40356:-7d40','FACTFLD3e2b89cb:146ff734573:-7ede','yrappraised','YRAPPRAISED','greater than','>',NULL,NULL,NULL,NULL,0,NULL,NULL,NULL,0),('RCONST-2486b0ca:146fff66c3e:-2b45','RCOND-2486b0ca:146fff66c3e:-2bf1','FACTFLD-2486b0ca:146fff66c3e:-7b23','adjustment','ADJ',NULL,NULL,NULL,NULL,NULL,NULL,NULL,NULL,NULL,NULL,2),('RCONST-2486b0ca:146fff66c3e:-2b8c','RCOND-2486b0ca:146fff66c3e:-2bf1','FACTFLD-2486b0ca:146fff66c3e:-7b2c','depreciationvalue','DEP',NULL,NULL,NULL,NULL,NULL,NULL,NULL,NULL,NULL,NULL,1),('RCONST-2486b0ca:146fff66c3e:-2bc5','RCOND-2486b0ca:146fff66c3e:-2bf1','FACTFLD-2486b0ca:146fff66c3e:-7b35','basemarketvalue','BMV',NULL,NULL,NULL,NULL,NULL,NULL,NULL,NULL,NULL,NULL,0),('RCONST-2486b0ca:146fff66c3e:-382b','RCOND-2486b0ca:146fff66c3e:-3888','FACTFLD-2486b0ca:146fff66c3e:-7a60','adjustment','ADJ',NULL,NULL,NULL,NULL,NULL,NULL,NULL,NULL,NULL,NULL,1),('RCONST-2486b0ca:146fff66c3e:-3860','RCOND-2486b0ca:146fff66c3e:-3888','FACTFLD-2486b0ca:146fff66c3e:-7a6b','basemarketvalue','BMV',NULL,NULL,NULL,NULL,NULL,NULL,NULL,NULL,NULL,NULL,0),('RCONST-2486b0ca:146fff66c3e:-3f19','RCOND-2486b0ca:146fff66c3e:-3f91','FACTFLD3e2b89cb:146ff734573:-7ea8','depreciation','DPRATE',NULL,NULL,NULL,NULL,NULL,NULL,NULL,NULL,NULL,NULL,0),('RCONST-2486b0ca:146fff66c3e:-6a5a','RCOND-2486b0ca:146fff66c3e:-6aad','FACTFLD-2486b0ca:146fff66c3e:-7a76','unitvalue','UV',NULL,NULL,NULL,NULL,NULL,NULL,NULL,NULL,NULL,NULL,1),('RCONST-2486b0ca:146fff66c3e:-6a8b','RCOND-2486b0ca:146fff66c3e:-6aad','FACTFLD-2486b0ca:146fff66c3e:-7a99','area','AREA',NULL,NULL,NULL,NULL,NULL,NULL,NULL,NULL,NULL,NULL,0),('RCONST-24ff7cfb:1675d220a6c:-56ab','RC70978a15:166ae6875d1:-7f22','rptis.landtax.facts.RPTLedgerItemFact.monthsfromjan','monthsfromjan','NMON',NULL,NULL,NULL,NULL,NULL,NULL,NULL,NULL,NULL,NULL,4),('RCONST-24ff7cfb:1675d220a6c:-591d','RCOND-24ff7cfb:1675d220a6c:-596b','rptis.landtax.facts.RPTLedgerItemFact.year','year',NULL,'equal to','==',1,'RCONST-24ff7cfb:1675d220a6c:-5bbb','CY',NULL,NULL,NULL,NULL,NULL,0),('RCONST-24ff7cfb:1675d220a6c:-59ba','RCOND-24ff7cfb:1675d220a6c:-5a00','rptis.landtax.facts.RPTLedgerFact.missedpayment','missedpayment',NULL,'is true','== true',NULL,NULL,NULL,NULL,NULL,NULL,NULL,NULL,0),('RCONST-24ff7cfb:1675d220a6c:-5bbb','RCOND-24ff7cfb:1675d220a6c:-5bd3','CurrentDate.year','year','CY',NULL,NULL,NULL,NULL,NULL,NULL,NULL,NULL,NULL,NULL,0),('RCONST-24ff7cfb:1675d220a6c:-5f88','RCOND-24ff7cfb:1675d220a6c:-614d','rptis.landtax.facts.RPTLedgerItemFact.discount','discount','DISC',NULL,NULL,NULL,NULL,NULL,NULL,NULL,NULL,NULL,NULL,2),('RCONST-24ff7cfb:1675d220a6c:-60a0','RCOND-24ff7cfb:1675d220a6c:-614d','rptis.landtax.facts.RPTLedgerItemFact.qtr','qtr',NULL,'less than or equal to','<=',1,'RCONST-24ff7cfb:1675d220a6c:-6468','CQTR',NULL,NULL,NULL,NULL,NULL,1),('RCONST-24ff7cfb:1675d220a6c:-6109','RCOND-24ff7cfb:1675d220a6c:-614d','rptis.landtax.facts.RPTLedgerItemFact.year','year',NULL,'equal to','==',1,'RCONST-24ff7cfb:1675d220a6c:-649f','CY',NULL,NULL,NULL,NULL,NULL,0),('RCONST-24ff7cfb:1675d220a6c:-63a0','RCOND-24ff7cfb:1675d220a6c:-64b7','CurrentDate.day','day','DAY',NULL,NULL,NULL,NULL,NULL,NULL,NULL,NULL,NULL,NULL,3),('RCONST-24ff7cfb:1675d220a6c:-6414','RCOND-24ff7cfb:1675d220a6c:-64b7','CurrentDate.month','month','MONTH',NULL,NULL,NULL,NULL,NULL,NULL,NULL,NULL,NULL,NULL,2),('RCONST-24ff7cfb:1675d220a6c:-6468','RCOND-24ff7cfb:1675d220a6c:-64b7','CurrentDate.qtr','qtr','CQTR',NULL,NULL,NULL,NULL,NULL,NULL,NULL,NULL,NULL,NULL,1),('RCONST-24ff7cfb:1675d220a6c:-649f','RCOND-24ff7cfb:1675d220a6c:-64b7','CurrentDate.year','year','CY',NULL,NULL,NULL,NULL,NULL,NULL,NULL,NULL,NULL,NULL,0),('RCONST-24ff7cfb:1675d220a6c:-65f8','RC38ed9262:166c2f569fa:-7f77','rptis.landtax.facts.RPTLedgerItemFact.qtrlypaymentavailed','qtrlypaymentavailed',NULL,'is true','== true',NULL,NULL,NULL,NULL,NULL,NULL,NULL,NULL,3),('RCONST-24ff7cfb:1675d220a6c:-734f','RCOND-24ff7cfb:1675d220a6c:-7716','rptis.landtax.facts.RPTLedgerItemFact.amtdue','amtdue','TAX',NULL,NULL,NULL,NULL,NULL,NULL,NULL,NULL,NULL,NULL,2),('RCONST-24ff7cfb:1675d220a6c:-7657','RCOND-24ff7cfb:1675d220a6c:-7716','rptis.landtax.facts.RPTLedgerItemFact.fullypaid','fullypaid',NULL,'is true','== true',NULL,NULL,NULL,NULL,NULL,NULL,NULL,NULL,1),('RCONST-24ff7cfb:1675d220a6c:-76d3','RCOND-24ff7cfb:1675d220a6c:-7716','rptis.landtax.facts.RPTLedgerItemFact.year','year',NULL,'equal to','==',1,'RCONST-24ff7cfb:1675d220a6c:-7859','CY',NULL,NULL,NULL,NULL,NULL,0),('RCONST-24ff7cfb:1675d220a6c:-77ca','RCOND-24ff7cfb:1675d220a6c:-7871','CurrentDate.day','day',NULL,'less than or equal to','<=',NULL,NULL,NULL,NULL,20,NULL,NULL,NULL,2),('RCONST-24ff7cfb:1675d220a6c:-7820','RCOND-24ff7cfb:1675d220a6c:-7871','CurrentDate.month','month',NULL,'equal to','==',NULL,NULL,NULL,NULL,1,NULL,NULL,NULL,1),('RCONST-24ff7cfb:1675d220a6c:-7859','RCOND-24ff7cfb:1675d220a6c:-7871','CurrentDate.year','year','CY',NULL,NULL,NULL,NULL,NULL,NULL,NULL,NULL,NULL,NULL,0),('RCONST-24ff7cfb:1675d220a6c:-7966','RC38ed9262:166c2f569fa:-7f72','CurrentDate.year','year','CY',NULL,NULL,NULL,NULL,NULL,NULL,NULL,NULL,NULL,NULL,1),('RCONST-24ff7cfb:1675d220a6c:-7a08','RC38ed9262:166c2f569fa:-7f72','CurrentDate.qtr','qtr','CQTR',NULL,NULL,NULL,NULL,NULL,NULL,NULL,NULL,NULL,NULL,0),('RCONST-28dc975:156bcab666c:-5ed8','RCOND-28dc975:156bcab666c:-5f3d','FACTFLD1b4af871:14e3cc46e09:-3491','value','AV',NULL,NULL,NULL,NULL,NULL,NULL,NULL,NULL,NULL,NULL,1),('RCONST-28dc975:156bcab666c:-5f1b','RCOND-28dc975:156bcab666c:-5f3d','FACTFLD1b4af871:14e3cc46e09:-34a2','varid',NULL,'is any of the ff.','matches',NULL,NULL,NULL,NULL,NULL,NULL,'[[key:\"RP-28dc975:156bcab666c:-6a4d\",value:\"TOTALAV\"]]',NULL,0),('RCONST-2ede6703:16642adb9ce:-79c8','RCOND-2ede6703:16642adb9ce:-7a39','rptis.landtax.facts.Bill.billdate','billdate','BILLDATE',NULL,NULL,NULL,NULL,NULL,NULL,NULL,NULL,NULL,NULL,1),('RCONST-2ede6703:16642adb9ce:-7a03','RCOND-2ede6703:16642adb9ce:-7a39','rptis.landtax.facts.Bill.advancebill','advancebill',NULL,'is true','== true',NULL,NULL,NULL,NULL,NULL,NULL,NULL,NULL,0),('RCONST-2ef3c345:147ed584975:-7e3d','RCOND-60c99d04:1470b276e7f:-7e2a','FACTFLD-2486b0ca:146fff66c3e:-7dc7','totalfloorarea','TOTALAREA',NULL,NULL,NULL,NULL,NULL,NULL,NULL,NULL,NULL,NULL,1),('RCONST-408f6635:16623fa566b:-7c1c','RCOND-408f6635:16623fa566b:-7c9e','rptis.landtax.facts.RPTBillItem.amount','amount','AMOUNT',NULL,NULL,NULL,NULL,NULL,NULL,NULL,NULL,NULL,NULL,1),('RCONST-408f6635:16623fa566b:-7c7e','RCOND-408f6635:16623fa566b:-7c9e','rptis.landtax.facts.RPTBillItem.parentacctid','parentacctid',NULL,'is any of the ff.','matches',NULL,NULL,NULL,NULL,NULL,NULL,'[[key:\"RPT_BASIC_ADVANCE\",value:\"RPT BASIC ADVANCE\"]]',NULL,0),('RCONST-46fca07e:14c545f3e6a:-332b','RCOND-46fca07e:14c545f3e6a:-3353','FACTFLD-2486b0ca:146fff66c3e:-7a6b','basemarketvalue','BMV',NULL,NULL,NULL,NULL,NULL,NULL,NULL,NULL,NULL,NULL,0),('RCONST-46fca07e:14c545f3e6a:-3481','RCOND-46fca07e:14c545f3e6a:-34b0','FACTFLD-2486b0ca:146fff66c3e:-7b35','basemarketvalue','BMV',NULL,NULL,NULL,NULL,NULL,NULL,NULL,NULL,NULL,NULL,0),('RCONST-46fca07e:14c545f3e6a:-7678','RCOND-46fca07e:14c545f3e6a:-7707','FACTFLD3afe51b9:146f7088d9c:-7d58','adjustment','ADJ',NULL,NULL,NULL,NULL,NULL,NULL,NULL,NULL,NULL,NULL,1),('RCONST-46fca07e:14c545f3e6a:-76c6','RCOND-46fca07e:14c545f3e6a:-7707','FACTFLD3afe51b9:146f7088d9c:-7d61','basemarketvalue','BMV',NULL,NULL,NULL,NULL,NULL,NULL,NULL,NULL,NULL,NULL,0),('RCONST-46fca07e:14c545f3e6a:-77f2','RCOND-46fca07e:14c545f3e6a:-786f','FACTFLD3afe51b9:146f7088d9c:-7d73','unitvalue','UV',NULL,NULL,NULL,NULL,NULL,NULL,NULL,NULL,NULL,NULL,1),('RCONST-46fca07e:14c545f3e6a:-783a','RCOND-46fca07e:14c545f3e6a:-786f','FACTFLD-46fca07e:14c545f3e6a:-79a6','area','AREA',NULL,NULL,NULL,NULL,NULL,NULL,NULL,NULL,NULL,NULL,0),('RCONST-5355b1d6:1662990040c:-6c92','RCOND-408f6635:16623fa566b:-7b9e','rptis.landtax.facts.RPTLedgerFact.barangayid','barangayid','BRGYID',NULL,NULL,NULL,NULL,NULL,NULL,NULL,NULL,NULL,NULL,1),('RCONST-5355b1d6:1662990040c:-6e07','RC7280357:166235c1be7:-7fa3','rptis.landtax.facts.RPTLedgerFact.barangayid','barangayid','BRGYID',NULL,NULL,NULL,NULL,NULL,NULL,NULL,NULL,NULL,NULL,1),('RCONST-5355b1d6:1662990040c:-6f82','RC7280357:166235c1be7:-7f94','rptis.landtax.facts.RPTLedgerFact.barangayid','barangayid','BRGYID',NULL,NULL,NULL,NULL,NULL,NULL,NULL,NULL,NULL,NULL,1),('RCONST-5355b1d6:1662990040c:-714c','RC7280357:166235c1be7:-7f8b','rptis.landtax.facts.RPTLedgerFact.barangayid','barangayid','BRGYID',NULL,NULL,NULL,NULL,NULL,NULL,NULL,NULL,NULL,NULL,1),('RCONST-5355b1d6:1662990040c:-72d7','RC7280357:166235c1be7:-7f7c','rptis.landtax.facts.RPTLedgerFact.barangayid','barangayid','BRGYID',NULL,NULL,NULL,NULL,NULL,NULL,NULL,NULL,NULL,NULL,1),('RCONST-57007687:1750090229e:-7a5f','RCOND-57007687:1750090229e:-7c9c','rptis.landtax.facts.RPTLedgerItemFact.amtdue','amtdue','TAX',NULL,NULL,NULL,NULL,NULL,NULL,NULL,NULL,NULL,NULL,2),('RCONST-57007687:1750090229e:-7b75','RCOND-57007687:1750090229e:-7c9c','rptis.landtax.facts.RPTLedgerItemFact.year','year',NULL,'equal to','==',1,'RCONST-57007687:1750090229e:-7d72','CY',NULL,NULL,NULL,NULL,NULL,1),('RCONST-57007687:1750090229e:-7bdc','RCOND-57007687:1750090229e:-7c9c','rptis.landtax.facts.RPTLedgerItemFact.revtype','revtype',NULL,'is any of the ff.','matches',NULL,NULL,NULL,NULL,NULL,NULL,'[\"basic\",\"sef\"]',NULL,0),('RCONST-57007687:1750090229e:-7d32','RCOND-57007687:1750090229e:-7d90','CurrentDate.qtr','qtr','CQTR','greater than or equal to','>=',NULL,NULL,NULL,NULL,1,NULL,NULL,NULL,1),('RCONST-57007687:1750090229e:-7d72','RCOND-57007687:1750090229e:-7d90','CurrentDate.year','year','CY','equal to','==',NULL,NULL,NULL,NULL,2020,NULL,NULL,NULL,0),('RCONST-59249a93:1614f57bd58:-7d27','RCOND-59249a93:1614f57bd58:-7d29',NULL,'av','AV',NULL,NULL,NULL,NULL,NULL,NULL,NULL,NULL,NULL,NULL,1),('RCONST-59249a93:1614f57bd58:-7d28','RCOND-59249a93:1614f57bd58:-7d29',NULL,'year','YR',NULL,NULL,NULL,NULL,NULL,NULL,NULL,NULL,NULL,NULL,0),('RCONST-5e76cf73:14d69e9c549:-6f25','RCOND-5e76cf73:14d69e9c549:-701c','FACTFLD3afe51b9:146f7088d9c:-7d46','actualuseadjustment','AUADJ',NULL,NULL,NULL,NULL,NULL,NULL,NULL,NULL,NULL,NULL,2),('RCONST-5e76cf73:14d69e9c549:-6f83','RCOND-5e76cf73:14d69e9c549:-701c','FACTFLD3afe51b9:146f7088d9c:-7d4f','landvalueadjustment','LVADJ',NULL,NULL,NULL,NULL,NULL,NULL,NULL,NULL,NULL,NULL,1),('RCONST-5e76cf73:14d69e9c549:-6fd3','RCOND-5e76cf73:14d69e9c549:-701c','FACTFLD3afe51b9:146f7088d9c:-7d58','adjustment','ADJ',NULL,NULL,NULL,NULL,NULL,NULL,NULL,NULL,NULL,NULL,0),('RCONST-5e76cf73:14d69e9c549:-7e44','RCOND-5e76cf73:14d69e9c549:-7e5d','FACTFLD-5e76cf73:14d69e9c549:-7ed2','adjustment','ADJAMOUNT',NULL,NULL,NULL,NULL,NULL,NULL,NULL,NULL,NULL,NULL,0),('RCONST-60c99d04:1470b276e7f:-7d64','RCOND-60c99d04:1470b276e7f:-7dd3','FACTFLD-2486b0ca:146fff66c3e:-7b47','basevalue','BASEVALUE',NULL,NULL,NULL,NULL,NULL,NULL,NULL,NULL,NULL,NULL,1),('RCONST-60c99d04:1470b276e7f:-7dae','RCOND-60c99d04:1470b276e7f:-7dd3','FACTFLD-2486b0ca:146fff66c3e:-7b50','bldgstructure',NULL,'equals','==',NULL,'RCOND-60c99d04:1470b276e7f:-7e2a','BS',NULL,NULL,NULL,NULL,NULL,0),('RCONST-6c4ec747:154bd626092:-5554','RCOND-6c4ec747:154bd626092:-55c3','FACTFLD-6c4ec747:154bd626092:-5693','swornamount','SWORNAMT',NULL,NULL,NULL,NULL,NULL,NULL,NULL,NULL,NULL,NULL,1),('RCONST-6c4ec747:154bd626092:-558e','RCOND-6c4ec747:154bd626092:-55c3','FACTFLD-6c4ec747:154bd626092:-5677','useswornamount',NULL,'is true','== true',NULL,NULL,NULL,NULL,NULL,NULL,NULL,NULL,0),('RCONST-762e9176:15d067a9c42:-59dc','RCOND-762e9176:15d067a9c42:-5a4b','FACTFLD1b4af871:14e3cc46e09:-3491','value','TOTALAV',NULL,NULL,NULL,NULL,NULL,NULL,NULL,NULL,NULL,NULL,1),('RCONST-762e9176:15d067a9c42:-5a2a','RCOND-762e9176:15d067a9c42:-5a4b','FACTFLD1b4af871:14e3cc46e09:-34a2','varid',NULL,'is any of the ff.','matches',NULL,NULL,NULL,NULL,NULL,NULL,'[[key:\"P-79a9a347:15cfcae84de:-5edb\",value:\"TOTAL_AV\"]]',NULL,0),('RCONST-762e9176:15d067a9c42:-5d1b','RCOND-762e9176:15d067a9c42:-5d56','FACTFLD-28dc975:156bcab666c:-6789','objid','RPUID',NULL,NULL,NULL,NULL,NULL,NULL,NULL,NULL,NULL,NULL,0),('RCONST-762e9176:15d067a9c42:-5da3','RCOND-762e9176:15d067a9c42:-5dd2','FACTFLD-39192c48:1471ebc2797:-7f3a','assessedvalue','AV',NULL,NULL,NULL,NULL,NULL,NULL,NULL,NULL,NULL,NULL,1),('RCONST-762e9176:15d067a9c42:-5dd1','RCOND-762e9176:15d067a9c42:-5dd2','FACTFLD-39192c48:1471ebc2797:-7f95','actualuseid',NULL,'not null','!= null',NULL,NULL,NULL,NULL,NULL,NULL,NULL,NULL,0),('RCONST-79a9a347:15cfcae84de:-1dd7','RCOND-79a9a347:15cfcae84de:-1e48','FACTFLD1b4af871:14e3cc46e09:-3491','value','TOTALAV',NULL,NULL,NULL,NULL,NULL,NULL,NULL,NULL,NULL,NULL,1),('RCONST-79a9a347:15cfcae84de:-1e27','RCOND-79a9a347:15cfcae84de:-1e48','FACTFLD1b4af871:14e3cc46e09:-34a2','varid',NULL,'is any of the ff.','matches',NULL,NULL,NULL,NULL,NULL,NULL,'[[key:\"P-79a9a347:15cfcae84de:-5edb\",value:\"TOTAL_AV\"]]',NULL,0),('RCONST-79a9a347:15cfcae84de:-20b9','RCOND-79a9a347:15cfcae84de:-20e8','FACTFLD-39192c48:1471ebc2797:-7f3a','assessedvalue','AV',NULL,NULL,NULL,NULL,NULL,NULL,NULL,NULL,NULL,NULL,1),('RCONST-79a9a347:15cfcae84de:-20e7','RCOND-79a9a347:15cfcae84de:-20e8','FACTFLD-39192c48:1471ebc2797:-7f95','actualuseid',NULL,'not null','!= null',NULL,NULL,NULL,NULL,NULL,NULL,NULL,NULL,0),('RCONST-79a9a347:15cfcae84de:-5a45','RCOND-79a9a347:15cfcae84de:-5af4','FACTFLD1b4af871:14e3cc46e09:-3491','value','AV',NULL,NULL,NULL,NULL,NULL,NULL,NULL,NULL,NULL,NULL,2),('RCONST-79a9a347:15cfcae84de:-5aaa','RCOND-79a9a347:15cfcae84de:-5af4','FACTFLD1b4af871:14e3cc46e09:-34a2','varid',NULL,'is any of the ff.','matches',NULL,NULL,NULL,NULL,NULL,NULL,'[[key:\"P-79a9a347:15cfcae84de:-5edb\",value:\"TOTAL_AV\"]]',NULL,1),('RCONST-79a9a347:15cfcae84de:-5ccd','RCOND-79a9a347:15cfcae84de:-6ebc','FACTFLD-28dc975:156bcab666c:-6789','objid','RPUID',NULL,NULL,NULL,NULL,NULL,NULL,NULL,NULL,NULL,NULL,0),('RCONST-79a9a347:15cfcae84de:-61bf','RCOND-79a9a347:15cfcae84de:-6222','FACTFLD-28dc975:156bcab666c:-6789','objid','RPUID',NULL,NULL,NULL,NULL,NULL,NULL,NULL,NULL,NULL,NULL,0),('RCONST-79a9a347:15cfcae84de:-625','RCOND-79a9a347:15cfcae84de:-928','FACTFLD-79a9a347:15cfcae84de:-754','assesslevel','AL',NULL,NULL,NULL,NULL,NULL,NULL,NULL,NULL,NULL,NULL,3),('RCONST-79a9a347:15cfcae84de:-62a7','RCOND-79a9a347:15cfcae84de:-637a','FACTFLD-39192c48:1471ebc2797:-7f3a','assessedvalue','AV',NULL,NULL,NULL,NULL,NULL,NULL,NULL,NULL,NULL,NULL,1),('RCONST-79a9a347:15cfcae84de:-6379','RCOND-79a9a347:15cfcae84de:-637a','FACTFLD-39192c48:1471ebc2797:-7f95','actualuseid',NULL,'not null','!= null',NULL,NULL,NULL,NULL,NULL,NULL,NULL,NULL,0),('RCONST-79a9a347:15cfcae84de:-858','RCOND-79a9a347:15cfcae84de:-928','FACTFLD1e772168:14c5a447e35:-7f50','marketvalue','MV',NULL,NULL,NULL,NULL,NULL,NULL,NULL,NULL,NULL,NULL,2),('RCONST-79a9a347:15cfcae84de:-8ad','RCOND-79a9a347:15cfcae84de:-928','FACTFLD16890479:155dcd2ec4e:-7dd1','taxable',NULL,'is true','== true',NULL,NULL,NULL,NULL,NULL,NULL,NULL,NULL,1),('RCONST-79a9a347:15cfcae84de:-8fd','RCOND-79a9a347:15cfcae84de:-928','FACTFLD1e772168:14c5a447e35:-7f62','machuse',NULL,'equals','==',NULL,'RCOND-79a9a347:15cfcae84de:-a77','MAU',NULL,NULL,NULL,NULL,NULL,0),('RCONST-79a9a347:15cfcae84de:-c0a','RCOND-79a9a347:15cfcae84de:-c6d','FACTFLD-28dc975:156bcab666c:-6789','objid','RPUID',NULL,NULL,NULL,NULL,NULL,NULL,NULL,NULL,NULL,NULL,0),('RCONST-79a9a347:15cfcae84de:1012','RCOND-79a9a347:15cfcae84de:fb4','FACTFLD6b62feef:14c53ac1f59:-7ed7','marketvalue','MV',NULL,NULL,NULL,NULL,NULL,NULL,NULL,NULL,NULL,NULL,0),('RCONST-79a9a347:15cfcae84de:1089','RCOND-79a9a347:15cfcae84de:fb4','FACTFLD6b62feef:14c53ac1f59:-7ece','assesslevel','AL',NULL,NULL,NULL,NULL,NULL,NULL,NULL,NULL,NULL,NULL,1),('RCONST-79a9a347:15cfcae84de:4fce','RCOND-79a9a347:15cfcae84de:4fcd','FACTFLD-39192c48:1471ebc2797:-7f95','actualuseid',NULL,'not null','!= null',NULL,NULL,NULL,NULL,NULL,NULL,NULL,NULL,0),('RCONST-79a9a347:15cfcae84de:4ffe','RCOND-79a9a347:15cfcae84de:4fcd','FACTFLD-39192c48:1471ebc2797:-7f3a','assessedvalue','AV',NULL,NULL,NULL,NULL,NULL,NULL,NULL,NULL,NULL,NULL,1),('RCONST-79a9a347:15cfcae84de:50f0','RCOND-79a9a347:15cfcae84de:508d','FACTFLD-28dc975:156bcab666c:-6789','objid','RPUID',NULL,NULL,NULL,NULL,NULL,NULL,NULL,NULL,NULL,NULL,0),('RCONST-79a9a347:15cfcae84de:5606','RCOND-79a9a347:15cfcae84de:55ab','FACTFLD1b4af871:14e3cc46e09:-34a2','varid',NULL,'is any of the ff.','matches',NULL,NULL,NULL,NULL,NULL,NULL,'[[key:\"P-79a9a347:15cfcae84de:-5edb\",value:\"TOTAL_AV\"]]',NULL,0),('RCONST-79a9a347:15cfcae84de:5657','RCOND-79a9a347:15cfcae84de:55ab','FACTFLD1b4af871:14e3cc46e09:-3491','value','TOTALAV',NULL,NULL,NULL,NULL,NULL,NULL,NULL,NULL,NULL,NULL,1),('RCONST-a35dd35:14e51ec3311:-5cc7','RCOND-a35dd35:14e51ec3311:-5d14','FACTFLD-a35dd35:14e51ec3311:-608a','swornamount','SWORNAMT',NULL,NULL,NULL,NULL,NULL,NULL,NULL,NULL,NULL,NULL,1),('RCONST-a35dd35:14e51ec3311:-5cf0','RCOND-a35dd35:14e51ec3311:-5d14','FACTFLD-a35dd35:14e51ec3311:-6104','useswornamount',NULL,'is true','== true',NULL,NULL,NULL,NULL,NULL,NULL,NULL,NULL,0),('RCONST102ab3e1:147190e9fe4:-26f3','RCOND-2486b0ca:146fff66c3e:-3ed1','FACTFLD-2486b0ca:146fff66c3e:-7b23','adjustment','ADJUSTMENT',NULL,NULL,NULL,NULL,NULL,NULL,NULL,NULL,NULL,NULL,1),('RCONST102ab3e1:147190e9fe4:-272e','RCOND-2486b0ca:146fff66c3e:-3ed1','FACTFLD-2486b0ca:146fff66c3e:-7b35','basemarketvalue','BMV',NULL,NULL,NULL,NULL,NULL,NULL,NULL,NULL,NULL,NULL,0),('RCONST1441128c:1471efa4c1c:-6c2e','RCOND1441128c:1471efa4c1c:-6c2f','FACTFLD-39192c48:1471ebc2797:-7f95','actualuseid',NULL,'not null','!= null',NULL,NULL,NULL,NULL,NULL,NULL,NULL,NULL,0),('RCONST1441128c:1471efa4c1c:-6d47','RCOND1441128c:1471efa4c1c:-6d84','FACTFLD1441128c:1471efa4c1c:-6de2','actualuseid','ACTUALUSE','not null','!= null',NULL,NULL,NULL,NULL,NULL,NULL,NULL,NULL,0),('RCONST172e9d9f:166c3c54d48:17d1','RC440e47f4:166ae4152f1:-7fc0','rptis.landtax.facts.RPTLedgerItemFact.year','year',NULL,'greater than or equal to','>=',NULL,NULL,NULL,NULL,1994,NULL,NULL,NULL,1),('RCONST1b4af871:14e3cc46e09:-2f4b','RCOND1b4af871:14e3cc46e09:-2fc5','FACTFLD59614e16:14c5e56ecc8:-7fa5','marketvalue','MV',NULL,NULL,NULL,NULL,NULL,NULL,NULL,NULL,NULL,NULL,0),('RCONST1b4af871:14e3cc46e09:-31dc','RCOND1b4af871:14e3cc46e09:-31fc','FACTFLD59614e16:14c5e56ecc8:-7fbb','basemarketvalue','BMV',NULL,NULL,NULL,NULL,NULL,NULL,NULL,NULL,NULL,NULL,0),('RCONST1e772168:14c5a447e35:-65a1','RCOND1e772168:14c5a447e35:-65bc','FACTFLD1e772168:14c5a447e35:-662f','depreciationvalue','DEP',NULL,NULL,NULL,NULL,NULL,NULL,NULL,NULL,NULL,NULL,0),('RCONST1e772168:14c5a447e35:-6ce4','RCOND1e772168:14c5a447e35:-6cfc','FACTFLD1e772168:14c5a447e35:-7f50','marketvalue','MV',NULL,NULL,NULL,NULL,NULL,NULL,NULL,NULL,NULL,NULL,0),('RCONST1e772168:14c5a447e35:-7db8','RCOND1e772168:14c5a447e35:-7dce','FACTFLD1e772168:14c5a447e35:-7f59','basemarketvalue','BMV',NULL,NULL,NULL,NULL,NULL,NULL,NULL,NULL,NULL,NULL,0),('RCONST1ff29cd0:1572617f8d8:-7d08','RCOND1ff29cd0:1572617f8d8:-7d30','FACTFLD59614e16:14c5e56ecc8:-7ea9','depreciation','DPRATE',NULL,NULL,NULL,NULL,NULL,NULL,NULL,NULL,NULL,NULL,0),('RCONST37c09be1:17e1d5e3d87:-7423','RCOND37c09be1:17e1d5e3d87:-7947','rptis.landtax.facts.RPTLedgerItemFact.amtdue','amtdue','TX',NULL,NULL,NULL,NULL,NULL,NULL,NULL,NULL,NULL,NULL,2),('RCONST37c09be1:17e1d5e3d87:-7596','RCOND37c09be1:17e1d5e3d87:-7947','rptis.landtax.facts.RPTLedgerItemFact.fullypaid','fullypaid',NULL,'is true','== true',NULL,NULL,NULL,NULL,NULL,NULL,NULL,NULL,1),('RCONST37c09be1:17e1d5e3d87:-78f7','RCOND37c09be1:17e1d5e3d87:-7947','rptis.landtax.facts.RPTLedgerItemFact.year','year',NULL,'equal to','==',1,'RCONST37c09be1:17e1d5e3d87:-7b6a','CY',NULL,NULL,NULL,NULL,NULL,0),('RCONST37c09be1:17e1d5e3d87:-7a29','RCOND37c09be1:17e1d5e3d87:-7b84','CurrentDate.day','day',NULL,'less than','<',NULL,NULL,NULL,NULL,20,NULL,NULL,NULL,2),('RCONST37c09be1:17e1d5e3d87:-7aea','RCOND37c09be1:17e1d5e3d87:-7b84','CurrentDate.month','month',NULL,'equal to','==',NULL,NULL,NULL,NULL,1,NULL,NULL,NULL,1),('RCONST37c09be1:17e1d5e3d87:-7b6a','RCOND37c09be1:17e1d5e3d87:-7b84','CurrentDate.year','year','CY',NULL,NULL,NULL,NULL,NULL,NULL,NULL,NULL,NULL,NULL,0),('RCONST37df8403:14c5405fff0:-7656','RCOND37df8403:14c5405fff0:-7693','FACTFLD6b62feef:14c53ac1f59:-7ef2','basemarketvalue','BMV',NULL,NULL,NULL,NULL,NULL,NULL,NULL,NULL,NULL,NULL,0),('RCONST3b800abe:14d2b978f55:-6160','RCOND3b800abe:14d2b978f55:-6196','FACTFLD-2486b0ca:146fff66c3e:-7b1a','marketvalue','MV',NULL,NULL,NULL,NULL,NULL,NULL,NULL,NULL,NULL,NULL,0),('RCONST3b800abe:14d2b978f55:-630b','RCOND3b800abe:14d2b978f55:-6339','FACTFLD-2486b0ca:146fff66c3e:-7a55','marketvalue','MV',NULL,NULL,NULL,NULL,NULL,NULL,NULL,NULL,NULL,NULL,0),('RCONST3b800abe:14d2b978f55:-7cdb','RCOND3b800abe:14d2b978f55:-7d69','FACTFLD-2486b0ca:146fff66c3e:-70e6','amount','ADJAMOUNT',NULL,NULL,NULL,NULL,NULL,NULL,NULL,NULL,NULL,NULL,1),('RCONST3b800abe:14d2b978f55:-7d68','RCOND3b800abe:14d2b978f55:-7d69','FACTFLD-2486b0ca:146fff66c3e:-7104','bldgfloor',NULL,'not null','!= null',NULL,NULL,NULL,NULL,NULL,NULL,NULL,NULL,0),('RCONST3fb43b91:14ccf782188:-5f2b','RCOND3fb43b91:14ccf782188:-5fd2','FACTFLD6b62feef:14c53ac1f59:-7ee0','adjustmentrate','ADJRATE',NULL,NULL,NULL,NULL,NULL,NULL,NULL,NULL,NULL,NULL,1),('RCONST3fb43b91:14ccf782188:-5f95','RCOND3fb43b91:14ccf782188:-5fd2','FACTFLD6b62feef:14c53ac1f59:-7ef2','basemarketvalue','BMV',NULL,NULL,NULL,NULL,NULL,NULL,NULL,NULL,NULL,NULL,0),('RCONST40c0977:151a9b0cb60:-7d29','RCOND-60c99d04:1470b276e7f:-7dd3','FACTFLD-2486b0ca:146fff66c3e:-7b3e','area','BUAREA',NULL,NULL,NULL,NULL,NULL,NULL,NULL,NULL,NULL,NULL,2),('RCONST49a3c540:14e51feb8f6:-67ae','RCOND1b4af871:14e3cc46e09:-2fe8','FACTFLD49a3c540:14e51feb8f6:-6cc5','objid','REFID',NULL,NULL,NULL,NULL,NULL,NULL,NULL,NULL,NULL,NULL,0),('RCONST49a3c540:14e51feb8f6:-6bc7','RCOND1b4af871:14e3cc46e09:-3242','FACTFLD49a3c540:14e51feb8f6:-6cc5','objid','REFID',NULL,NULL,NULL,NULL,NULL,NULL,NULL,NULL,NULL,NULL,0),('RCONST49a3c540:14e51feb8f6:-769e','RCOND49a3c540:14e51feb8f6:-76da','FACTFLD1b4af871:14e3cc46e09:-3491','value','TOTALMV',NULL,NULL,NULL,NULL,NULL,NULL,NULL,NULL,NULL,NULL,1),('RCONST49a3c540:14e51feb8f6:-76c7','RCOND49a3c540:14e51feb8f6:-76da','FACTFLD1b4af871:14e3cc46e09:-34a2','varid',NULL,'is any of the ff.','matches',NULL,NULL,NULL,NULL,NULL,NULL,'[[key:\"TOTAL_MV\",value:\"TOTAL_MV\"]]',NULL,0),('RCONST49a3c540:14e51feb8f6:-7712','RCOND49a3c540:14e51feb8f6:-774e','FACTFLD1b4af871:14e3cc46e09:-3491','value','TOTALBMV',NULL,NULL,NULL,NULL,NULL,NULL,NULL,NULL,NULL,NULL,1),('RCONST49a3c540:14e51feb8f6:-773b','RCOND49a3c540:14e51feb8f6:-774e','FACTFLD1b4af871:14e3cc46e09:-34a2','varid',NULL,'is any of the ff.','matches',NULL,NULL,NULL,NULL,NULL,NULL,'[[key:\"TOTAL_BMV\",value:\"TOTAL_BMV\"]]',NULL,0),('RCONST49a3c540:14e51feb8f6:-7776','RCOND49a3c540:14e51feb8f6:-779a','FACTFLD-a35dd35:14e51ec3311:-6104','useswornamount',NULL,'not true','== false',NULL,NULL,NULL,NULL,NULL,NULL,NULL,NULL,0),('RCONST4bf973aa:1562a233196:-4d8d','RCOND4bf973aa:1562a233196:-500e','FACTFLD4bf973aa:1562a233196:-4e2d','depreciation','DEPRATE',NULL,NULL,NULL,NULL,NULL,NULL,NULL,NULL,NULL,NULL,2),('RCONST4bf973aa:1562a233196:-4f3a','RCOND4bf973aa:1562a233196:-500e','FACTFLD-6c4ec747:154bd626092:-5677','useswornamount',NULL,'is true','== true',NULL,NULL,NULL,NULL,NULL,NULL,NULL,NULL,1),('RCONST4bf973aa:1562a233196:-4f81','RCOND4bf973aa:1562a233196:-500e','FACTFLD-6c4ec747:154bd626092:-5693','swornamount','SWORNAMT',NULL,NULL,NULL,NULL,NULL,NULL,NULL,NULL,NULL,NULL,0),('RCONST4e46261d:14f924c6b53:-7919','RCOND-2486b0ca:146fff66c3e:-3ed1','FACTFLD-66ddf216:14f92338db7:-797f','useswornamount',NULL,'not true','== false',NULL,NULL,NULL,NULL,NULL,NULL,NULL,NULL,2),('RCONST4e46261d:14f924c6b53:-7a21','RCOND4e46261d:14f924c6b53:-7c57','FACTFLD-66ddf216:14f92338db7:-797f','useswornamount',NULL,'is true','== true',NULL,NULL,NULL,NULL,NULL,NULL,NULL,NULL,2),('RCONST4e46261d:14f924c6b53:-7bc5','RCOND4e46261d:14f924c6b53:-7c57','FACTFLD-2486b0ca:146fff66c3e:-7b23','adjustment','ADJUSTMENT',NULL,NULL,NULL,NULL,NULL,NULL,NULL,NULL,NULL,NULL,1),('RCONST4e46261d:14f924c6b53:-7c0e','RCOND4e46261d:14f924c6b53:-7c57','FACTFLD-66ddf216:14f92338db7:-798a','swornamount','SWORNAMT',NULL,NULL,NULL,NULL,NULL,NULL,NULL,NULL,NULL,NULL,0),('RCONST4e46261d:14f924c6b53:-7cc1','RCOND4e46261d:14f924c6b53:-7d37','FACTFLD3e2b89cb:146ff734573:-7ea8','depreciation','DPRATE',NULL,NULL,NULL,NULL,NULL,NULL,NULL,NULL,NULL,NULL,0),('RCONST59614e16:14c5e56ecc8:-7c46','RCOND59614e16:14c5e56ecc8:-7c8f','FACTFLD59614e16:14c5e56ecc8:-7fb0','depreciatedvalue','DEP',NULL,NULL,NULL,NULL,NULL,NULL,NULL,NULL,NULL,NULL,1),('RCONST59614e16:14c5e56ecc8:-7c6f','RCOND59614e16:14c5e56ecc8:-7c8f','FACTFLD59614e16:14c5e56ecc8:-7fbb','basemarketvalue','BMV',NULL,NULL,NULL,NULL,NULL,NULL,NULL,NULL,NULL,NULL,0),('RCONST59614e16:14c5e56ecc8:-7d8b','RCOND59614e16:14c5e56ecc8:-7dcb','FACTFLD59614e16:14c5e56ecc8:-7ea9','depreciation','DEPRATE',NULL,NULL,NULL,NULL,NULL,NULL,NULL,NULL,NULL,NULL,1),('RCONST59614e16:14c5e56ecc8:-7db3','RCOND59614e16:14c5e56ecc8:-7dcb','FACTFLD59614e16:14c5e56ecc8:-7fbb','basemarketvalue','BMV',NULL,NULL,NULL,NULL,NULL,NULL,NULL,NULL,NULL,NULL,0),('RCONST5b4ac915:147baaa06b4:-6d59','RCOND5b4ac915:147baaa06b4:-6da4','FACTFLD5b4ac915:147baaa06b4:-6e01','classification','CLASS','not null','!= null',NULL,NULL,NULL,NULL,NULL,NULL,NULL,NULL,0),('RCONST5ffbdc02:166e7b2c367:-641c','RC70978a15:166ae6875d1:-7f22','rptis.landtax.facts.RPTLedgerItemFact.amtdue','amtdue','TAX',NULL,NULL,NULL,NULL,NULL,NULL,NULL,NULL,NULL,NULL,4),('RCONST5ffbdc02:166e7b2c367:-65fd','RC70978a15:166ae6875d1:-7f22','rptis.landtax.facts.RPTLedgerItemFact.qtr','qtr',NULL,'greater than or equal to','>=',1,'RCONST7e02b404:166ae687f42:-54ad','CQTR',NULL,NULL,NULL,NULL,NULL,2),('RCONST5ffbdc02:166e7b2c367:-66a5','RC70978a15:166ae6875d1:-7f22','rptis.landtax.facts.RPTLedgerItemFact.year','year',NULL,'equal to','==',1,'RCC70978a15:166ae6875d1:-7f23','CY',NULL,NULL,NULL,NULL,NULL,1),('RCONST5ffbdc02:166e7b2c367:-7047','RCOND5ffbdc02:166e7b2c367:-7049','rptis.landtax.facts.AssessedValue.av','av','AV',NULL,NULL,NULL,NULL,NULL,NULL,NULL,NULL,NULL,NULL,1),('RCONST5ffbdc02:166e7b2c367:-7048','RCOND5ffbdc02:166e7b2c367:-7049','rptis.landtax.facts.AssessedValue.year','year','YR',NULL,NULL,NULL,NULL,NULL,NULL,NULL,NULL,NULL,NULL,0),('RCONST633c4f6e:168167799dc:-7741','RCOND633c4f6e:168167799dc:-77a6','rptis.landtax.facts.RPTLedgerItemFact.backtax','backtax',NULL,'is true','== true',NULL,NULL,NULL,NULL,NULL,NULL,NULL,NULL,0),('RCONST634d9a3c:161503ff1dc:-580e','RCOND634d9a3c:161503ff1dc:-586c','FACTFLD547c5381:1451ae1cd9c:-78fb','av','AV',NULL,NULL,NULL,NULL,NULL,NULL,NULL,NULL,NULL,NULL,0),('RCONST650f832b:14c53e6ce93:-795e','RCOND650f832b:14c53e6ce93:-79a1','FACTFLD6b62feef:14c53ac1f59:-7ed7','marketvalue','MV',NULL,NULL,NULL,NULL,NULL,NULL,NULL,NULL,NULL,NULL,0),('RCONST6d174068:14e3de9c20b:-7f46','RCOND6d174068:14e3de9c20b:-7f93','FACTFLD1b4af871:14e3cc46e09:-364b','assesslevel','AL',NULL,NULL,NULL,NULL,NULL,NULL,NULL,NULL,NULL,NULL,1),('RCONST6d174068:14e3de9c20b:-7f73','RCOND6d174068:14e3de9c20b:-7f93','FACTFLD1b4af871:14e3cc46e09:-3654','marketvalue','MV',NULL,NULL,NULL,NULL,NULL,NULL,NULL,NULL,NULL,NULL,0),('RCONST7c3b2c58:1619d761d9d:-7bbe','RCOND634d9a3c:161503ff1dc:-586c',NULL,'revtype',NULL,'is any of the ff.','matches',NULL,NULL,NULL,NULL,NULL,NULL,'[\"basic\",\"sef\"]',NULL,1),('RCONST7e02b404:166ae687f42:-54ad','RC70978a15:166ae6875d1:-7f24','CurrentDate.qtr','qtr','CQTR','greater than','>',NULL,NULL,NULL,NULL,1,NULL,NULL,NULL,1),('RCONST7e83d163:178c928b4a5:-77c2','RCOND7e83d163:178c928b4a5:-7b4a','rptis.landtax.facts.RPTLedgerItemFact.monthsfromjan','monthsfromjan','NM',NULL,NULL,NULL,NULL,NULL,NULL,NULL,NULL,NULL,NULL,3),('RCONST7e83d163:178c928b4a5:-78e3','RCOND7e83d163:178c928b4a5:-7b4a','rptis.landtax.facts.RPTLedgerItemFact.amtdue','amtdue','TX',NULL,NULL,NULL,NULL,NULL,NULL,NULL,NULL,NULL,NULL,2),('RCONST7e83d163:178c928b4a5:-7a01','RCOND7e83d163:178c928b4a5:-7b4a','rptis.landtax.facts.RPTLedgerItemFact.year','year',NULL,'equal to','==',1,'RCONST7e83d163:178c928b4a5:-7bc5','Y1',NULL,NULL,NULL,NULL,NULL,1),('RCONST7e83d163:178c928b4a5:-7a5f','RCOND7e83d163:178c928b4a5:-7b4a','rptis.landtax.facts.RPTLedgerItemFact.revtype','revtype',NULL,'is any of the ff.','matches',NULL,NULL,NULL,NULL,NULL,NULL,'[\"basic\",\"sef\"]',NULL,0),('RCONST7e83d163:178c928b4a5:-7bc5','RCOND7e83d163:178c928b4a5:-7bdd','CurrentDate.year','year','Y1',NULL,NULL,NULL,NULL,NULL,NULL,NULL,NULL,NULL,NULL,0),('RCONSTec9d7ab:166235c2e16:-2ea1','RCONDec9d7ab:166235c2e16:-2ec7','rptis.landtax.facts.Bill.currentdate','currentdate','CDATE',NULL,NULL,NULL,NULL,NULL,NULL,NULL,NULL,NULL,NULL,0),('RCONSTec9d7ab:166235c2e16:-311f','RC7280357:166235c1be7:-7fbd','rptis.landtax.facts.RPTLedgerFact.lastqtrpaid','lastqtrpaid',NULL,'equal to','==',NULL,NULL,NULL,NULL,4,NULL,NULL,NULL,1),('RCONSTec9d7ab:166235c2e16:-36b2','RC7280357:166235c1be7:-7fc7','rptis.landtax.facts.RPTLedgerItemFact.revtype','revtype',NULL,'is any of the ff.','matches',0,NULL,NULL,NULL,NULL,NULL,'[\"basic\",\"sef\"]',NULL,1),('RCONSTec9d7ab:166235c2e16:-38dd','RCONDec9d7ab:166235c2e16:-3905','rptis.landtax.facts.Bill.forpayment','forpayment',NULL,'not true','== false',NULL,NULL,NULL,NULL,NULL,NULL,NULL,NULL,0),('RCONSTec9d7ab:166235c2e16:-39af','RCONDec9d7ab:166235c2e16:-3b0b','rptis.landtax.facts.RPTLedgerItemFact.qtrly','qtrly',NULL,'is true','== true',NULL,NULL,NULL,NULL,NULL,NULL,NULL,NULL,1),('RCONSTec9d7ab:166235c2e16:-3abb','RCONDec9d7ab:166235c2e16:-3b0b','rptis.landtax.facts.RPTLedgerItemFact.year','year',NULL,'less than','<',1,'RCONSTec9d7ab:166235c2e16:-3b8e','CY',NULL,NULL,NULL,NULL,NULL,0),('RCONSTec9d7ab:166235c2e16:-3b8e','RCONDec9d7ab:166235c2e16:-3baa','CurrentDate.year','year','CY',NULL,NULL,NULL,NULL,NULL,NULL,NULL,NULL,NULL,NULL,0),('RCONSTec9d7ab:166235c2e16:-5d6c','RCONDec9d7ab:166235c2e16:-5e7c','rptis.landtax.facts.RPTLedgerItemFact.qtrly','qtrly',NULL,'not true','== false',NULL,NULL,NULL,NULL,NULL,NULL,NULL,NULL,1),('RCONSTec9d7ab:166235c2e16:-5e2c','RCONDec9d7ab:166235c2e16:-5e7c','rptis.landtax.facts.RPTLedgerItemFact.year','year',NULL,'greater than or equal to','>=',1,'RCONSTec9d7ab:166235c2e16:-5f63','CY',NULL,NULL,NULL,NULL,NULL,0),('RCONSTec9d7ab:166235c2e16:-5f1a','RCONDec9d7ab:166235c2e16:-5f7f','CurrentDate.qtr','qtr',NULL,'greater than','>',NULL,NULL,NULL,NULL,1,NULL,NULL,NULL,1),('RCONSTec9d7ab:166235c2e16:-5f63','RCONDec9d7ab:166235c2e16:-5f7f','CurrentDate.year','year','CY',NULL,NULL,NULL,NULL,NULL,NULL,NULL,NULL,NULL,NULL,0);
/*!40000 ALTER TABLE `sys_rule_condition_constraint` ENABLE KEYS */;
UNLOCK TABLES;

--
-- Dumping data for table `sys_rule_condition_var`
--

LOCK TABLES `sys_rule_condition_var` WRITE;
/*!40000 ALTER TABLE `sys_rule_condition_var` DISABLE KEYS */;
INSERT INTO `sys_rule_condition_var` VALUES ('RC-15f7fe9f:15cf6ec9fa5:-7fc3','RC-15f7fe9f:15cf6ec9fa5:-7fc3','RUL-31fc82f2:15cf6ecbe4d:-6b3d','LA','rptis.land.facts.LandDetail',0),('RC-34ab44ad:166c3c53b1b:-7cde','RC-34ab44ad:166c3c53b1b:-7cde','RUL172e9d9f:166c3c54d48:1e3d','BILLITEM','rptis.landtax.facts.RPTBillItem',0),('RC-34ab44ad:166c3c53b1b:-7ce0','RC-34ab44ad:166c3c53b1b:-7ce0','RUL172e9d9f:166c3c54d48:1e3d','RL','rptis.landtax.facts.RPTLedgerFact',1),('RC-34ab44ad:166c3c53b1b:-7cec','RC-34ab44ad:166c3c53b1b:-7cec','RUL172e9d9f:166c3c54d48:1e0b','RL','rptis.landtax.facts.RPTLedgerFact',1),('RC-34ab44ad:166c3c53b1b:-7cef','RC-34ab44ad:166c3c53b1b:-7cef','RUL172e9d9f:166c3c54d48:1e0b','BILLITEM','rptis.landtax.facts.RPTBillItem',0),('RC-34ab44ad:166c3c53b1b:-7cfe','RC-34ab44ad:166c3c53b1b:-7cfe','RUL172e9d9f:166c3c54d48:1c14','RL','rptis.landtax.facts.RPTLedgerFact',1),('RC-34ab44ad:166c3c53b1b:-7d01','RC-34ab44ad:166c3c53b1b:-7d01','RUL172e9d9f:166c3c54d48:1c14','BILLITEM','rptis.landtax.facts.RPTBillItem',0),('RC-34ab44ad:166c3c53b1b:-7d0b','RC-34ab44ad:166c3c53b1b:-7d0b','RUL172e9d9f:166c3c54d48:1bec','BILLITEM','rptis.landtax.facts.RPTBillItem',0),('RC-34ab44ad:166c3c53b1b:-7d0d','RC-34ab44ad:166c3c53b1b:-7d0d','RUL172e9d9f:166c3c54d48:1bec','RL','rptis.landtax.facts.RPTLedgerFact',1),('RC-34ab44ad:166c3c53b1b:-7d1b','RC-34ab44ad:166c3c53b1b:-7d1b','RUL172e9d9f:166c3c54d48:18a2','RLI','rptis.landtax.facts.RPTLedgerItemFact',1),('RC-36fdb4be:1675cf0d583:-7fa4','RC-36fdb4be:1675cf0d583:-7fa4','RUL200eb568:1675cf148a8:-7bfa','RLI','rptis.landtax.facts.RPTLedgerItemFact',1),('RC-543b8ba9:166995918fb:-7edf','RC-543b8ba9:166995918fb:-7edf','RUL76444f2f:16699599f73:-76eb','BILLITEM','rptis.landtax.facts.RPTBillItem',0),('RC-543b8ba9:166995918fb:-7ee2','RC-543b8ba9:166995918fb:-7ee2','RUL76444f2f:16699599f73:-76eb','RL','rptis.landtax.facts.RPTLedgerFact',1),('RC-543b8ba9:166995918fb:-7eeb','RC-543b8ba9:166995918fb:-7eeb','RUL76444f2f:16699599f73:-7713','RL','rptis.landtax.facts.RPTLedgerFact',1),('RC-543b8ba9:166995918fb:-7eee','RC-543b8ba9:166995918fb:-7eee','RUL76444f2f:16699599f73:-7713','BILLITEM','rptis.landtax.facts.RPTBillItem',0),('RC-543b8ba9:166995918fb:-7f11','RC-543b8ba9:166995918fb:-7f11','RUL76444f2f:16699599f73:-797d','BILLITEM','rptis.landtax.facts.RPTBillItem',0),('RC-543b8ba9:166995918fb:-7f13','RC-543b8ba9:166995918fb:-7f13','RUL76444f2f:16699599f73:-797d','RL','rptis.landtax.facts.RPTLedgerFact',1),('RC-543b8ba9:166995918fb:-7f1c','RC-543b8ba9:166995918fb:-7f1c','RUL76444f2f:16699599f73:-79a5','RL','rptis.landtax.facts.RPTLedgerFact',1),('RC-543b8ba9:166995918fb:-7f1f','RC-543b8ba9:166995918fb:-7f1f','RUL76444f2f:16699599f73:-79a5','BILLITEM','rptis.landtax.facts.RPTBillItem',0),('RC-69b5f604:15cfc6b3e74:-7e3b','RC-69b5f604:15cfc6b3e74:-7e3b','RUL-79a9a347:15cfcae84de:-707b','BA','rptis.facts.RPUAssessment',0),('RC16a7ee38:15cfcd300fe:-7fba','RC16a7ee38:15cfcd300fe:-7fba','RUL-79a9a347:15cfcae84de:-55fd','RA','rptis.facts.RPUAssessment',0),('RC16a7ee38:15cfcd300fe:-7fbc','RC16a7ee38:15cfcd300fe:-7fbc','RUL-79a9a347:15cfcae84de:-55fd','RPU','rptis.facts.RPU',1),('RC38ed9262:166c2f569fa:-7f77','RC38ed9262:166c2f569fa:-7f77','RUL37d1c65b:166c2f36d94:-619e','RLI','rptis.landtax.facts.RPTLedgerItemFact',1),('RC440e47f4:166ae4152f1:-7fa6','RC440e47f4:166ae4152f1:-7fa6','RUL1262ad19:166ae41b1fb:-7bf6','RL','rptis.landtax.facts.RPTLedgerFact',1),('RC440e47f4:166ae4152f1:-7fa9','RC440e47f4:166ae4152f1:-7fa9','RUL1262ad19:166ae41b1fb:-7bf6','BILLITEM','rptis.landtax.facts.RPTBillItem',0),('RC440e47f4:166ae4152f1:-7fb5','RC440e47f4:166ae4152f1:-7fb5','RUL1262ad19:166ae41b1fb:-7c23','BILLITEM','rptis.landtax.facts.RPTBillItem',0),('RC440e47f4:166ae4152f1:-7fb7','RC440e47f4:166ae4152f1:-7fb7','RUL1262ad19:166ae41b1fb:-7c23','RL','rptis.landtax.facts.RPTLedgerFact',1),('RC440e47f4:166ae4152f1:-7fc0','RC440e47f4:166ae4152f1:-7fc0','RUL1262ad19:166ae41b1fb:-7c88','RLI','rptis.landtax.facts.RPTLedgerItemFact',1),('RC6407baa3:164078ceff4:-7f3a','RC6407baa3:164078ceff4:-7f3a','RUL-240e09a9:164078d36c8:-716f','RL','rptis.landtax.facts.RPTLedgerFact',1),('RC6407baa3:164078ceff4:-7f3d','RC6407baa3:164078ceff4:-7f3d','RUL-240e09a9:164078d36c8:-716f','BILLITEM','rptis.landtax.facts.RPTBillItem',0),('RC6407baa3:164078ceff4:-7f48','RC6407baa3:164078ceff4:-7f48','RUL-240e09a9:164078d36c8:-7197','RL','rptis.landtax.facts.RPTLedgerFact',1),('RC6407baa3:164078ceff4:-7f4b','RC6407baa3:164078ceff4:-7f4b','RUL-240e09a9:164078d36c8:-7197','BILLITEM','rptis.landtax.facts.RPTBillItem',0),('RC6407baa3:164078ceff4:-7f55','RC6407baa3:164078ceff4:-7f55','RUL-240e09a9:164078d36c8:-71bf','BILLITEM','rptis.landtax.facts.RPTBillItem',0),('RC6407baa3:164078ceff4:-7f57','RC6407baa3:164078ceff4:-7f57','RUL-240e09a9:164078d36c8:-71bf','RL','rptis.landtax.facts.RPTLedgerFact',1),('RC6407baa3:164078ceff4:-7f9c','RC6407baa3:164078ceff4:-7f9c','RUL-240e09a9:164078d36c8:-73ef','RL','rptis.landtax.facts.RPTLedgerFact',1),('RC6407baa3:164078ceff4:-7f9f','RC6407baa3:164078ceff4:-7f9f','RUL-240e09a9:164078d36c8:-73ef','BILLITEM','rptis.landtax.facts.RPTBillItem',0),('RC6407baa3:164078ceff4:-7fae','RC6407baa3:164078ceff4:-7fae','RUL-240e09a9:164078d36c8:-74de','BILLITEM','rptis.landtax.facts.RPTBillItem',0),('RC6407baa3:164078ceff4:-7fb0','RC6407baa3:164078ceff4:-7fb0','RUL-240e09a9:164078d36c8:-74de','RL','rptis.landtax.facts.RPTLedgerFact',1),('RC6407baa3:164078ceff4:-7fbf','RC6407baa3:164078ceff4:-7fbf','RUL-240e09a9:164078d36c8:-7594','BILLITEM','rptis.landtax.facts.RPTBillItem',0),('RC6407baa3:164078ceff4:-7fc1','RC6407baa3:164078ceff4:-7fc1','RUL-240e09a9:164078d36c8:-7594','RL','rptis.landtax.facts.RPTLedgerFact',1),('RC70978a15:166ae6875d1:-7f22','RC70978a15:166ae6875d1:-7f22','RUL7e02b404:166ae687f42:-5511','RLI','rptis.landtax.facts.RPTLedgerItemFact',1),('RC7280357:166235c1be7:-7f7c','RC7280357:166235c1be7:-7f7c','RUL-408f6635:16623fa566b:-755b','RL','rptis.landtax.facts.RPTLedgerFact',1),('RC7280357:166235c1be7:-7f7f','RC7280357:166235c1be7:-7f7f','RUL-408f6635:16623fa566b:-755b','BILLITEM','rptis.landtax.facts.RPTBillItem',0),('RC7280357:166235c1be7:-7f89','RC7280357:166235c1be7:-7f89','RUL-408f6635:16623fa566b:-767f','BILLITEM','rptis.landtax.facts.RPTBillItem',0),('RC7280357:166235c1be7:-7f8b','RC7280357:166235c1be7:-7f8b','RUL-408f6635:16623fa566b:-767f','RL','rptis.landtax.facts.RPTLedgerFact',1),('RC7280357:166235c1be7:-7f94','RC7280357:166235c1be7:-7f94','RUL-408f6635:16623fa566b:-780a','RL','rptis.landtax.facts.RPTLedgerFact',1),('RC7280357:166235c1be7:-7f97','RC7280357:166235c1be7:-7f97','RUL-408f6635:16623fa566b:-780a','BILLITEM','rptis.landtax.facts.RPTBillItem',0),('RC7280357:166235c1be7:-7fa1','RC7280357:166235c1be7:-7fa1','RUL-408f6635:16623fa566b:-7932','BILLITEM','rptis.landtax.facts.RPTBillItem',0),('RC7280357:166235c1be7:-7fa3','RC7280357:166235c1be7:-7fa3','RUL-408f6635:16623fa566b:-7932','RL','rptis.landtax.facts.RPTLedgerFact',1),('RC7280357:166235c1be7:-7faf','RC7280357:166235c1be7:-7faf','RULec9d7ab:166235c2e16:-26bf','RLI','rptis.landtax.facts.RPTLedgerItemFact',1),('RC7280357:166235c1be7:-7fb6','RC7280357:166235c1be7:-7fb6','RULec9d7ab:166235c2e16:-26d0','RLI','rptis.landtax.facts.RPTLedgerItemFact',1),('RC7280357:166235c1be7:-7fbd','RC7280357:166235c1be7:-7fbd','RULec9d7ab:166235c2e16:-319f','RL','rptis.landtax.facts.RPTLedgerFact',1),('RC7280357:166235c1be7:-7fc0','RC7280357:166235c1be7:-7fc0','RULec9d7ab:166235c2e16:-319f','BILL','rptis.landtax.facts.Bill',2),('RC7280357:166235c1be7:-7fc7','RC7280357:166235c1be7:-7fc7','RULec9d7ab:166235c2e16:-3811','RLI','rptis.landtax.facts.RPTLedgerItemFact',1),('RC7280357:166235c1be7:-7fc9','RC7280357:166235c1be7:-7fc9','RULec9d7ab:166235c2e16:-3811','BILL','rptis.landtax.facts.Bill',2),('RC7280357:166235c1be7:-7fd4','RC7280357:166235c1be7:-7fd4','RULec9d7ab:166235c2e16:-4197','RLI','rptis.landtax.facts.RPTLedgerItemFact',1),('RCC-15f7fe9f:15cf6ec9fa5:-7fc1','RC-15f7fe9f:15cf6ec9fa5:-7fc3','RUL-31fc82f2:15cf6ecbe4d:-6b3d','MV','decimal',0),('RCC-15f7fe9f:15cf6ec9fa5:-7fc2','RC-15f7fe9f:15cf6ec9fa5:-7fc3','RUL-31fc82f2:15cf6ecbe4d:-6b3d','AL','decimal',1),('RCC-34ab44ad:166c3c53b1b:-7cdd','RC-34ab44ad:166c3c53b1b:-7cde','RUL172e9d9f:166c3c54d48:1e3d','AMOUNT','decimal',1),('RCC-34ab44ad:166c3c53b1b:-7cdf','RC-34ab44ad:166c3c53b1b:-7ce0','RUL172e9d9f:166c3c54d48:1e3d','PROVID','string',1),('RCC-34ab44ad:166c3c53b1b:-7cea','RC-34ab44ad:166c3c53b1b:-7cec','RUL172e9d9f:166c3c54d48:1e0b','PROVID','string',1),('RCC-34ab44ad:166c3c53b1b:-7ceb','RC-34ab44ad:166c3c53b1b:-7cec','RUL172e9d9f:166c3c54d48:1e0b','BRGYID','string',0),('RCC-34ab44ad:166c3c53b1b:-7ced','RC-34ab44ad:166c3c53b1b:-7cef','RUL172e9d9f:166c3c54d48:1e0b','AMOUNT','decimal',1),('RCC-34ab44ad:166c3c53b1b:-7cfd','RC-34ab44ad:166c3c53b1b:-7cfe','RUL172e9d9f:166c3c54d48:1c14','PROVID','string',1),('RCC-34ab44ad:166c3c53b1b:-7cff','RC-34ab44ad:166c3c53b1b:-7d01','RUL172e9d9f:166c3c54d48:1c14','AMOUNT','decimal',1),('RCC-34ab44ad:166c3c53b1b:-7d0a','RC-34ab44ad:166c3c53b1b:-7d0b','RUL172e9d9f:166c3c54d48:1bec','AMOUNT','decimal',1),('RCC-34ab44ad:166c3c53b1b:-7d0c','RC-34ab44ad:166c3c53b1b:-7d0d','RUL172e9d9f:166c3c54d48:1bec','PROVID','string',1),('RCC-36fdb4be:1675cf0d583:-7f9e','RC-36fdb4be:1675cf0d583:-7f9f','RUL200eb568:1675cf148a8:-7bfa','CY','integer',0),('RCC-36fdb4be:1675cf0d583:-7fa2','RC-36fdb4be:1675cf0d583:-7fa4','RUL200eb568:1675cf148a8:-7bfa','NMON','integer',2),('RCC-36fdb4be:1675cf0d583:-7fa3','RC-36fdb4be:1675cf0d583:-7fa4','RUL200eb568:1675cf148a8:-7bfa','TAX','decimal',3),('RCC-543b8ba9:166995918fb:-7ede','RC-543b8ba9:166995918fb:-7edf','RUL76444f2f:16699599f73:-76eb','AMOUNT','decimal',1),('RCC-543b8ba9:166995918fb:-7ee0','RC-543b8ba9:166995918fb:-7ee2','RUL76444f2f:16699599f73:-76eb','BRGYID','string',0),('RCC-543b8ba9:166995918fb:-7ee1','RC-543b8ba9:166995918fb:-7ee2','RUL76444f2f:16699599f73:-76eb','PROVID','string',1),('RCC-543b8ba9:166995918fb:-7eea','RC-543b8ba9:166995918fb:-7eeb','RUL76444f2f:16699599f73:-7713','PROVID','string',1),('RCC-543b8ba9:166995918fb:-7eec','RC-543b8ba9:166995918fb:-7eee','RUL76444f2f:16699599f73:-7713','AMOUNT','decimal',1),('RCC-543b8ba9:166995918fb:-7f10','RC-543b8ba9:166995918fb:-7f11','RUL76444f2f:16699599f73:-797d','AMOUNT','decimal',1),('RCC-543b8ba9:166995918fb:-7f12','RC-543b8ba9:166995918fb:-7f13','RUL76444f2f:16699599f73:-797d','PROVID','string',1),('RCC-543b8ba9:166995918fb:-7f1b','RC-543b8ba9:166995918fb:-7f1c','RUL76444f2f:16699599f73:-79a5','PROVID','string',1),('RCC-543b8ba9:166995918fb:-7f1d','RC-543b8ba9:166995918fb:-7f1f','RUL76444f2f:16699599f73:-79a5','AMOUNT','decimal',1),('RCC-69b5f604:15cfc6b3e74:-7e39','RC-69b5f604:15cfc6b3e74:-7e3b','RUL-79a9a347:15cfcae84de:-707b','MV','decimal',1),('RCC-69b5f604:15cfc6b3e74:-7e3a','RC-69b5f604:15cfc6b3e74:-7e3b','RUL-79a9a347:15cfcae84de:-707b','AL','decimal',2),('RCC16a7ee38:15cfcd300fe:-7fb9','RC16a7ee38:15cfcd300fe:-7fba','RUL-79a9a347:15cfcae84de:-55fd','AV','decimal',1),('RCC16a7ee38:15cfcd300fe:-7fbb','RC16a7ee38:15cfcd300fe:-7fbc','RUL-79a9a347:15cfcae84de:-55fd','RPUID','string',0),('RCC38ed9262:166c2f569fa:-7f76','RC38ed9262:166c2f569fa:-7f77','RUL37d1c65b:166c2f36d94:-619e','TAX','decimal',3),('RCC440e47f4:166ae4152f1:-7fa5','RC440e47f4:166ae4152f1:-7fa6','RUL1262ad19:166ae41b1fb:-7bf6','BRGYID','string',1),('RCC440e47f4:166ae4152f1:-7fa7','RC440e47f4:166ae4152f1:-7fa9','RUL1262ad19:166ae41b1fb:-7bf6','AMOUNT','decimal',1),('RCC440e47f4:166ae4152f1:-7fb4','RC440e47f4:166ae4152f1:-7fb5','RUL1262ad19:166ae41b1fb:-7c23','AMOUNT','decimal',1),('RCC440e47f4:166ae4152f1:-7fb6','RC440e47f4:166ae4152f1:-7fb7','RUL1262ad19:166ae41b1fb:-7c23','BRGYID','string',1),('RCC440e47f4:166ae4152f1:-7fbd','RC440e47f4:166ae4152f1:-7fbe','RUL1262ad19:166ae41b1fb:-7c88','CY','integer',0),('RCC6407baa3:164078ceff4:-7f39','RC6407baa3:164078ceff4:-7f3a','RUL-240e09a9:164078d36c8:-716f','PROVID','string',1),('RCC6407baa3:164078ceff4:-7f3b','RC6407baa3:164078ceff4:-7f3d','RUL-240e09a9:164078d36c8:-716f','AMOUNT','decimal',1),('RCC6407baa3:164078ceff4:-7f47','RC6407baa3:164078ceff4:-7f48','RUL-240e09a9:164078d36c8:-7197','PROVID','string',1),('RCC6407baa3:164078ceff4:-7f49','RC6407baa3:164078ceff4:-7f4b','RUL-240e09a9:164078d36c8:-7197','AMOUNT','decimal',1),('RCC6407baa3:164078ceff4:-7f54','RC6407baa3:164078ceff4:-7f55','RUL-240e09a9:164078d36c8:-71bf','AMOUNT','decimal',1),('RCC6407baa3:164078ceff4:-7f56','RC6407baa3:164078ceff4:-7f57','RUL-240e09a9:164078d36c8:-71bf','PROVID','string',1),('RCC6407baa3:164078ceff4:-7f9b','RC6407baa3:164078ceff4:-7f9c','RUL-240e09a9:164078d36c8:-73ef','PROVID','string',1),('RCC6407baa3:164078ceff4:-7f9d','RC6407baa3:164078ceff4:-7f9f','RUL-240e09a9:164078d36c8:-73ef','AMOUNT','decimal',1),('RCC6407baa3:164078ceff4:-7fad','RC6407baa3:164078ceff4:-7fae','RUL-240e09a9:164078d36c8:-74de','AMOUNT','decimal',1),('RCC6407baa3:164078ceff4:-7faf','RC6407baa3:164078ceff4:-7fb0','RUL-240e09a9:164078d36c8:-74de','PROVID','string',1),('RCC6407baa3:164078ceff4:-7fbe','RC6407baa3:164078ceff4:-7fbf','RUL-240e09a9:164078d36c8:-7594','AMOUNT','decimal',1),('RCC6407baa3:164078ceff4:-7fc0','RC6407baa3:164078ceff4:-7fc1','RUL-240e09a9:164078d36c8:-7594','PROVID','string',1),('RCC70978a15:166ae6875d1:-7f23','RC70978a15:166ae6875d1:-7f24','RUL7e02b404:166ae687f42:-5511','CY','integer',0),('RCC7280357:166235c1be7:-7f7d','RC7280357:166235c1be7:-7f7f','RUL-408f6635:16623fa566b:-755b','AMOUNT','decimal',1),('RCC7280357:166235c1be7:-7f88','RC7280357:166235c1be7:-7f89','RUL-408f6635:16623fa566b:-767f','AMOUNT','decimal',1),('RCC7280357:166235c1be7:-7f95','RC7280357:166235c1be7:-7f97','RUL-408f6635:16623fa566b:-780a','AMOUNT','decimal',1),('RCC7280357:166235c1be7:-7fa0','RC7280357:166235c1be7:-7fa1','RUL-408f6635:16623fa566b:-7932','AMOUNT','decimal',1),('RCC7280357:166235c1be7:-7fac','RC7280357:166235c1be7:-7fad','RULec9d7ab:166235c2e16:-26bf','CY','integer',0),('RCC7280357:166235c1be7:-7fb3','RC7280357:166235c1be7:-7fb4','RULec9d7ab:166235c2e16:-26d0','CY','integer',0),('RCC7280357:166235c1be7:-7fba','RC7280357:166235c1be7:-7fbb','RULec9d7ab:166235c2e16:-319f','CY','integer',0),('RCC7280357:166235c1be7:-7fcd','RC7280357:166235c1be7:-7fcf','RULec9d7ab:166235c2e16:-4197','CY','integer',0),('RCC7280357:166235c1be7:-7fd3','RC7280357:166235c1be7:-7fd4','RULec9d7ab:166235c2e16:-4197','TAX','decimal',3),('RCOND-103fed47:146ffb40356:-7d40','RCOND-103fed47:146ffb40356:-7d40','RUL3e2b89cb:146ff734573:-7dcc','RPU','rptis.bldg.facts.BldgRPU',0),('RCOND-2486b0ca:146fff66c3e:-2bf1','RCOND-2486b0ca:146fff66c3e:-2bf1','RUL-2486b0ca:146fff66c3e:-2c4a','BU','rptis.bldg.facts.BldgUse',0),('RCOND-2486b0ca:146fff66c3e:-3888','RCOND-2486b0ca:146fff66c3e:-3888','RUL-2486b0ca:146fff66c3e:-38e4','BF','rptis.bldg.facts.BldgFloor',0),('RCOND-2486b0ca:146fff66c3e:-3ed1','RCOND-2486b0ca:146fff66c3e:-3ed1','RUL-2486b0ca:146fff66c3e:-4192','BU','rptis.bldg.facts.BldgUse',1),('RCOND-2486b0ca:146fff66c3e:-3f91','RCOND-2486b0ca:146fff66c3e:-3f91','RUL-2486b0ca:146fff66c3e:-4192','RPU','rptis.bldg.facts.BldgRPU',0),('RCOND-2486b0ca:146fff66c3e:-445d','RCOND-2486b0ca:146fff66c3e:-445d','RUL-2486b0ca:146fff66c3e:-4697','BS','rptis.bldg.facts.BldgStructure',0),('RCOND-2486b0ca:146fff66c3e:-6aad','RCOND-2486b0ca:146fff66c3e:-6aad','RUL-2486b0ca:146fff66c3e:-6b05','BF','rptis.bldg.facts.BldgFloor',0),('RCOND-24ff7cfb:1675d220a6c:-596b','RCOND-24ff7cfb:1675d220a6c:-596b','RUL-24ff7cfb:1675d220a6c:-5c17','RLI','rptis.landtax.facts.RPTLedgerItemFact',2),('RCOND-24ff7cfb:1675d220a6c:-5a00','RCOND-24ff7cfb:1675d220a6c:-5a00','RUL-24ff7cfb:1675d220a6c:-5c17','RL','rptis.landtax.facts.RPTLedgerFact',1),('RCOND-24ff7cfb:1675d220a6c:-614d','RCOND-24ff7cfb:1675d220a6c:-614d','RUL-24ff7cfb:1675d220a6c:-64fb','RLI','rptis.landtax.facts.RPTLedgerItemFact',1),('RCOND-24ff7cfb:1675d220a6c:-7716','RCOND-24ff7cfb:1675d220a6c:-7716','RUL-24ff7cfb:1675d220a6c:-78b5','RLI','rptis.landtax.facts.RPTLedgerItemFact',1),('RCOND-28dc975:156bcab666c:-5f3d','RCOND-28dc975:156bcab666c:-5f3d','RUL-3e8edbea:156bc08656a:-5f05','VAR','rptis.facts.RPTVariable',1),('RCOND-28dc975:156bcab666c:-6051','RCOND-28dc975:156bcab666c:-6051','RUL-3e8edbea:156bc08656a:-5f05','RPU','rptis.facts.RPU',0),('RCOND-2ede6703:16642adb9ce:-7a39','RCOND-2ede6703:16642adb9ce:-7a39','RUL-2ede6703:16642adb9ce:-7ba0','BILL','rptis.landtax.facts.Bill',0),('RCOND-408f6635:16623fa566b:-7b9e','RCOND-408f6635:16623fa566b:-7b9e','RULec9d7ab:166235c2e16:-243a','RL','rptis.landtax.facts.RPTLedgerFact',1),('RCOND-408f6635:16623fa566b:-7c9e','RCOND-408f6635:16623fa566b:-7c9e','RULec9d7ab:166235c2e16:-243a','BILLITEM','rptis.landtax.facts.RPTBillItem',0),('RCOND-46fca07e:14c545f3e6a:-3353','RCOND-46fca07e:14c545f3e6a:-3353','RUL-46fca07e:14c545f3e6a:-33b4','BF','rptis.bldg.facts.BldgFloor',0),('RCOND-46fca07e:14c545f3e6a:-34b0','RCOND-46fca07e:14c545f3e6a:-34b0','RUL-46fca07e:14c545f3e6a:-350f','BU','rptis.bldg.facts.BldgUse',0),('RCOND-46fca07e:14c545f3e6a:-7707','RCOND-46fca07e:14c545f3e6a:-7707','RUL-46fca07e:14c545f3e6a:-7740','LA','rptis.land.facts.LandDetail',0),('RCOND-46fca07e:14c545f3e6a:-786f','RCOND-46fca07e:14c545f3e6a:-786f','RUL-46fca07e:14c545f3e6a:-7a8b','LA','rptis.land.facts.LandDetail',0),('RCOND-57007687:1750090229e:-7c9c','RCOND-57007687:1750090229e:-7c9c','RUL-57007687:1750090229e:-7df5','RLI','rptis.landtax.facts.RPTLedgerItemFact',1),('RCOND-59249a93:1614f57bd58:-7d29','RCOND-59249a93:1614f57bd58:-7d29','RUL-59249a93:1614f57bd58:-7d49','AVINFO','rptis.landtax.facts.AssessedValue',0),('RCOND-5e76cf73:14d69e9c549:-701c','RCOND-5e76cf73:14d69e9c549:-701c','RUL-5e76cf73:14d69e9c549:-7084','LA','rptis.land.facts.LandDetail',0),('RCOND-5e76cf73:14d69e9c549:-7e5d','RCOND-5e76cf73:14d69e9c549:-7e5d','RUL-5e76cf73:14d69e9c549:-7fd4','ADJ','rptis.land.facts.LandAdjustment',0),('RCOND-60c99d04:1470b276e7f:-7dd3','RCOND-60c99d04:1470b276e7f:-7dd3','RUL-60c99d04:1470b276e7f:-7ecc','BU','rptis.bldg.facts.BldgUse',1),('RCOND-60c99d04:1470b276e7f:-7e2a','RCOND-60c99d04:1470b276e7f:-7e2a','RUL-60c99d04:1470b276e7f:-7ecc','BS','rptis.bldg.facts.BldgStructure',0),('RCOND-6c4ec747:154bd626092:-55c3','RCOND-6c4ec747:154bd626092:-55c3','RUL-6c4ec747:154bd626092:-5616','MACH','rptis.mach.facts.MachineDetail',0),('RCOND-762e9176:15d067a9c42:-5928','RCOND-762e9176:15d067a9c42:-5928','RUL-762e9176:15d067a9c42:-5aa0','RPU','rptis.facts.RPU',1),('RCOND-762e9176:15d067a9c42:-5a4b','RCOND-762e9176:15d067a9c42:-5a4b','RUL-762e9176:15d067a9c42:-5aa0','VAR','rptis.facts.RPTVariable',0),('RCOND-762e9176:15d067a9c42:-5d56','RCOND-762e9176:15d067a9c42:-5d56','RUL-762e9176:15d067a9c42:-5e26','RPU','rptis.facts.RPU',1),('RCOND-762e9176:15d067a9c42:-5dd2','RCOND-762e9176:15d067a9c42:-5dd2','RUL-762e9176:15d067a9c42:-5e26','RA','rptis.facts.RPUAssessment',0),('RCOND-79a9a347:15cfcae84de:-1e48','RCOND-79a9a347:15cfcae84de:-1e48','RUL-79a9a347:15cfcae84de:-1ed3','VAR','rptis.facts.RPTVariable',1),('RCOND-79a9a347:15cfcae84de:-1e8b','RCOND-79a9a347:15cfcae84de:-1e8b','RUL-79a9a347:15cfcae84de:-1ed3','RPU','rptis.facts.RPU',0),('RCOND-79a9a347:15cfcae84de:-20e8','RCOND-79a9a347:15cfcae84de:-20e8','RUL-79a9a347:15cfcae84de:-2167','RA','rptis.facts.RPUAssessment',0),('RCOND-79a9a347:15cfcae84de:-5af4','RCOND-79a9a347:15cfcae84de:-5af4','RUL-79a9a347:15cfcae84de:-6f2a','VAR','rptis.facts.RPTVariable',1),('RCOND-79a9a347:15cfcae84de:-6222','RCOND-79a9a347:15cfcae84de:-6222','RUL-79a9a347:15cfcae84de:-6401','RPU','rptis.facts.RPU',1),('RCOND-79a9a347:15cfcae84de:-637a','RCOND-79a9a347:15cfcae84de:-637a','RUL-79a9a347:15cfcae84de:-6401','RA','rptis.facts.RPUAssessment',0),('RCOND-79a9a347:15cfcae84de:-6ebc','RCOND-79a9a347:15cfcae84de:-6ebc','RUL-79a9a347:15cfcae84de:-6f2a','RPU','rptis.facts.RPU',0),('RCOND-79a9a347:15cfcae84de:-928','RCOND-79a9a347:15cfcae84de:-928','RUL-79a9a347:15cfcae84de:-b33','MACH','rptis.mach.facts.MachineDetail',1),('RCOND-79a9a347:15cfcae84de:-a77','RCOND-79a9a347:15cfcae84de:-a77','RUL-79a9a347:15cfcae84de:-b33','MAU','rptis.mach.facts.MachineActualUse',0),('RCOND-79a9a347:15cfcae84de:-c6d','RCOND-79a9a347:15cfcae84de:-c6d','RUL-79a9a347:15cfcae84de:-2167','RPU','rptis.facts.RPU',1),('RCOND-79a9a347:15cfcae84de:4fcd','RCOND-79a9a347:15cfcae84de:4fcd','RUL-79a9a347:15cfcae84de:4f83','RA','rptis.facts.RPUAssessment',0),('RCOND-79a9a347:15cfcae84de:508d','RCOND-79a9a347:15cfcae84de:508d','RUL-79a9a347:15cfcae84de:4f83','RPU','rptis.facts.RPU',1),('RCOND-79a9a347:15cfcae84de:553c','RCOND-79a9a347:15cfcae84de:553c','RUL-79a9a347:15cfcae84de:549e','RPU','rptis.facts.RPU',1),('RCOND-79a9a347:15cfcae84de:55ab','RCOND-79a9a347:15cfcae84de:55ab','RUL-79a9a347:15cfcae84de:549e','VAR','rptis.facts.RPTVariable',1),('RCOND-79a9a347:15cfcae84de:fb4','RCOND-79a9a347:15cfcae84de:fb4','RUL-79a9a347:15cfcae84de:f6c','PTD','rptis.planttree.facts.PlantTreeDetail',0),('RCOND-a35dd35:14e51ec3311:-5d14','RCOND-a35dd35:14e51ec3311:-5d14','RUL-a35dd35:14e51ec3311:-5d4c','MRPU','rptis.misc.facts.MiscRPU',0),('RCOND1441128c:1471efa4c1c:-6c2f','RCOND1441128c:1471efa4c1c:-6c2f','RUL1441128c:1471efa4c1c:-6c93','BA','rptis.facts.RPUAssessment',0),('RCOND1441128c:1471efa4c1c:-6d84','RCOND1441128c:1471efa4c1c:-6d84','RUL1441128c:1471efa4c1c:-6eaa','BU','rptis.bldg.facts.BldgUse',0),('RCOND1b4af871:14e3cc46e09:-2fc5','RCOND1b4af871:14e3cc46e09:-2fc5','RUL1b4af871:14e3cc46e09:-301e','MI','rptis.misc.facts.MiscItem',1),('RCOND1b4af871:14e3cc46e09:-2fe8','RCOND1b4af871:14e3cc46e09:-2fe8','RUL1b4af871:14e3cc46e09:-301e','MRPU','rptis.misc.facts.MiscRPU',0),('RCOND1b4af871:14e3cc46e09:-31fc','RCOND1b4af871:14e3cc46e09:-31fc','RUL1b4af871:14e3cc46e09:-3341','MI','rptis.misc.facts.MiscItem',1),('RCOND1b4af871:14e3cc46e09:-3242','RCOND1b4af871:14e3cc46e09:-3242','RUL1b4af871:14e3cc46e09:-3341','MRPU','rptis.misc.facts.MiscRPU',0),('RCOND1e772168:14c5a447e35:-65bc','RCOND1e772168:14c5a447e35:-65bc','RUL1e772168:14c5a447e35:-669c','MACH','rptis.mach.facts.MachineDetail',0),('RCOND1e772168:14c5a447e35:-6cfc','RCOND1e772168:14c5a447e35:-6cfc','RUL1e772168:14c5a447e35:-6d2f','MACH','rptis.mach.facts.MachineDetail',0),('RCOND1e772168:14c5a447e35:-7dce','RCOND1e772168:14c5a447e35:-7dce','RUL1e772168:14c5a447e35:-7e01','MACH','rptis.mach.facts.MachineDetail',0),('RCOND1ff29cd0:1572617f8d8:-7d30','RCOND1ff29cd0:1572617f8d8:-7d30','RUL-a35dd35:14e51ec3311:-5d4c','MI','rptis.misc.facts.MiscItem',1),('RCOND37c09be1:17e1d5e3d87:-7947','RCOND37c09be1:17e1d5e3d87:-7947','RUL37c09be1:17e1d5e3d87:-7bca','RLI','rptis.landtax.facts.RPTLedgerItemFact',1),('RCOND37df8403:14c5405fff0:-7693','RCOND37df8403:14c5405fff0:-7693','RUL37df8403:14c5405fff0:-76bf','PTD','rptis.planttree.facts.PlantTreeDetail',0),('RCOND3b800abe:14d2b978f55:-6196','RCOND3b800abe:14d2b978f55:-6196','RUL3b800abe:14d2b978f55:-61fb','BU','rptis.bldg.facts.BldgUse',0),('RCOND3b800abe:14d2b978f55:-6339','RCOND3b800abe:14d2b978f55:-6339','RUL3b800abe:14d2b978f55:-63a0','BF','rptis.bldg.facts.BldgFloor',0),('RCOND3b800abe:14d2b978f55:-7d69','RCOND3b800abe:14d2b978f55:-7d69','RUL3b800abe:14d2b978f55:-7e09','ADJ','rptis.bldg.facts.BldgAdjustment',0),('RCOND3fb43b91:14ccf782188:-5fd2','RCOND3fb43b91:14ccf782188:-5fd2','RUL3fb43b91:14ccf782188:-6008','PTD','rptis.planttree.facts.PlantTreeDetail',0),('RCOND49a3c540:14e51feb8f6:-76da','RCOND49a3c540:14e51feb8f6:-76da','RUL49a3c540:14e51feb8f6:-77d2','VAR2','rptis.misc.facts.MiscVariable',2),('RCOND49a3c540:14e51feb8f6:-774e','RCOND49a3c540:14e51feb8f6:-774e','RUL49a3c540:14e51feb8f6:-77d2','VAR1','rptis.facts.RPTVariable',1),('RCOND49a3c540:14e51feb8f6:-779a','RCOND49a3c540:14e51feb8f6:-779a','RUL49a3c540:14e51feb8f6:-77d2','MRPU','rptis.misc.facts.MiscRPU',0),('RCOND4bf973aa:1562a233196:-500e','RCOND4bf973aa:1562a233196:-500e','RUL4bf973aa:1562a233196:-5055','MACH','rptis.mach.facts.MachineDetail',0),('RCOND4e46261d:14f924c6b53:-7c57','RCOND4e46261d:14f924c6b53:-7c57','RUL4e46261d:14f924c6b53:-7d9b','BU','rptis.bldg.facts.BldgUse',1),('RCOND4e46261d:14f924c6b53:-7d37','RCOND4e46261d:14f924c6b53:-7d37','RUL4e46261d:14f924c6b53:-7d9b','RPU','rptis.bldg.facts.BldgRPU',0),('RCOND5022d8ba:1589ae965a4:-7c5c','RCOND5022d8ba:1589ae965a4:-7c5c','RUL5022d8ba:1589ae965a4:-7c9c','PTD','rptis.planttree.facts.PlantTreeDetail',0),('RCOND59614e16:14c5e56ecc8:-7c8f','RCOND59614e16:14c5e56ecc8:-7c8f','RUL59614e16:14c5e56ecc8:-7cbf','MI','rptis.misc.facts.MiscItem',0),('RCOND59614e16:14c5e56ecc8:-7dcb','RCOND59614e16:14c5e56ecc8:-7dcb','RUL59614e16:14c5e56ecc8:-7dfb','MI','rptis.misc.facts.MiscItem',0),('RCOND5b4ac915:147baaa06b4:-6da4','RCOND5b4ac915:147baaa06b4:-6da4','RUL5b4ac915:147baaa06b4:-6f31','LA','rptis.land.facts.LandDetail',0),('RCOND5ffbdc02:166e7b2c367:-7049','RCOND5ffbdc02:166e7b2c367:-7049','RUL-59249a93:1614f57bd58:-7d49','AVINFO','rptis.landtax.facts.AssessedValue',0),('RCOND633c4f6e:168167799dc:-77a6','RCOND633c4f6e:168167799dc:-77a6','RUL633c4f6e:168167799dc:-7806','RLI','rptis.landtax.facts.RPTLedgerItemFact',0),('RCOND634d9a3c:161503ff1dc:-586c','RCOND634d9a3c:161503ff1dc:-586c','RUL634d9a3c:161503ff1dc:-5b2a','RLI','rptis.landtax.facts.RPTLedgerItemFact',0),('RCOND650f832b:14c53e6ce93:-79a1','RCOND650f832b:14c53e6ce93:-79a1','RUL650f832b:14c53e6ce93:-79cd','PTD','rptis.planttree.facts.PlantTreeDetail',0),('RCOND6d174068:14e3de9c20b:-7f93','RCOND6d174068:14e3de9c20b:-7f93','RUL6d174068:14e3de9c20b:-7fcb','MRPU','rptis.misc.facts.MiscRPU',0),('RCOND7e83d163:178c928b4a5:-7b4a','RCOND7e83d163:178c928b4a5:-7b4a','RUL7e83d163:178c928b4a5:-7c21','RLI','rptis.landtax.facts.RPTLedgerItemFact',1),('RCONDec9d7ab:166235c2e16:-24fc','RCONDec9d7ab:166235c2e16:-24fc','RULec9d7ab:166235c2e16:-255e','RLTS','rptis.landtax.facts.RPTLedgerTaxSummaryFact',0),('RCONDec9d7ab:166235c2e16:-2ec7','RCONDec9d7ab:166235c2e16:-2ec7','RULec9d7ab:166235c2e16:-2f1f','BILL','rptis.landtax.facts.Bill',0),('RCONDec9d7ab:166235c2e16:-3905','RCONDec9d7ab:166235c2e16:-3905','RULec9d7ab:166235c2e16:-3c17','BILL','rptis.landtax.facts.Bill',2),('RCONDec9d7ab:166235c2e16:-3b0b','RCONDec9d7ab:166235c2e16:-3b0b','RULec9d7ab:166235c2e16:-3c17','RLI','rptis.landtax.facts.RPTLedgerItemFact',1),('RCONDec9d7ab:166235c2e16:-5e7c','RCONDec9d7ab:166235c2e16:-5e7c','RULec9d7ab:166235c2e16:-5fcb','RLI','rptis.landtax.facts.RPTLedgerItemFact',1),('RCONST-103fed47:146ffb40356:-7c7c','RCOND-103fed47:146ffb40356:-7d40','RUL3e2b89cb:146ff734573:-7dcc','YRCOMPLETED','integer',1),('RCONST-103fed47:146ffb40356:-7ce5','RCOND-103fed47:146ffb40356:-7d40','RUL3e2b89cb:146ff734573:-7dcc','YRAPPRAISED','integer',0),('RCONST-2486b0ca:146fff66c3e:-2b45','RCOND-2486b0ca:146fff66c3e:-2bf1','RUL-2486b0ca:146fff66c3e:-2c4a','ADJ','decimal',2),('RCONST-2486b0ca:146fff66c3e:-2b8c','RCOND-2486b0ca:146fff66c3e:-2bf1','RUL-2486b0ca:146fff66c3e:-2c4a','DEP','decimal',1),('RCONST-2486b0ca:146fff66c3e:-2bc5','RCOND-2486b0ca:146fff66c3e:-2bf1','RUL-2486b0ca:146fff66c3e:-2c4a','BMV','decimal',0),('RCONST-2486b0ca:146fff66c3e:-382b','RCOND-2486b0ca:146fff66c3e:-3888','RUL-2486b0ca:146fff66c3e:-38e4','ADJ','decimal',1),('RCONST-2486b0ca:146fff66c3e:-3860','RCOND-2486b0ca:146fff66c3e:-3888','RUL-2486b0ca:146fff66c3e:-38e4','BMV','decimal',0),('RCONST-2486b0ca:146fff66c3e:-3f19','RCOND-2486b0ca:146fff66c3e:-3f91','RUL-2486b0ca:146fff66c3e:-4192','DPRATE','decimal',0),('RCONST-2486b0ca:146fff66c3e:-6a5a','RCOND-2486b0ca:146fff66c3e:-6aad','RUL-2486b0ca:146fff66c3e:-6b05','UV','decimal',1),('RCONST-2486b0ca:146fff66c3e:-6a8b','RCOND-2486b0ca:146fff66c3e:-6aad','RUL-2486b0ca:146fff66c3e:-6b05','AREA','decimal',0),('RCONST-24ff7cfb:1675d220a6c:-56ab','RC70978a15:166ae6875d1:-7f22','RUL7e02b404:166ae687f42:-5511','NMON','integer',4),('RCONST-24ff7cfb:1675d220a6c:-5bbb','RCOND-24ff7cfb:1675d220a6c:-5bd3','RUL-24ff7cfb:1675d220a6c:-5c17','CY','integer',0),('RCONST-24ff7cfb:1675d220a6c:-5f88','RCOND-24ff7cfb:1675d220a6c:-614d','RUL-24ff7cfb:1675d220a6c:-64fb','DISC','decimal',2),('RCONST-24ff7cfb:1675d220a6c:-63a0','RCOND-24ff7cfb:1675d220a6c:-64b7','RUL-24ff7cfb:1675d220a6c:-64fb','DAY','integer',3),('RCONST-24ff7cfb:1675d220a6c:-6414','RCOND-24ff7cfb:1675d220a6c:-64b7','RUL-24ff7cfb:1675d220a6c:-64fb','MONTH','integer',2),('RCONST-24ff7cfb:1675d220a6c:-6468','RCOND-24ff7cfb:1675d220a6c:-64b7','RUL-24ff7cfb:1675d220a6c:-64fb','CQTR','integer',1),('RCONST-24ff7cfb:1675d220a6c:-649f','RCOND-24ff7cfb:1675d220a6c:-64b7','RUL-24ff7cfb:1675d220a6c:-64fb','CY','integer',0),('RCONST-24ff7cfb:1675d220a6c:-734f','RCOND-24ff7cfb:1675d220a6c:-7716','RUL-24ff7cfb:1675d220a6c:-78b5','TAX','decimal',2),('RCONST-24ff7cfb:1675d220a6c:-7859','RCOND-24ff7cfb:1675d220a6c:-7871','RUL-24ff7cfb:1675d220a6c:-78b5','CY','integer',0),('RCONST-24ff7cfb:1675d220a6c:-7966','RC38ed9262:166c2f569fa:-7f72','RUL37d1c65b:166c2f36d94:-619e','CY','integer',1),('RCONST-24ff7cfb:1675d220a6c:-7a08','RC38ed9262:166c2f569fa:-7f72','RUL37d1c65b:166c2f36d94:-619e','CQTR','integer',0),('RCONST-28dc975:156bcab666c:-5ed8','RCOND-28dc975:156bcab666c:-5f3d','RUL-3e8edbea:156bc08656a:-5f05','AV','decimal',1),('RCONST-2ede6703:16642adb9ce:-79c8','RCOND-2ede6703:16642adb9ce:-7a39','RUL-2ede6703:16642adb9ce:-7ba0','BILLDATE','date',1),('RCONST-2ef3c345:147ed584975:-7e3d','RCOND-60c99d04:1470b276e7f:-7e2a','RUL-60c99d04:1470b276e7f:-7ecc','TOTALAREA','decimal',1),('RCONST-408f6635:16623fa566b:-7c1c','RCOND-408f6635:16623fa566b:-7c9e','RULec9d7ab:166235c2e16:-243a','AMOUNT','decimal',1),('RCONST-46fca07e:14c545f3e6a:-332b','RCOND-46fca07e:14c545f3e6a:-3353','RUL-46fca07e:14c545f3e6a:-33b4','BMV','decimal',0),('RCONST-46fca07e:14c545f3e6a:-3481','RCOND-46fca07e:14c545f3e6a:-34b0','RUL-46fca07e:14c545f3e6a:-350f','BMV','decimal',0),('RCONST-46fca07e:14c545f3e6a:-7678','RCOND-46fca07e:14c545f3e6a:-7707','RUL-46fca07e:14c545f3e6a:-7740','ADJ','decimal',1),('RCONST-46fca07e:14c545f3e6a:-76c6','RCOND-46fca07e:14c545f3e6a:-7707','RUL-46fca07e:14c545f3e6a:-7740','BMV','decimal',0),('RCONST-46fca07e:14c545f3e6a:-77f2','RCOND-46fca07e:14c545f3e6a:-786f','RUL-46fca07e:14c545f3e6a:-7a8b','UV','decimal',1),('RCONST-46fca07e:14c545f3e6a:-783a','RCOND-46fca07e:14c545f3e6a:-786f','RUL-46fca07e:14c545f3e6a:-7a8b','AREA','decimal',0),('RCONST-5355b1d6:1662990040c:-6c92','RCOND-408f6635:16623fa566b:-7b9e','RULec9d7ab:166235c2e16:-243a','BRGYID','string',1),('RCONST-5355b1d6:1662990040c:-6e07','RC7280357:166235c1be7:-7fa3','RUL-408f6635:16623fa566b:-7932','BRGYID','string',1),('RCONST-5355b1d6:1662990040c:-6f82','RC7280357:166235c1be7:-7f94','RUL-408f6635:16623fa566b:-780a','BRGYID','string',1),('RCONST-5355b1d6:1662990040c:-714c','RC7280357:166235c1be7:-7f8b','RUL-408f6635:16623fa566b:-767f','BRGYID','string',1),('RCONST-5355b1d6:1662990040c:-72d7','RC7280357:166235c1be7:-7f7c','RUL-408f6635:16623fa566b:-755b','BRGYID','string',1),('RCONST-57007687:1750090229e:-7a5f','RCOND-57007687:1750090229e:-7c9c','RUL-57007687:1750090229e:-7df5','TAX','decimal',2),('RCONST-57007687:1750090229e:-7d32','RCOND-57007687:1750090229e:-7d90','RUL-57007687:1750090229e:-7df5','CQTR','integer',1),('RCONST-57007687:1750090229e:-7d72','RCOND-57007687:1750090229e:-7d90','RUL-57007687:1750090229e:-7df5','CY','integer',0),('RCONST-59249a93:1614f57bd58:-7d27','RCOND-59249a93:1614f57bd58:-7d29','RUL-59249a93:1614f57bd58:-7d49','AV','decimal',1),('RCONST-59249a93:1614f57bd58:-7d28','RCOND-59249a93:1614f57bd58:-7d29','RUL-59249a93:1614f57bd58:-7d49','YR','integer',0),('RCONST-5e76cf73:14d69e9c549:-6f25','RCOND-5e76cf73:14d69e9c549:-701c','RUL-5e76cf73:14d69e9c549:-7084','AUADJ','decimal',2),('RCONST-5e76cf73:14d69e9c549:-6f83','RCOND-5e76cf73:14d69e9c549:-701c','RUL-5e76cf73:14d69e9c549:-7084','LVADJ','decimal',1),('RCONST-5e76cf73:14d69e9c549:-6fd3','RCOND-5e76cf73:14d69e9c549:-701c','RUL-5e76cf73:14d69e9c549:-7084','ADJ','decimal',0),('RCONST-5e76cf73:14d69e9c549:-7e44','RCOND-5e76cf73:14d69e9c549:-7e5d','RUL-5e76cf73:14d69e9c549:-7fd4','ADJAMOUNT','decimal',0),('RCONST-60c99d04:1470b276e7f:-7d64','RCOND-60c99d04:1470b276e7f:-7dd3','RUL-60c99d04:1470b276e7f:-7ecc','BASEVALUE','decimal',1),('RCONST-6c4ec747:154bd626092:-5554','RCOND-6c4ec747:154bd626092:-55c3','RUL-6c4ec747:154bd626092:-5616','SWORNAMT','decimal',1),('RCONST-762e9176:15d067a9c42:-59dc','RCOND-762e9176:15d067a9c42:-5a4b','RUL-762e9176:15d067a9c42:-5aa0','TOTALAV','decimal',1),('RCONST-762e9176:15d067a9c42:-5d1b','RCOND-762e9176:15d067a9c42:-5d56','RUL-762e9176:15d067a9c42:-5e26','RPUID','string',0),('RCONST-762e9176:15d067a9c42:-5da3','RCOND-762e9176:15d067a9c42:-5dd2','RUL-762e9176:15d067a9c42:-5e26','AV','decimal',1),('RCONST-79a9a347:15cfcae84de:-1dd7','RCOND-79a9a347:15cfcae84de:-1e48','RUL-79a9a347:15cfcae84de:-1ed3','TOTALAV','decimal',1),('RCONST-79a9a347:15cfcae84de:-20b9','RCOND-79a9a347:15cfcae84de:-20e8','RUL-79a9a347:15cfcae84de:-2167','AV','decimal',1),('RCONST-79a9a347:15cfcae84de:-5a45','RCOND-79a9a347:15cfcae84de:-5af4','RUL-79a9a347:15cfcae84de:-6f2a','AV','decimal',2),('RCONST-79a9a347:15cfcae84de:-5ccd','RCOND-79a9a347:15cfcae84de:-6ebc','RUL-79a9a347:15cfcae84de:-6f2a','RPUID','string',0),('RCONST-79a9a347:15cfcae84de:-61bf','RCOND-79a9a347:15cfcae84de:-6222','RUL-79a9a347:15cfcae84de:-6401','RPUID','string',0),('RCONST-79a9a347:15cfcae84de:-625','RCOND-79a9a347:15cfcae84de:-928','RUL-79a9a347:15cfcae84de:-b33','AL','decimal',3),('RCONST-79a9a347:15cfcae84de:-62a7','RCOND-79a9a347:15cfcae84de:-637a','RUL-79a9a347:15cfcae84de:-6401','AV','decimal',1),('RCONST-79a9a347:15cfcae84de:-858','RCOND-79a9a347:15cfcae84de:-928','RUL-79a9a347:15cfcae84de:-b33','MV','decimal',2),('RCONST-79a9a347:15cfcae84de:-c0a','RCOND-79a9a347:15cfcae84de:-c6d','RUL-79a9a347:15cfcae84de:-2167','RPUID','string',0),('RCONST-79a9a347:15cfcae84de:1012','RCOND-79a9a347:15cfcae84de:fb4','RUL-79a9a347:15cfcae84de:f6c','MV','decimal',0),('RCONST-79a9a347:15cfcae84de:1089','RCOND-79a9a347:15cfcae84de:fb4','RUL-79a9a347:15cfcae84de:f6c','AL','decimal',1),('RCONST-79a9a347:15cfcae84de:4ffe','RCOND-79a9a347:15cfcae84de:4fcd','RUL-79a9a347:15cfcae84de:4f83','AV','decimal',1),('RCONST-79a9a347:15cfcae84de:50f0','RCOND-79a9a347:15cfcae84de:508d','RUL-79a9a347:15cfcae84de:4f83','RPUID','string',0),('RCONST-79a9a347:15cfcae84de:5657','RCOND-79a9a347:15cfcae84de:55ab','RUL-79a9a347:15cfcae84de:549e','TOTALAV','decimal',1),('RCONST-a35dd35:14e51ec3311:-5cc7','RCOND-a35dd35:14e51ec3311:-5d14','RUL-a35dd35:14e51ec3311:-5d4c','SWORNAMT','decimal',1),('RCONST102ab3e1:147190e9fe4:-26f3','RCOND-2486b0ca:146fff66c3e:-3ed1','RUL-2486b0ca:146fff66c3e:-4192','ADJUSTMENT','decimal',1),('RCONST102ab3e1:147190e9fe4:-272e','RCOND-2486b0ca:146fff66c3e:-3ed1','RUL-2486b0ca:146fff66c3e:-4192','BMV','decimal',0),('RCONST1441128c:1471efa4c1c:-6d47','RCOND1441128c:1471efa4c1c:-6d84','RUL1441128c:1471efa4c1c:-6eaa','ACTUALUSE','string',0),('RCONST1b4af871:14e3cc46e09:-2f4b','RCOND1b4af871:14e3cc46e09:-2fc5','RUL1b4af871:14e3cc46e09:-301e','MV','decimal',0),('RCONST1b4af871:14e3cc46e09:-31dc','RCOND1b4af871:14e3cc46e09:-31fc','RUL1b4af871:14e3cc46e09:-3341','BMV','decimal',0),('RCONST1e772168:14c5a447e35:-65a1','RCOND1e772168:14c5a447e35:-65bc','RUL1e772168:14c5a447e35:-669c','DEP','decimal',0),('RCONST1e772168:14c5a447e35:-6ce4','RCOND1e772168:14c5a447e35:-6cfc','RUL1e772168:14c5a447e35:-6d2f','MV','decimal',0),('RCONST1e772168:14c5a447e35:-7db8','RCOND1e772168:14c5a447e35:-7dce','RUL1e772168:14c5a447e35:-7e01','BMV','decimal',0),('RCONST1ff29cd0:1572617f8d8:-7d08','RCOND1ff29cd0:1572617f8d8:-7d30','RUL-a35dd35:14e51ec3311:-5d4c','DPRATE','decimal',0),('RCONST37c09be1:17e1d5e3d87:-7423','RCOND37c09be1:17e1d5e3d87:-7947','RUL37c09be1:17e1d5e3d87:-7bca','TX','decimal',2),('RCONST37c09be1:17e1d5e3d87:-7b6a','RCOND37c09be1:17e1d5e3d87:-7b84','RUL37c09be1:17e1d5e3d87:-7bca','CY','integer',0),('RCONST37df8403:14c5405fff0:-7656','RCOND37df8403:14c5405fff0:-7693','RUL37df8403:14c5405fff0:-76bf','BMV','decimal',0),('RCONST3b800abe:14d2b978f55:-6160','RCOND3b800abe:14d2b978f55:-6196','RUL3b800abe:14d2b978f55:-61fb','MV','decimal',0),('RCONST3b800abe:14d2b978f55:-630b','RCOND3b800abe:14d2b978f55:-6339','RUL3b800abe:14d2b978f55:-63a0','MV','decimal',0),('RCONST3b800abe:14d2b978f55:-7cdb','RCOND3b800abe:14d2b978f55:-7d69','RUL3b800abe:14d2b978f55:-7e09','ADJAMOUNT','decimal',1),('RCONST3fb43b91:14ccf782188:-5f2b','RCOND3fb43b91:14ccf782188:-5fd2','RUL3fb43b91:14ccf782188:-6008','ADJRATE','decimal',1),('RCONST3fb43b91:14ccf782188:-5f95','RCOND3fb43b91:14ccf782188:-5fd2','RUL3fb43b91:14ccf782188:-6008','BMV','decimal',0),('RCONST40c0977:151a9b0cb60:-7d29','RCOND-60c99d04:1470b276e7f:-7dd3','RUL-60c99d04:1470b276e7f:-7ecc','BUAREA','decimal',2),('RCONST49a3c540:14e51feb8f6:-67ae','RCOND1b4af871:14e3cc46e09:-2fe8','RUL1b4af871:14e3cc46e09:-301e','REFID','string',0),('RCONST49a3c540:14e51feb8f6:-6bc7','RCOND1b4af871:14e3cc46e09:-3242','RUL1b4af871:14e3cc46e09:-3341','REFID','string',0),('RCONST49a3c540:14e51feb8f6:-769e','RCOND49a3c540:14e51feb8f6:-76da','RUL49a3c540:14e51feb8f6:-77d2','TOTALMV','decimal',1),('RCONST49a3c540:14e51feb8f6:-7712','RCOND49a3c540:14e51feb8f6:-774e','RUL49a3c540:14e51feb8f6:-77d2','TOTALBMV','decimal',1),('RCONST4bf973aa:1562a233196:-4d8d','RCOND4bf973aa:1562a233196:-500e','RUL4bf973aa:1562a233196:-5055','DEPRATE','boolean',2),('RCONST4bf973aa:1562a233196:-4f81','RCOND4bf973aa:1562a233196:-500e','RUL4bf973aa:1562a233196:-5055','SWORNAMT','decimal',0),('RCONST4e46261d:14f924c6b53:-7bc5','RCOND4e46261d:14f924c6b53:-7c57','RUL4e46261d:14f924c6b53:-7d9b','ADJUSTMENT','decimal',1),('RCONST4e46261d:14f924c6b53:-7c0e','RCOND4e46261d:14f924c6b53:-7c57','RUL4e46261d:14f924c6b53:-7d9b','SWORNAMT','decimal',0),('RCONST4e46261d:14f924c6b53:-7cc1','RCOND4e46261d:14f924c6b53:-7d37','RUL4e46261d:14f924c6b53:-7d9b','DPRATE','decimal',0),('RCONST59614e16:14c5e56ecc8:-7c46','RCOND59614e16:14c5e56ecc8:-7c8f','RUL59614e16:14c5e56ecc8:-7cbf','DEP','decimal',1),('RCONST59614e16:14c5e56ecc8:-7c6f','RCOND59614e16:14c5e56ecc8:-7c8f','RUL59614e16:14c5e56ecc8:-7cbf','BMV','decimal',0),('RCONST59614e16:14c5e56ecc8:-7d8b','RCOND59614e16:14c5e56ecc8:-7dcb','RUL59614e16:14c5e56ecc8:-7dfb','DEPRATE','decimal',1),('RCONST59614e16:14c5e56ecc8:-7db3','RCOND59614e16:14c5e56ecc8:-7dcb','RUL59614e16:14c5e56ecc8:-7dfb','BMV','decimal',0),('RCONST5b4ac915:147baaa06b4:-6d59','RCOND5b4ac915:147baaa06b4:-6da4','RUL5b4ac915:147baaa06b4:-6f31','CLASS','rptis.facts.Classification',0),('RCONST5ffbdc02:166e7b2c367:-641c','RC70978a15:166ae6875d1:-7f22','RUL7e02b404:166ae687f42:-5511','TAX','decimal',4),('RCONST5ffbdc02:166e7b2c367:-7047','RCOND5ffbdc02:166e7b2c367:-7049','RUL-59249a93:1614f57bd58:-7d49','AV','decimal',1),('RCONST5ffbdc02:166e7b2c367:-7048','RCOND5ffbdc02:166e7b2c367:-7049','RUL-59249a93:1614f57bd58:-7d49','YR','integer',0),('RCONST634d9a3c:161503ff1dc:-580e','RCOND634d9a3c:161503ff1dc:-586c','RUL634d9a3c:161503ff1dc:-5b2a','AV','decimal',0),('RCONST650f832b:14c53e6ce93:-795e','RCOND650f832b:14c53e6ce93:-79a1','RUL650f832b:14c53e6ce93:-79cd','MV','decimal',0),('RCONST6d174068:14e3de9c20b:-7f46','RCOND6d174068:14e3de9c20b:-7f93','RUL6d174068:14e3de9c20b:-7fcb','AL','decimal',1),('RCONST6d174068:14e3de9c20b:-7f73','RCOND6d174068:14e3de9c20b:-7f93','RUL6d174068:14e3de9c20b:-7fcb','MV','decimal',0),('RCONST7e02b404:166ae687f42:-54ad','RC70978a15:166ae6875d1:-7f24','RUL7e02b404:166ae687f42:-5511','CQTR','integer',1),('RCONST7e83d163:178c928b4a5:-77c2','RCOND7e83d163:178c928b4a5:-7b4a','RUL7e83d163:178c928b4a5:-7c21','NM','integer',3),('RCONST7e83d163:178c928b4a5:-78e3','RCOND7e83d163:178c928b4a5:-7b4a','RUL7e83d163:178c928b4a5:-7c21','TX','decimal',2),('RCONST7e83d163:178c928b4a5:-7bc5','RCOND7e83d163:178c928b4a5:-7bdd','RUL7e83d163:178c928b4a5:-7c21','Y1','integer',0),('RCONSTec9d7ab:166235c2e16:-2ea1','RCONDec9d7ab:166235c2e16:-2ec7','RULec9d7ab:166235c2e16:-2f1f','CDATE','date',0),('RCONSTec9d7ab:166235c2e16:-3b8e','RCONDec9d7ab:166235c2e16:-3baa','RULec9d7ab:166235c2e16:-3c17','CY','integer',0),('RCONSTec9d7ab:166235c2e16:-5f63','RCONDec9d7ab:166235c2e16:-5f7f','RULec9d7ab:166235c2e16:-5fcb','CY','integer',0);
/*!40000 ALTER TABLE `sys_rule_condition_var` ENABLE KEYS */;
UNLOCK TABLES;

--
-- Dumping data for table `sys_rule_deployed`
--

LOCK TABLES `sys_rule_deployed` WRITE;
/*!40000 ALTER TABLE `sys_rule_deployed` DISABLE KEYS */;
INSERT INTO `sys_rule_deployed` VALUES ('RUL-240e09a9:164078d36c8:-716f','\npackage rptbilling.PROVINCE_SEF_SHARE_ADVANCE;\nimport rptbilling.*;\nimport java.util.*;\nimport com.rameses.rules.common.*;\n\nglobal RuleAction action;\n\nrule \"PROVINCE_SEF_SHARE_ADVANCE\"\n agenda-group \"LGU_SHARE\"\n  salience 50000\n  no-loop\n when\n    \n    \n    BILLITEM: rptis.landtax.facts.RPTBillItem (  parentacctid matches \"RPT_SEF_ADVANCE\",AMOUNT:amount ) \n    \n    RL: rptis.landtax.facts.RPTLedgerFact (  PROVID:parentlguid ) \n    \n  then\n    Map bindings = new HashMap();\n   \n    bindings.put(\"BILLITEM\", BILLITEM );\n    \n    bindings.put(\"RL\", RL );\n    \n    bindings.put(\"PROVID\", PROVID );\n    \n    bindings.put(\"AMOUNT\", AMOUNT );\n    \n  Map _p0 = new HashMap();\n_p0.put( \"billitem\", BILLITEM );\n_p0.put( \"orgclass\", \"province\" );\n_p0.put( \"orgid\", PROVID );\n_p0.put( \"payableparentacct\", new KeyValue(\"RPT_SEF_ADVANCE_PROVINCE_SHARE\", \"RPT SEF ADVANCE PROVINCE SHARE\") );\n_p0.put( \"amtdue\", (new ActionExpression(\"AMOUNT\", bindings)) );\n_p0.put( \"rate\", (new ActionExpression(\"0.50\", bindings)) );\naction.execute( \"add-share\",_p0,drools);\n\nend\n\n\n '),('RUL-240e09a9:164078d36c8:-7197','\npackage rptbilling.PROVINCE_SEF_SHARE_CURRENT_PENALTY;\nimport rptbilling.*;\nimport java.util.*;\nimport com.rameses.rules.common.*;\n\nglobal RuleAction action;\n\nrule \"PROVINCE_SEF_SHARE_CURRENT_PENALTY\"\n agenda-group \"LGU_SHARE\"\n  salience 50000\n  no-loop\n when\n    \n    \n    BILLITEM: rptis.landtax.facts.RPTBillItem (  parentacctid matches \"RPT_SEFINT_CURRENT\",AMOUNT:amount ) \n   \n    RL: rptis.landtax.facts.RPTLedgerFact (  PROVID:parentlguid ) \n    \n  then\n    Map bindings = new HashMap();\n   \n    bindings.put(\"BILLITEM\", BILLITEM );\n    \n    bindings.put(\"RL\", RL );\n    \n    bindings.put(\"PROVID\", PROVID );\n    \n    bindings.put(\"AMOUNT\", AMOUNT );\n    \n  Map _p0 = new HashMap();\n_p0.put( \"billitem\", BILLITEM );\n_p0.put( \"orgclass\", \"province\" );\n_p0.put( \"orgid\", PROVID );\n_p0.put( \"payableparentacct\", new KeyValue(\"RPT_SEFINT_CURRENT_PROVINCE_SHARE\", \"RPT SEF CURRENT PENALTY PROVINCE SHARE\") );\n_p0.put( \"amtdue\", (new ActionExpression(\"AMOUNT\", bindings)) );\n_p0.put( \"rate\", (new ActionExpression(\"0.50\", bindings)) );\naction.execute( \"add-share\",_p0,drools);\n\nend\n\n\n  '),('RUL-240e09a9:164078d36c8:-71bf','\npackage rptbilling.PROVINCE_SEF_SHARE_CURRENT;\nimport rptbilling.*;\nimport java.util.*;\nimport com.rameses.rules.common.*;\n\nglobal RuleAction action;\n\nrule \"PROVINCE_SEF_SHARE_CURRENT\"\n agenda-group \"LGU_SHARE\"\n  salience 50000\n  no-loop\n when\n    \n    \n    BILLITEM: rptis.landtax.facts.RPTBillItem (  parentacctid matches \"RPT_SEF_CURRENT\",AMOUNT:amount ) \n    \n    RL: rptis.landtax.facts.RPTLedgerFact (  PROVID:parentlguid ) \n    \n  then\n    Map bindings = new HashMap();\n   \n    bindings.put(\"BILLITEM\", BILLITEM );\n    \n    bindings.put(\"RL\", RL );\n    \n    bindings.put(\"AMOUNT\", AMOUNT );\n    \n    bindings.put(\"PROVID\", PROVID );\n    \n  Map _p0 = new HashMap();\n_p0.put( \"billitem\", BILLITEM );\n_p0.put( \"orgclass\", \"province\" );\n_p0.put( \"orgid\", PROVID );\n_p0.put( \"payableparentacct\", new KeyValue(\"RPT_SEF_CURRENT_PROVINCE_SHARE\", \"RPT SEF CURRENT PROVINCE SHARE\") );\n_p0.put( \"amtdue\", (new ActionExpression(\"AMOUNT\", bindings)) );\n_p0.put( \"rate\", (new ActionExpression(\"0.50\", bindings)) );\naction.execute( \"add-share\",_p0,drools);\n\nend\n\n\n '),('RUL-240e09a9:164078d36c8:-73ef','\npackage rptbilling.PROVINCE_BASIC_SHARE_CURRENT;\nimport rptbilling.*;\nimport java.util.*;\nimport com.rameses.rules.common.*;\n\nglobal RuleAction action;\n\nrule \"PROVINCE_BASIC_SHARE_CURRENT\"\n agenda-group \"LGU_SHARE\"\n  salience 50000\n  no-loop\n when\n    \n    \n    BILLITEM: rptis.landtax.facts.RPTBillItem (  parentacctid matches \"RPT_BASIC_CURRENT\",AMOUNT:amount ) \n    \n    RL: rptis.landtax.facts.RPTLedgerFact (  PROVID:parentlguid ) \n    \n  then\n    Map bindings = new HashMap();\n   \n    bindings.put(\"BILLITEM\", BILLITEM );\n    \n    bindings.put(\"RL\", RL );\n    \n    bindings.put(\"PROVID\", PROVID );\n    \n    bindings.put(\"AMOUNT\", AMOUNT );\n    \n  Map _p0 = new HashMap();\n_p0.put( \"billitem\", BILLITEM );\n_p0.put( \"orgclass\", \"province\" );\n_p0.put( \"orgid\", PROVID );\n_p0.put( \"payableparentacct\", new KeyValue(\"RPT_BASIC_CURRENT_PROVINCE_SHARE\", \"RPT BASIC CURRENT PROVINCE SHARE\") );\n_p0.put( \"amtdue\", (new ActionExpression(\"AMOUNT\", bindings)) );\n_p0.put( \"rate\", (new ActionExpression(\"0.35\", bindings)) );\naction.execute( \"add-share\",_p0,drools);\n\nend\n\n\n '),('RUL-240e09a9:164078d36c8:-74de','\npackage rptbilling.PROVINCE_BASIC_SHARE_CURRENT_PENALTY;\nimport rptbilling.*;\nimport java.util.*;\nimport com.rameses.rules.common.*;\n\nglobal RuleAction action;\n\nrule \"PROVINCE_BASIC_SHARE_CURRENT_PENALTY\"\n agenda-group \"LGU_SHARE\"\n  salience 50000\n  no-loop\n when\n    \n    \n    BILLITEM: rptis.landtax.facts.RPTBillItem (  parentacctid matches \"RPT_BASICINT_CURRENT\",AMOUNT:amount ) \n   \n    RL: rptis.landtax.facts.RPTLedgerFact (  PROVID:parentlguid ) \n    \n  then\n    Map bindings = new HashMap();\n   \n    bindings.put(\"BILLITEM\", BILLITEM );\n    \n    bindings.put(\"RL\", RL );\n    \n    bindings.put(\"AMOUNT\", AMOUNT );\n    \n    bindings.put(\"PROVID\", PROVID );\n    \n  Map _p0 = new HashMap();\n_p0.put( \"billitem\", BILLITEM );\n_p0.put( \"orgclass\", \"province\" );\n_p0.put( \"orgid\", PROVID );\n_p0.put( \"payableparentacct\", new KeyValue(\"RPT_BASICINT_CURRENT_PROVINCE_SHARE\", \"RPT BASIC CURRENT PENALTY PROVINCE SHARE\") );\n_p0.put( \"amtdue\", (new ActionExpression(\"AMOUNT\", bindings)) );\n_p0.put( \"rate\", (new ActionExpression(\"0.35\", bindings)) );\naction.execute( \"add-share\",_p0,drools);\n\nend\n\n\n  '),('RUL-240e09a9:164078d36c8:-7594','\npackage rptbilling.PROVINCE_BASIC_SHARE_ADVANCE;\nimport rptbilling.*;\nimport java.util.*;\nimport com.rameses.rules.common.*;\n\nglobal RuleAction action;\n\nrule \"PROVINCE_BASIC_SHARE_ADVANCE\"\n agenda-group \"LGU_SHARE\"\n  salience 50000\n  no-loop\n when\n    \n    \n    BILLITEM: rptis.landtax.facts.RPTBillItem (  parentacctid matches \"RPT_BASIC_ADVANCE\",AMOUNT:amount ) \n    \n    RL: rptis.landtax.facts.RPTLedgerFact (  PROVID:parentlguid ) \n    \n  then\n    Map bindings = new HashMap();\n   \n    bindings.put(\"BILLITEM\", BILLITEM );\n    \n    bindings.put(\"RL\", RL );\n    \n    bindings.put(\"AMOUNT\", AMOUNT );\n    \n    bindings.put(\"PROVID\", PROVID );\n    \n  Map _p0 = new HashMap();\n_p0.put( \"billitem\", BILLITEM );\n_p0.put( \"orgclass\", \"province\" );\n_p0.put( \"orgid\", PROVID );\n_p0.put( \"payableparentacct\", new KeyValue(\"RPT_BASIC_ADVANCE_PROVINCE_SHARE\", \"RPT BASIC ADVANCE PROVINCE SHARE\") );\n_p0.put( \"amtdue\", (new ActionExpression(\"AMOUNT\", bindings)) );\n_p0.put( \"rate\", (new ActionExpression(\"0.35\", bindings)) );\naction.execute( \"add-share\",_p0,drools);\n\nend\n\n\n '),('RUL-2486b0ca:146fff66c3e:-2c4a','\npackage bldgassessment.CALC_ACTUAL_USE_MV;\nimport bldgassessment.*;\nimport java.util.*;\nimport com.rameses.rules.common.*;\n\nglobal RuleAction action;\n\nrule \"CALC_ACTUAL_USE_MV\"\n agenda-group \"MARKETVALUE\"\n  salience 50000\n  no-loop\n when\n    \n    \n    BU: rptis.bldg.facts.BldgUse (  BMV:basemarketvalue,DEP:depreciationvalue,ADJ:adjustment ) \n   \n  then\n    Map bindings = new HashMap();\n   \n    bindings.put(\"BU\", BU );\n    \n    bindings.put(\"BMV\", BMV );\n    \n    bindings.put(\"DEP\", DEP );\n    \n    bindings.put(\"ADJ\", ADJ );\n    \n  Map _p0 = new HashMap();\n_p0.put( \"bldguse\", BU );\n_p0.put( \"expr\", (new ActionExpression(\"@ROUND( BMV + ADJ - DEP  )\", bindings)) );\naction.execute( \"calc-bldguse-mv\",_p0,drools);\n\nend\n\n\n  '),('RUL-2486b0ca:146fff66c3e:-38e4','\npackage bldgassessment.CALC_FLOOR_MARKET_VALUE;\nimport bldgassessment.*;\nimport java.util.*;\nimport com.rameses.rules.common.*;\n\nglobal RuleAction action;\n\nrule \"CALC_FLOOR_MARKET_VALUE\"\n agenda-group \"BEFORE-MARKETVALUE\"\n salience 50000\n  no-loop\n when\n    \n    \n    BF: rptis.bldg.facts.BldgFloor (  BMV:basemarketvalue,ADJ:adjustment ) \n   \n  then\n    Map bindings = new HashMap();\n   \n    bindings.put(\"BF\", BF );\n    \n    bindings.put(\"BMV\", BMV );\n    \n    bindings.put(\"ADJ\", ADJ );\n    \n  Map _p0 = new HashMap();\n_p0.put( \"bldgfloor\", BF );\n_p0.put( \"expr\", (new ActionExpression(\"@ROUND( BMV + ADJ )\", bindings)) );\naction.execute( \"calc-floor-mv\",_p0,drools);\n\nend\n\n\n '),('RUL-2486b0ca:146fff66c3e:-4192','\npackage bldgassessment.CALC_DEPRECIATION;\nimport bldgassessment.*;\nimport java.util.*;\nimport com.rameses.rules.common.*;\n\nglobal RuleAction action;\n\nrule \"CALC_DEPRECIATION\"\n agenda-group \"DEPRECIATION\"\n salience 50000\n  no-loop\n when\n    \n    \n    RPU: rptis.bldg.facts.BldgRPU (  DPRATE:depreciation ) \n   \n    BU: rptis.bldg.facts.BldgUse (  BMV:basemarketvalue,ADJUSTMENT:adjustment,useswornamount == false  ) \n   \n  then\n    Map bindings = new HashMap();\n   \n    bindings.put(\"RPU\", RPU );\n    \n    bindings.put(\"DPRATE\", DPRATE );\n    \n    bindings.put(\"BMV\", BMV );\n    \n    bindings.put(\"BU\", BU );\n    \n    bindings.put(\"ADJUSTMENT\", ADJUSTMENT );\n    \n  Map _p0 = new HashMap();\n_p0.put( \"bldguse\", BU );\n_p0.put( \"expr\", (new ActionExpression(\"@ROUND( (BMV + ADJUSTMENT ) * DPRATE   / 100.0  , 0)\", bindings)) );\naction.execute( \"calc-bldguse-depreciation\",_p0,drools);\n\nend\n\n\n  '),('RUL-2486b0ca:146fff66c3e:-4697','\npackage bldgassessment.CALC_DEPRECATION_RATE_FROM_SKED;\nimport bldgassessment.*;\nimport java.util.*;\nimport com.rameses.rules.common.*;\n\nglobal RuleAction action;\n\nrule \"CALC_DEPRECATION_RATE_FROM_SKED\"\n agenda-group \"BEFORE-DEPRECIATON\"\n salience 50000\n  no-loop\n when\n    \n    \n    BS: rptis.bldg.facts.BldgStructure (   ) \n   \n  then\n    Map bindings = new HashMap();\n   \n    bindings.put(\"BS\", BS );\n    \n  Map _p0 = new HashMap();\n_p0.put( \"bldgstructure\", BS );\naction.execute( \"calc-depreciation-sked\",_p0,drools);\n\nend\n\n\n '),('RUL-2486b0ca:146fff66c3e:-6b05','\npackage bldgassessment.CALC_FLOOR_BMV;\nimport bldgassessment.*;\nimport java.util.*;\nimport com.rameses.rules.common.*;\n\nglobal RuleAction action;\n\nrule \"CALC_FLOOR_BMV\"\n agenda-group \"FLOOR\"\n  salience 50000\n  no-loop\n when\n    \n    \n    BF: rptis.bldg.facts.BldgFloor (  AREA:area,UV:unitvalue ) \n   \n  then\n    Map bindings = new HashMap();\n   \n    bindings.put(\"BF\", BF );\n    \n    bindings.put(\"AREA\", AREA );\n    \n    bindings.put(\"UV\", UV );\n    \n  Map _p0 = new HashMap();\n_p0.put( \"bldgfloor\", BF );\n_p0.put( \"expr\", (new ActionExpression(\"AREA * UV\", bindings)) );\naction.execute( \"calc-floor-bmv\",_p0,drools);\n\nend\n\n\n  '),('RUL-2ede6703:16642adb9ce:-7ba0','\npackage rptbilling.EXPIRY_ADVANCE_BILLING;\nimport rptbilling.*;\nimport java.util.*;\nimport com.rameses.rules.common.*;\n\nglobal RuleAction action;\n\nrule \"EXPIRY_ADVANCE_BILLING\"\n agenda-group \"BEFORE_SUMMARY\"\n salience 5000\n no-loop\n when\n    \n    \n    BILL: rptis.landtax.facts.Bill (  advancebill == true ,BILLDATE:billdate ) \n   \n  then\n    Map bindings = new HashMap();\n   \n    bindings.put(\"BILL\", BILL );\n    \n    bindings.put(\"BILLDATE\", BILLDATE );\n    \n  Map _p0 = new HashMap();\n_p0.put( \"bill\", BILL );\n_p0.put( \"expr\", (new ActionExpression(\"@MONTHEND( BILLDATE )\", bindings)) );\naction.execute( \"set-bill-expiry\",_p0,drools);\n\nend\n\n\n  '),('RUL-31fc82f2:15cf6ecbe4d:-6b3d','\npackage landassessment.COMPUTE_AV_NOT_ROUND;\nimport landassessment.*;\nimport java.util.*;\nimport com.rameses.rules.common.*;\n\nglobal RuleAction action;\n\nrule \"COMPUTE_AV_NOT_ROUND\"\n agenda-group \"ASSESSEDVALUE\"\n  salience 50000\n  no-loop\n when\n    \n    \n    LA: rptis.land.facts.LandDetail (  MV:marketvalue,AL:assesslevel,taxable == true  ) \n    \n  then\n    Map bindings = new HashMap();\n   \n    bindings.put(\"LA\", LA );\n    \n    bindings.put(\"MV\", MV );\n    \n    bindings.put(\"AL\", AL );\n    \n  Map _p0 = new HashMap();\n_p0.put( \"landdetail\", LA );\n_p0.put( \"expr\", (new ActionExpression(\"@ROUND( MV * AL / 100.0, 2 )\", bindings)) );\naction.execute( \"calc-av\",_p0,drools);\n\nend\n\n\n '),('RUL-3e8edbea:156bc08656a:-5f05','\npackage landassessment.RECALC_RPU_TOTAL_AV;\nimport landassessment.*;\nimport java.util.*;\nimport com.rameses.rules.common.*;\n\nglobal RuleAction action;\n\nrule \"RECALC_RPU_TOTAL_AV\"\n agenda-group \"AFTER-SUMMARY\"\n  salience 40000\n  no-loop\n when\n    \n    \n    RPU: rptis.facts.RPU (   ) \n   \n    VAR: rptis.facts.RPTVariable (  varid matches \"RP-28dc975:156bcab666c:-6a4d\",AV:value ) \n    \n  then\n    Map bindings = new HashMap();\n   \n    bindings.put(\"RPU\", RPU );\n    \n    bindings.put(\"VAR\", VAR );\n    \n    bindings.put(\"AV\", AV );\n    \n  Map _p0 = new HashMap();\n_p0.put( \"rpu\", RPU );\n_p0.put( \"expr\", (new ActionExpression(\"@ROUNDTOTEN( AV  )\", bindings)) );\naction.execute( \"recalc-rpu-totalav\",_p0,drools);\n\nend\n\n\n  '),('RUL-408f6635:16623fa566b:-755b','\npackage rptbilling.BRGY_SHARE_PRIOR_PENALTY;\nimport rptbilling.*;\nimport java.util.*;\nimport com.rameses.rules.common.*;\n\nglobal RuleAction action;\n\nrule \"BRGY_SHARE_PRIOR_PENALTY\"\n agenda-group \"BRGY_SHARE\"\n salience 50000\n  no-loop\n when\n    \n    \n    BILLITEM: rptis.landtax.facts.RPTBillItem (  parentacctid matches \"RPT_BASICINT_PRIOR\",AMOUNT:amount ) \n   \n    RL: rptis.landtax.facts.RPTLedgerFact (  BRGYID:barangayid ) \n   \n  then\n    Map bindings = new HashMap();\n   \n    bindings.put(\"BILLITEM\", BILLITEM );\n    \n    bindings.put(\"RL\", RL );\n    \n    bindings.put(\"AMOUNT\", AMOUNT );\n    \n    bindings.put(\"BRGYID\", BRGYID );\n    \n  Map _p0 = new HashMap();\n_p0.put( \"billitem\", BILLITEM );\n_p0.put( \"orgclass\", \"barangay\" );\n_p0.put( \"orgid\", BRGYID );\n_p0.put( \"payableparentacct\", new KeyValue(\"RPT_BASICINT_PRIOR_BRGY_SHARE\", \"RPT BASIC PENALTY PRIOR BARANGAY SHARE\") );\n_p0.put( \"amtdue\", (new ActionExpression(\"AMOUNT\", bindings)) );\n_p0.put( \"rate\", (new ActionExpression(\"0.25\", bindings)) );\naction.execute( \"add-share\",_p0,drools);\n\nend\n\n\n  '),('RUL-408f6635:16623fa566b:-767f','\npackage rptbilling.BRGY_SHARE_PRIOR;\nimport rptbilling.*;\nimport java.util.*;\nimport com.rameses.rules.common.*;\n\nglobal RuleAction action;\n\nrule \"BRGY_SHARE_PRIOR\"\n agenda-group \"BRGY_SHARE\"\n salience 50000\n  no-loop\n when\n    \n    \n    BILLITEM: rptis.landtax.facts.RPTBillItem (  parentacctid matches \"RPT_BASIC_PRIOR\",AMOUNT:amount ) \n    \n    RL: rptis.landtax.facts.RPTLedgerFact (  BRGYID:barangayid ) \n   \n  then\n    Map bindings = new HashMap();\n   \n    bindings.put(\"BILLITEM\", BILLITEM );\n    \n    bindings.put(\"RL\", RL );\n    \n    bindings.put(\"AMOUNT\", AMOUNT );\n    \n    bindings.put(\"BRGYID\", BRGYID );\n    \n  Map _p0 = new HashMap();\n_p0.put( \"billitem\", BILLITEM );\n_p0.put( \"orgclass\", \"barangay\" );\n_p0.put( \"orgid\", BRGYID );\n_p0.put( \"payableparentacct\", new KeyValue(\"RPT_BASIC_PRIOR_BRGY_SHARE\", \"RPT BASIC PRIOR BARANGAY SHARE\") );\n_p0.put( \"amtdue\", (new ActionExpression(\"AMOUNT\", bindings)) );\n_p0.put( \"rate\", (new ActionExpression(\"0.25\", bindings)) );\naction.execute( \"add-share\",_p0,drools);\n\nend\n\n\n '),('RUL-408f6635:16623fa566b:-780a','\npackage rptbilling.BRGY_SHARE_CURRENT;\nimport rptbilling.*;\nimport java.util.*;\nimport com.rameses.rules.common.*;\n\nglobal RuleAction action;\n\nrule \"BRGY_SHARE_CURRENT\"\n agenda-group \"BRGY_SHARE\"\n salience 50000\n  no-loop\n when\n    \n    \n    BILLITEM: rptis.landtax.facts.RPTBillItem (  parentacctid matches \"RPT_BASIC_CURRENT\",AMOUNT:amount ) \n    \n    RL: rptis.landtax.facts.RPTLedgerFact (  BRGYID:barangayid ) \n   \n  then\n    Map bindings = new HashMap();\n   \n    bindings.put(\"BILLITEM\", BILLITEM );\n    \n    bindings.put(\"RL\", RL );\n    \n    bindings.put(\"AMOUNT\", AMOUNT );\n    \n    bindings.put(\"BRGYID\", BRGYID );\n    \n  Map _p0 = new HashMap();\n_p0.put( \"billitem\", BILLITEM );\n_p0.put( \"orgclass\", \"barangay\" );\n_p0.put( \"orgid\", BRGYID );\n_p0.put( \"payableparentacct\", new KeyValue(\"RPT_BASIC_CURRENT_BRGY_SHARE\", \"RPT BASIC CURRENT BARANGAY SHARE\") );\n_p0.put( \"amtdue\", (new ActionExpression(\"AMOUNT\", bindings)) );\n_p0.put( \"rate\", (new ActionExpression(\"0.25\", bindings)) );\naction.execute( \"add-share\",_p0,drools);\n\nend\n\n\n '),('RUL-408f6635:16623fa566b:-7932','\npackage rptbilling.BRGY_SHARE_CURRENT_PENALTY;\nimport rptbilling.*;\nimport java.util.*;\nimport com.rameses.rules.common.*;\n\nglobal RuleAction action;\n\nrule \"BRGY_SHARE_CURRENT_PENALTY\"\n agenda-group \"BRGY_SHARE\"\n salience 50000\n  no-loop\n when\n    \n    \n    BILLITEM: rptis.landtax.facts.RPTBillItem (  parentacctid matches \"RPT_BASICINT_CURRENT\",AMOUNT:amount ) \n   \n    RL: rptis.landtax.facts.RPTLedgerFact (  BRGYID:barangayid ) \n   \n  then\n    Map bindings = new HashMap();\n   \n    bindings.put(\"BILLITEM\", BILLITEM );\n    \n    bindings.put(\"RL\", RL );\n    \n    bindings.put(\"AMOUNT\", AMOUNT );\n    \n    bindings.put(\"BRGYID\", BRGYID );\n    \n  Map _p0 = new HashMap();\n_p0.put( \"billitem\", BILLITEM );\n_p0.put( \"orgclass\", \"barangay\" );\n_p0.put( \"orgid\", BRGYID );\n_p0.put( \"payableparentacct\", new KeyValue(\"RPT_BASICINT_CURRENT_BRGY_SHARE\", \"RPT BASIC PENALTY CURRENT BARANGAY SHARE\") );\n_p0.put( \"amtdue\", (new ActionExpression(\"AMOUNT\", bindings)) );\n_p0.put( \"rate\", (new ActionExpression(\"0.25\", bindings)) );\naction.execute( \"add-share\",_p0,drools);\n\nend\n\n\n  '),('RUL-46fca07e:14c545f3e6a:-33b4','\npackage bldgassessment.ROUND_FLOOR_BMV_TO_NEAREST_ONES;\nimport bldgassessment.*;\nimport java.util.*;\nimport com.rameses.rules.common.*;\n\nglobal RuleAction action;\n\nrule \"ROUND_FLOOR_BMV_TO_NEAREST_ONES\"\n agenda-group \"AFTER-BASEMARKETVALUE\"\n  salience 50000\n  no-loop\n when\n    \n    \n    BF: rptis.bldg.facts.BldgFloor (  BMV:basemarketvalue ) \n    \n  then\n    Map bindings = new HashMap();\n   \n    bindings.put(\"BF\", BF );\n    \n    bindings.put(\"BMV\", BMV );\n    \n  Map _p0 = new HashMap();\n_p0.put( \"bldgfloor\", BF );\n_p0.put( \"expr\", (new ActionExpression(\"@ROUND( BMV, 0)\", bindings)) );\naction.execute( \"calc-floor-bmv\",_p0,drools);\n\nend\n\n\n  '),('RUL-46fca07e:14c545f3e6a:-350f','\npackage bldgassessment.ROUND_ACTUALUSE_BMV_TO_NEAREST_ONE;\nimport bldgassessment.*;\nimport java.util.*;\nimport com.rameses.rules.common.*;\n\nglobal RuleAction action;\n\nrule \"ROUND_ACTUALUSE_BMV_TO_NEAREST_ONE\"\n agenda-group \"AFTER-BASEMARKETVALUE\"\n  salience 50000\n  no-loop\n when\n    \n    \n    BU: rptis.bldg.facts.BldgUse (  BMV:basemarketvalue ) \n    \n  then\n    Map bindings = new HashMap();\n   \n    bindings.put(\"BU\", BU );\n    \n    bindings.put(\"BMV\", BMV );\n    \n  Map _p0 = new HashMap();\n_p0.put( \"bldguse\", BU );\n_p0.put( \"expr\", (new ActionExpression(\"@ROUND(BMV, 0)\", bindings)) );\naction.execute( \"calc-bldguse-bmv\",_p0,drools);\n\nend\n\n\n '),('RUL-46fca07e:14c545f3e6a:-7740','\npackage landassessment.CALC_MV;\nimport landassessment.*;\nimport java.util.*;\nimport com.rameses.rules.common.*;\n\nglobal RuleAction action;\n\nrule \"CALC_MV\"\n agenda-group \"MARKETVALUE\"\n  salience 50000\n  no-loop\n when\n    \n    \n    LA: rptis.land.facts.LandDetail (  BMV:basemarketvalue,ADJ:adjustment ) \n    \n  then\n    Map bindings = new HashMap();\n   \n    bindings.put(\"LA\", LA );\n    \n    bindings.put(\"BMV\", BMV );\n    \n    bindings.put(\"ADJ\", ADJ );\n    \n  Map _p0 = new HashMap();\n_p0.put( \"landdetail\", LA );\n_p0.put( \"expr\", (new ActionExpression(\"@ROUND( BMV + ADJ, 2)\", bindings)) );\naction.execute( \"calc-mv\",_p0,drools);\n\nend\n\n\n  '),('RUL-46fca07e:14c545f3e6a:-7a8b','\npackage landassessment.CALC_BMV;\nimport landassessment.*;\nimport java.util.*;\nimport com.rameses.rules.common.*;\n\nglobal RuleAction action;\n\nrule \"CALC_BMV\"\n agenda-group \"BASEMARKETVALUE\"\n  salience 50000\n  no-loop\n when\n    \n    \n    LA: rptis.land.facts.LandDetail (  AREA:area,UV:unitvalue ) \n    \n  then\n    Map bindings = new HashMap();\n   \n    bindings.put(\"LA\", LA );\n    \n    bindings.put(\"AREA\", AREA );\n    \n    bindings.put(\"UV\", UV );\n    \n  Map _p0 = new HashMap();\n_p0.put( \"landdetail\", LA );\n_p0.put( \"expr\", (new ActionExpression(\"@ROUND( AREA * UV, 2)\", bindings)) );\naction.execute( \"calc-bmv\",_p0,drools);\n\nend\n\n\n '),('RUL-59249a93:1614f57bd58:-7d49','\npackage rptledger.BASIC_AND_SEF;\nimport rptledger.*;\nimport java.util.*;\nimport com.rameses.rules.common.*;\n\nglobal RuleAction action;\n\nrule \"BASIC_AND_SEF\"\n agenda-group \"LEDGER_ITEM\"\n  salience 50000\n  no-loop\n when\n    \n    \n    AVINFO: rptis.landtax.facts.AssessedValue (  YR:year,AV:av ) \n   \n  then\n    Map bindings = new HashMap();\n   \n    bindings.put(\"AVINFO\", AVINFO );\n    \n    bindings.put(\"AVINFO\", AVINFO );\n    \n    bindings.put(\"YR\", YR );\n    \n    bindings.put(\"YR\", YR );\n    \n    bindings.put(\"AV\", AV );\n    \n    bindings.put(\"AV\", AV );\n    \n  Map _p0 = new HashMap();\n_p0.put( \"avfact\", AVINFO );\n_p0.put( \"year\", YR );\n_p0.put( \"av\", (new ActionExpression(\"AV\", bindings)) );\naction.execute( \"add-sef\",_p0,drools);\nMap _p1 = new HashMap();\n_p1.put( \"avfact\", AVINFO );\n_p1.put( \"year\", YR );\n_p1.put( \"av\", (new ActionExpression(\"AV\", bindings)) );\naction.execute( \"add-basic\",_p1,drools);\n\nend\n\n\n '),('RUL-5e76cf73:14d69e9c549:-7084','\npackage landassessment.ROUND_LAND_ITEM_ADJUSTMENTS;\nimport landassessment.*;\nimport java.util.*;\nimport com.rameses.rules.common.*;\n\nglobal RuleAction action;\n\nrule \"ROUND_LAND_ITEM_ADJUSTMENTS\"\n agenda-group \"AFTER-ADJUSTMENT\"\n salience 50000\n  no-loop\n when\n    \n    \n    LA: rptis.land.facts.LandDetail (  ADJ:adjustment,LVADJ:landvalueadjustment,AUADJ:actualuseadjustment ) \n    \n  then\n    Map bindings = new HashMap();\n   \n    bindings.put(\"LA\", LA );\n    \n    bindings.put(\"ADJ\", ADJ );\n    \n    bindings.put(\"LVADJ\", LVADJ );\n    \n    bindings.put(\"AUADJ\", AUADJ );\n    \n  Map _p0 = new HashMap();\n_p0.put( \"landdetail\", LA );\n_p0.put( \"expr\", (new ActionExpression(\"@ROUND( LVADJ, 2)\", bindings)) );\naction.execute( \"update-landdetail-value-adj\",_p0,drools);\nMap _p1 = new HashMap();\n_p1.put( \"landdetail\", LA );\n_p1.put( \"expr\", (new ActionExpression(\"@ROUND( AUADJ, 2)\", bindings)) );\naction.execute( \"update-landdetail-actualuse-adj\",_p1,drools);\nMap _p2 = new HashMap();\n_p2.put( \"landdetail\", LA );\n_p2.put( \"expr\", (new ActionExpression(\"@ROUND( ADJ, 2)\", bindings)) );\naction.execute( \"update-landdetail-adj\",_p2,drools);\n\nend\n\n\n  '),('RUL-5e76cf73:14d69e9c549:-7fd4','\npackage landassessment.ROUND_ADJ_TO_ONE;\nimport landassessment.*;\nimport java.util.*;\nimport com.rameses.rules.common.*;\n\nglobal RuleAction action;\n\nrule \"ROUND_ADJ_TO_ONE\"\n agenda-group \"AFTER-ADJUSTMENT\"\n salience 50000\n  no-loop\n when\n    \n    \n    ADJ: rptis.land.facts.LandAdjustment (  ADJAMOUNT:adjustment ) \n   \n  then\n    Map bindings = new HashMap();\n   \n    bindings.put(\"ADJ\", ADJ );\n    \n    bindings.put(\"ADJAMOUNT\", ADJAMOUNT );\n    \n  Map _p0 = new HashMap();\n_p0.put( \"adjustment\", ADJ );\n_p0.put( \"expr\", (new ActionExpression(\"@ROUND( ADJAMOUNT, 2)\", bindings)) );\naction.execute( \"update-adj\",_p0,drools);\n\nend\n\n\n  '),('RUL-60c99d04:1470b276e7f:-7ecc','\npackage bldgassessment.CALC_BMV;\nimport bldgassessment.*;\nimport java.util.*;\nimport com.rameses.rules.common.*;\n\nglobal RuleAction action;\n\nrule \"CALC_BMV\"\n agenda-group \"BASEMARKETVALUE\"\n  salience 50000\n  no-loop\n when\n    \n    \n    BS: rptis.bldg.facts.BldgStructure (  TOTALAREA:totalfloorarea ) \n   \n    BU: rptis.bldg.facts.BldgUse (  bldgstructure == BS,BASEVALUE:basevalue,BUAREA:area ) \n    \n  then\n    Map bindings = new HashMap();\n   \n    bindings.put(\"BS\", BS );\n    \n    bindings.put(\"BU\", BU );\n    \n    bindings.put(\"TOTALAREA\", TOTALAREA );\n    \n    bindings.put(\"BASEVALUE\", BASEVALUE );\n    \n    bindings.put(\"BUAREA\", BUAREA );\n    \n  Map _p0 = new HashMap();\n_p0.put( \"bldguse\", BU );\n_p0.put( \"expr\", (new ActionExpression(\"@ROUND( BUAREA * BASEVALUE  )\", bindings)) );\naction.execute( \"calc-bldguse-bmv\",_p0,drools);\n\nend\n\n\n  '),('RUL-79a9a347:15cfcae84de:-55fd','\npackage landassessment.CALC_TOTAL_ASSESSEMENT_AV;\nimport landassessment.*;\nimport java.util.*;\nimport com.rameses.rules.common.*;\n\nglobal RuleAction action;\n\nrule \"CALC_TOTAL_ASSESSEMENT_AV\"\n agenda-group \"AFTER-SUMMARY\"\n  salience 50000\n  no-loop\n when\n    \n    \n    RA: rptis.facts.RPUAssessment (  actualuseid != null,AV:assessedvalue ) \n    \n    RPU: rptis.facts.RPU (  RPUID:objid ) \n    \n  then\n    Map bindings = new HashMap();\n   \n    bindings.put(\"RA\", RA );\n    \n    bindings.put(\"RPUID\", RPUID );\n    \n    bindings.put(\"RPU\", RPU );\n    \n    bindings.put(\"AV\", AV );\n    \n  Map _p0 = new HashMap();\n_p0.put( \"refid\", RPUID );\n_p0.put( \"var\", new KeyValue(\"RP-28dc975:156bcab666c:-6a4d\", \"TOTALAV\") );\n_p0.put( \"aggregatetype\", \"sum\" );\n_p0.put( \"expr\", (new ActionExpression(\"AV\", bindings)) );\naction.execute( \"add-derive-var\",_p0,drools);\n\nend\n\n\n  '),('RUL-79a9a347:15cfcae84de:-6401','\npackage bldgassessment.CALC_TOTAL_ASSESSEMENT_AV;\nimport bldgassessment.*;\nimport java.util.*;\nimport com.rameses.rules.common.*;\n\nglobal RuleAction action;\n\nrule \"CALC_TOTAL_ASSESSEMENT_AV\"\n agenda-group \"AFTER-SUMMARY\"\n  salience 40000\n  no-loop\n when\n    \n    \n    RA: rptis.facts.RPUAssessment (  actualuseid != null,AV:assessedvalue ) \n    \n    RPU: rptis.facts.RPU (  RPUID:objid ) \n    \n  then\n    Map bindings = new HashMap();\n   \n    bindings.put(\"RA\", RA );\n    \n    bindings.put(\"RPUID\", RPUID );\n    \n    bindings.put(\"RPU\", RPU );\n    \n    bindings.put(\"AV\", AV );\n    \n  Map _p0 = new HashMap();\n_p0.put( \"refid\", RPUID );\n_p0.put( \"var\", new KeyValue(\"P-79a9a347:15cfcae84de:-5edb\", \"TOTAL_AV\") );\n_p0.put( \"aggregatetype\", \"sum\" );\n_p0.put( \"expr\", (new ActionExpression(\"AV\", bindings)) );\naction.execute( \"add-derive-var\",_p0,drools);\n\nend\n\n\n '),('RUL-79a9a347:15cfcae84de:-6f2a','\npackage bldgassessment.RECALC_TOTAL_AV;\nimport bldgassessment.*;\nimport java.util.*;\nimport com.rameses.rules.common.*;\n\nglobal RuleAction action;\n\nrule \"RECALC_TOTAL_AV\"\n agenda-group \"AFTER-SUMMARY\"\n  salience 50000\n  no-loop\n when\n    \n    \n    RPU: rptis.facts.RPU (  RPUID:objid ) \n    \n    VAR: rptis.facts.RPTVariable (  varid matches \"P-79a9a347:15cfcae84de:-5edb\",AV:value ) \n    \n  then\n    Map bindings = new HashMap();\n   \n    bindings.put(\"RPU\", RPU );\n    \n    bindings.put(\"RPUID\", RPUID );\n    \n    bindings.put(\"VAR\", VAR );\n    \n    bindings.put(\"AV\", AV );\n    \n  Map _p0 = new HashMap();\n_p0.put( \"rpu\", RPU );\n_p0.put( \"expr\", (new ActionExpression(\"@ROUNDTOTEN(AV );\", bindings)) );\naction.execute( \"recalc-rpu-totalav\",_p0,drools);\n\nend\n\n\n '),('RUL-79a9a347:15cfcae84de:-707b','\npackage bldgassessment.CALC_ASSESS_VALUE_NOT_ROUNDED;\nimport bldgassessment.*;\nimport java.util.*;\nimport com.rameses.rules.common.*;\n\nglobal RuleAction action;\n\nrule \"CALC_ASSESS_VALUE_NOT_ROUNDED\"\n agenda-group \"ASSESSVALUE\"\n  salience 50000\n  no-loop\n when\n    \n    \n    BA: rptis.facts.RPUAssessment (  actualuseid != null,MV:marketvalue,AL:assesslevel,taxable == true  ) \n    \n  then\n    Map bindings = new HashMap();\n   \n    bindings.put(\"BA\", BA );\n    \n    bindings.put(\"MV\", MV );\n    \n    bindings.put(\"AL\", AL );\n    \n  Map _p0 = new HashMap();\n_p0.put( \"assessment\", BA );\n_p0.put( \"expr\", (new ActionExpression(\"@ROUND( MV * AL  / 100.0 , 2)\", bindings)) );\naction.execute( \"calc-assess-value\",_p0,drools);\n\nend\n\n\n  '),('RUL1262ad19:166ae41b1fb:-7bf6','\npackage rptbilling.BRGY_SHARE_PREVIOUS;\nimport rptbilling.*;\nimport java.util.*;\nimport com.rameses.rules.common.*;\n\nglobal RuleAction action;\n\nrule \"BRGY_SHARE_PREVIOUS\"\n  agenda-group \"BRGY_SHARE\"\n salience 50000\n  no-loop\n when\n    \n    \n    BILLITEM: rptis.landtax.facts.RPTBillItem (  parentacctid matches \"RPT_BASIC_PREVIOUS\",AMOUNT:amount ) \n   \n    RL: rptis.landtax.facts.RPTLedgerFact (  BRGYID:barangayid ) \n   \n  then\n    Map bindings = new HashMap();\n   \n    bindings.put(\"BILLITEM\", BILLITEM );\n    \n    bindings.put(\"RL\", RL );\n    \n    bindings.put(\"BRGYID\", BRGYID );\n    \n    bindings.put(\"AMOUNT\", AMOUNT );\n    \n  Map _p0 = new HashMap();\n_p0.put( \"billitem\", BILLITEM );\n_p0.put( \"orgclass\", \"barangay\" );\n_p0.put( \"orgid\", BRGYID );\n_p0.put( \"payableparentacct\", new KeyValue(\"RPT_BASIC_PREVIOUS_BRGY_SHARE\", \"RPT BASIC PREVIOUS BARANGAY SHARE\") );\n_p0.put( \"amtdue\", (new ActionExpression(\"AMOUNT\", bindings)) );\n_p0.put( \"rate\", (new ActionExpression(\"0.25\", bindings)) );\naction.execute( \"add-share\",_p0,drools);\n\nend\n\n\n '),('RUL1262ad19:166ae41b1fb:-7c23','\npackage rptbilling.BRGY_SHARE_PREVIOUS_PENALTY;\nimport rptbilling.*;\nimport java.util.*;\nimport com.rameses.rules.common.*;\n\nglobal RuleAction action;\n\nrule \"BRGY_SHARE_PREVIOUS_PENALTY\"\n  agenda-group \"BRGY_SHARE\"\n salience 50000\n  no-loop\n when\n    \n    \n    BILLITEM: rptis.landtax.facts.RPTBillItem (  parentacctid matches \"RPT_BASICINT_PREVIOUS\",AMOUNT:amount ) \n    \n    RL: rptis.landtax.facts.RPTLedgerFact (  BRGYID:barangayid ) \n   \n  then\n    Map bindings = new HashMap();\n   \n    bindings.put(\"BILLITEM\", BILLITEM );\n    \n    bindings.put(\"RL\", RL );\n    \n    bindings.put(\"AMOUNT\", AMOUNT );\n    \n    bindings.put(\"BRGYID\", BRGYID );\n    \n  Map _p0 = new HashMap();\n_p0.put( \"billitem\", BILLITEM );\n_p0.put( \"orgclass\", \"barangay\" );\n_p0.put( \"orgid\", BRGYID );\n_p0.put( \"payableparentacct\", new KeyValue(\"RPT_BASICINT_PREVIOUS_BRGY_SHARE\", \"RPT BASIC PENALTY PREVIOUS BARANGAY SHARE\") );\n_p0.put( \"amtdue\", (new ActionExpression(\"AMOUNT\", bindings)) );\n_p0.put( \"rate\", (new ActionExpression(\"0.25\", bindings)) );\naction.execute( \"add-share\",_p0,drools);\n\nend\n\n\n  '),('RUL1262ad19:166ae41b1fb:-7c88','\npackage rptbilling.TOTAL_PREVIOUS;\nimport rptbilling.*;\nimport java.util.*;\nimport com.rameses.rules.common.*;\n\nglobal RuleAction action;\n\nrule \"TOTAL_PREVIOUS\"\n  agenda-group \"SUMMARY\"\n  salience 50000\n  no-loop\n when\n    \n    \n     CurrentDate (  CY:year ) \n    \n    RLI: rptis.landtax.facts.RPTLedgerItemFact (  year < CY,year >= 1994 ) \n   \n  then\n    Map bindings = new HashMap();\n   \n    bindings.put(\"CY\", CY );\n    \n    bindings.put(\"RLI\", RLI );\n    \n  Map _p0 = new HashMap();\n_p0.put( \"rptledgeritem\", RLI );\n_p0.put( \"revperiod\", \"previous\" );\naction.execute( \"create-tax-summary\",_p0,drools);\n\nend\n\n\n '),('RUL1441128c:1471efa4c1c:-6c93','\npackage bldgassessment.CALC_ASSESS_LEVEL;\nimport bldgassessment.*;\nimport java.util.*;\nimport com.rameses.rules.common.*;\n\nglobal RuleAction action;\n\nrule \"CALC_ASSESS_LEVEL\"\n  agenda-group \"AFTER-ASSESSLEVEL\"\n  salience 50000\n  no-loop\n when\n    \n    \n    BA: rptis.facts.RPUAssessment (  actualuseid != null ) \n   \n  then\n    Map bindings = new HashMap();\n   \n    bindings.put(\"BA\", BA );\n    \n  Map _p0 = new HashMap();\n_p0.put( \"assessment\", BA );\naction.execute( \"calc-assess-level\",_p0,drools);\n\nend\n\n\n '),('RUL1441128c:1471efa4c1c:-6eaa','\npackage bldgassessment.BUILD_ASSESSMENT_INFO;\nimport bldgassessment.*;\nimport java.util.*;\nimport com.rameses.rules.common.*;\n\nglobal RuleAction action;\n\nrule \"BUILD_ASSESSMENT_INFO\"\n  agenda-group \"BEFORE-ASSESSLEVEL\"\n salience 50000\n  no-loop\n when\n    \n    \n    BU: rptis.bldg.facts.BldgUse (  ACTUALUSE:actualuseid != null ) \n    \n  then\n    Map bindings = new HashMap();\n   \n    bindings.put(\"BU\", BU );\n    \n    bindings.put(\"ACTUALUSE\", ACTUALUSE );\n    \n  Map _p0 = new HashMap();\n_p0.put( \"bldguse\", BU );\n_p0.put( \"actualuseid\", ACTUALUSE );\naction.execute( \"add-assessment-info\",_p0,drools);\n\nend\n\n\n  '),('RUL172e9d9f:166c3c54d48:18a2','\npackage rptbilling.TOTAL_PRIOR;\nimport rptbilling.*;\nimport java.util.*;\nimport com.rameses.rules.common.*;\n\nglobal RuleAction action;\n\nrule \"TOTAL_PRIOR\"\n agenda-group \"SUMMARY\"\n  salience 50000\n  no-loop\n when\n    \n    \n    RLI: rptis.landtax.facts.RPTLedgerItemFact (  year <= 1993 ) \n   \n  then\n    Map bindings = new HashMap();\n   \n    bindings.put(\"RLI\", RLI );\n    \n  Map _p0 = new HashMap();\n_p0.put( \"rptledgeritem\", RLI );\n_p0.put( \"revperiod\", \"prior\" );\naction.execute( \"create-tax-summary\",_p0,drools);\n\nend\n\n\n  '),('RUL172e9d9f:166c3c54d48:1bec','\npackage rptbilling.PROVINCE_SEF_SHARE_PRIOR;\nimport rptbilling.*;\nimport java.util.*;\nimport com.rameses.rules.common.*;\n\nglobal RuleAction action;\n\nrule \"PROVINCE_SEF_SHARE_PRIOR\"\n agenda-group \"LGU_SHARE\"\n  salience 50000\n  no-loop\n when\n    \n    \n    BILLITEM: rptis.landtax.facts.RPTBillItem (  parentacctid matches \"RPT_SEF_PRIOR\",AMOUNT:amount ) \n    \n    RL: rptis.landtax.facts.RPTLedgerFact (  PROVID:parentlguid ) \n    \n  then\n    Map bindings = new HashMap();\n   \n    bindings.put(\"BILLITEM\", BILLITEM );\n    \n    bindings.put(\"RL\", RL );\n    \n    bindings.put(\"AMOUNT\", AMOUNT );\n    \n    bindings.put(\"PROVID\", PROVID );\n    \n  Map _p0 = new HashMap();\n_p0.put( \"billitem\", BILLITEM );\n_p0.put( \"orgclass\", \"province\" );\n_p0.put( \"orgid\", PROVID );\n_p0.put( \"payableparentacct\", new KeyValue(\"RPT_SEF_PRIOR_PROVINCE_SHARE\", \"RPT SEF PRIOR PROVINCE SHARE\") );\n_p0.put( \"amtdue\", (new ActionExpression(\"AMOUNT\", bindings)) );\n_p0.put( \"rate\", (new ActionExpression(\"0.50\", bindings)) );\naction.execute( \"add-share\",_p0,drools);\n\nend\n\n\n '),('RUL172e9d9f:166c3c54d48:1c14','\npackage rptbilling.PROVINCE_SEF_SHARE_PRIOR_PENALTY;\nimport rptbilling.*;\nimport java.util.*;\nimport com.rameses.rules.common.*;\n\nglobal RuleAction action;\n\nrule \"PROVINCE_SEF_SHARE_PRIOR_PENALTY\"\n agenda-group \"LGU_SHARE\"\n  salience 50000\n  no-loop\n when\n    \n    \n    BILLITEM: rptis.landtax.facts.RPTBillItem (  parentacctid matches \"RPT_SEFINT_PRIOR\",AMOUNT:amount ) \n   \n    RL: rptis.landtax.facts.RPTLedgerFact (  PROVID:parentlguid ) \n    \n  then\n    Map bindings = new HashMap();\n   \n    bindings.put(\"BILLITEM\", BILLITEM );\n    \n    bindings.put(\"RL\", RL );\n    \n    bindings.put(\"PROVID\", PROVID );\n    \n    bindings.put(\"AMOUNT\", AMOUNT );\n    \n  Map _p0 = new HashMap();\n_p0.put( \"billitem\", BILLITEM );\n_p0.put( \"orgclass\", \"province\" );\n_p0.put( \"orgid\", PROVID );\n_p0.put( \"payableparentacct\", new KeyValue(\"RPT_SEFINT_PRIOR_PROVINCE_SHARE\", \"RPT SEF PRIOR PENALTY PROVINCE SHARE\") );\n_p0.put( \"amtdue\", (new ActionExpression(\"AMOUNT\", bindings)) );\n_p0.put( \"rate\", (new ActionExpression(\"0.50\", bindings)) );\naction.execute( \"add-share\",_p0,drools);\n\nend\n\n\n  '),('RUL172e9d9f:166c3c54d48:1e0b','\npackage rptbilling.PROVINCE_BASIC_SHARE_PRIOR;\nimport rptbilling.*;\nimport java.util.*;\nimport com.rameses.rules.common.*;\n\nglobal RuleAction action;\n\nrule \"PROVINCE_BASIC_SHARE_PRIOR\"\n agenda-group \"LGU_SHARE\"\n  salience 50000\n  no-loop\n when\n    \n    \n    BILLITEM: rptis.landtax.facts.RPTBillItem (  parentacctid matches \"RPT_BASIC_PRIOR\",AMOUNT:amount ) \n    \n    RL: rptis.landtax.facts.RPTLedgerFact (  BRGYID:barangayid,PROVID:parentlguid ) \n    \n  then\n    Map bindings = new HashMap();\n   \n    bindings.put(\"BILLITEM\", BILLITEM );\n    \n    bindings.put(\"BRGYID\", BRGYID );\n    \n    bindings.put(\"RL\", RL );\n    \n    bindings.put(\"PROVID\", PROVID );\n    \n    bindings.put(\"AMOUNT\", AMOUNT );\n    \n  Map _p0 = new HashMap();\n_p0.put( \"billitem\", BILLITEM );\n_p0.put( \"orgclass\", \"province\" );\n_p0.put( \"orgid\", PROVID );\n_p0.put( \"payableparentacct\", new KeyValue(\"RPT_BASIC_PRIOR_PROVINCE_SHARE\", \"RPT BASIC PRIOR PROVINCE SHARE\") );\n_p0.put( \"amtdue\", (new ActionExpression(\"AMOUNT\", bindings)) );\n_p0.put( \"rate\", (new ActionExpression(\"0.35\", bindings)) );\naction.execute( \"add-share\",_p0,drools);\n\nend\n\n\n '),('RUL172e9d9f:166c3c54d48:1e3d','\npackage rptbilling.PROVINCE_BASIC_SHARE_PRIOR_PENALTY;\nimport rptbilling.*;\nimport java.util.*;\nimport com.rameses.rules.common.*;\n\nglobal RuleAction action;\n\nrule \"PROVINCE_BASIC_SHARE_PRIOR_PENALTY\"\n agenda-group \"LGU_SHARE\"\n  salience 50000\n  no-loop\n when\n    \n    \n    BILLITEM: rptis.landtax.facts.RPTBillItem (  parentacctid matches \"RPT_BASICINT_PRIOR\",AMOUNT:amount ) \n   \n    RL: rptis.landtax.facts.RPTLedgerFact (  PROVID:parentlguid ) \n    \n  then\n    Map bindings = new HashMap();\n   \n    bindings.put(\"BILLITEM\", BILLITEM );\n    \n    bindings.put(\"RL\", RL );\n    \n    bindings.put(\"AMOUNT\", AMOUNT );\n    \n    bindings.put(\"PROVID\", PROVID );\n    \n  Map _p0 = new HashMap();\n_p0.put( \"billitem\", BILLITEM );\n_p0.put( \"orgclass\", \"province\" );\n_p0.put( \"orgid\", PROVID );\n_p0.put( \"payableparentacct\", new KeyValue(\"RPT_BASICINT_PRIOR_PROVINCE_SHARE\", \"RPT BASIC PRIOR PENALTY PROVINCE SHARE\") );\n_p0.put( \"amtdue\", (new ActionExpression(\"AMOUNT\", bindings)) );\n_p0.put( \"rate\", (new ActionExpression(\"0.35\", bindings)) );\naction.execute( \"add-share\",_p0,drools);\n\nend\n\n\n  '),('RUL200eb568:1675cf148a8:-7bfa','\npackage rptbilling.PENALTY_PREVIOUS;\nimport rptbilling.*;\nimport java.util.*;\nimport com.rameses.rules.common.*;\n\nglobal RuleAction action;\n\nrule \"PENALTY_PREVIOUS\"\n  agenda-group \"PENALTY\"\n  salience 50000\n  no-loop\n when\n    \n    \n     CurrentDate (  CY:year ) \n    \n    RLI: rptis.landtax.facts.RPTLedgerItemFact (  year < CY,NMON:monthsfromjan,TAX:amtdue ) \n    \n  then\n    Map bindings = new HashMap();\n   \n    bindings.put(\"CY\", CY );\n    \n    bindings.put(\"RLI\", RLI );\n    \n    bindings.put(\"NMON\", NMON );\n    \n    bindings.put(\"TAX\", TAX );\n    \n  Map _p0 = new HashMap();\n_p0.put( \"rptledgeritem\", RLI );\n_p0.put( \"expr\", (new ActionExpression(\"@IIF( NMON * 0.02 > 0.72, TAX * 0.72, TAX * NMON * 0.02)\", bindings)) );\naction.execute( \"calc-interest\",_p0,drools);\n\nend\n\n\n '),('RUL37d1c65b:166c2f36d94:-619e','\npackage rptbilling.DISCOUNT_CURRENT;\nimport rptbilling.*;\nimport java.util.*;\nimport com.rameses.rules.common.*;\n\nglobal RuleAction action;\n\nrule \"DISCOUNT_CURRENT\"\n  agenda-group \"DISCOUNT\"\n salience 45000\n  no-loop\n when\n    \n    \n     CurrentDate (  CQTR:qtr,CY:year ) \n   \n    RLI: rptis.landtax.facts.RPTLedgerItemFact (  year >= CY,qtr >= CQTR,TAX:amtdue,qtrlypaymentavailed == true  ) \n   \n  then\n    Map bindings = new HashMap();\n   \n    bindings.put(\"CQTR\", CQTR );\n    \n    bindings.put(\"RLI\", RLI );\n    \n    bindings.put(\"CY\", CY );\n    \n    bindings.put(\"TAX\", TAX );\n    \n  Map _p0 = new HashMap();\n_p0.put( \"rptledgeritem\", RLI );\n_p0.put( \"expr\", (new ActionExpression(\"TAX * 0.10\", bindings)) );\naction.execute( \"calc-discount\",_p0,drools);\n\nend\n\n\n '),('RUL3b800abe:14d2b978f55:-61fb','\npackage bldgassessment.ROUND_ACTUALUSE_MV_TO_ONES;\nimport bldgassessment.*;\nimport java.util.*;\nimport com.rameses.rules.common.*;\n\nglobal RuleAction action;\n\nrule \"ROUND_ACTUALUSE_MV_TO_ONES\"\n  agenda-group \"AFTER-MARKETVALUE\"\n  salience 50000\n  no-loop\n when\n    \n    \n    BU: rptis.bldg.facts.BldgUse (  MV:marketvalue ) \n   \n  then\n    Map bindings = new HashMap();\n   \n    bindings.put(\"BU\", BU );\n    \n    bindings.put(\"MV\", MV );\n    \n  Map _p0 = new HashMap();\n_p0.put( \"bldguse\", BU );\n_p0.put( \"expr\", (new ActionExpression(\"@ROUND(MV, 0)\", bindings)) );\naction.execute( \"calc-bldguse-mv\",_p0,drools);\n\nend\n\n\n '),('RUL3b800abe:14d2b978f55:-63a0','\npackage bldgassessment.ROUND_FLOOR_MV_TO_ONES;\nimport bldgassessment.*;\nimport java.util.*;\nimport com.rameses.rules.common.*;\n\nglobal RuleAction action;\n\nrule \"ROUND_FLOOR_MV_TO_ONES\"\n  agenda-group \"AFTER-MARKETVALUE\"\n  salience 50000\n  no-loop\n when\n    \n    \n    BF: rptis.bldg.facts.BldgFloor (  MV:marketvalue ) \n   \n  then\n    Map bindings = new HashMap();\n   \n    bindings.put(\"BF\", BF );\n    \n    bindings.put(\"MV\", MV );\n    \n  Map _p0 = new HashMap();\n_p0.put( \"bldgfloor\", BF );\n_p0.put( \"expr\", (new ActionExpression(\"@ROUND( MV , 0)\", bindings)) );\naction.execute( \"calc-floor-mv\",_p0,drools);\n\nend\n\n\n '),('RUL3b800abe:14d2b978f55:-7e09','\npackage bldgassessment.ROUND_ADJ_TO_ONES;\nimport bldgassessment.*;\nimport java.util.*;\nimport com.rameses.rules.common.*;\n\nglobal RuleAction action;\n\nrule \"ROUND_ADJ_TO_ONES\"\n  agenda-group \"AFTER-ADJUSTMENT\"\n salience 50000\n  no-loop\n when\n    \n    \n    ADJ: rptis.bldg.facts.BldgAdjustment (  bldgfloor != null,ADJAMOUNT:amount ) \n   \n  then\n    Map bindings = new HashMap();\n   \n    bindings.put(\"ADJ\", ADJ );\n    \n    bindings.put(\"ADJAMOUNT\", ADJAMOUNT );\n    \n  Map _p0 = new HashMap();\n_p0.put( \"adjustment\", ADJ );\n_p0.put( \"var\", null );\n_p0.put( \"expr\", (new ActionExpression(\"@ROUND(ADJAMOUNT, 0)\", bindings)) );\naction.execute( \"calc-adj\",_p0,drools);\n\nend\n\n\n  '),('RUL3e2b89cb:146ff734573:-7dcc','\npackage bldgassessment.COMPUTE_BLDG_AGE;\nimport bldgassessment.*;\nimport java.util.*;\nimport com.rameses.rules.common.*;\n\nglobal RuleAction action;\n\nrule \"COMPUTE_BLDG_AGE\"\n  agenda-group \"PRE-ASSESSMENT\"\n salience 50000\n  no-loop\n when\n    \n    \n    RPU: rptis.bldg.facts.BldgRPU (  YRAPPRAISED:yrappraised > 0,YRCOMPLETED:yrcompleted > 0 ) \n   \n  then\n    Map bindings = new HashMap();\n   \n    bindings.put(\"RPU\", RPU );\n    \n    bindings.put(\"YRAPPRAISED\", YRAPPRAISED );\n    \n    bindings.put(\"YRCOMPLETED\", YRCOMPLETED );\n    \n  Map _p0 = new HashMap();\n_p0.put( \"rpu\", RPU );\n_p0.put( \"expr\", (new ActionExpression(\"YRAPPRAISED - YRCOMPLETED\", bindings)) );\naction.execute( \"calc-bldg-age\",_p0,drools);\n\nend\n\n\n  '),('RUL4e46261d:14f924c6b53:-7d9b','\npackage bldgassessment.CALC_DEPRECIATION_SWORN;\nimport bldgassessment.*;\nimport java.util.*;\nimport com.rameses.rules.common.*;\n\nglobal RuleAction action;\n\nrule \"CALC_DEPRECIATION_SWORN\"\n  agenda-group \"DEPRECIATION\"\n salience 50000\n  no-loop\n when\n    \n    \n    RPU: rptis.bldg.facts.BldgRPU (  DPRATE:depreciation ) \n   \n    BU: rptis.bldg.facts.BldgUse (  SWORNAMT:swornamount,ADJUSTMENT:adjustment,useswornamount == true  ) \n   \n  then\n    Map bindings = new HashMap();\n   \n    bindings.put(\"RPU\", RPU );\n    \n    bindings.put(\"SWORNAMT\", SWORNAMT );\n    \n    bindings.put(\"DPRATE\", DPRATE );\n    \n    bindings.put(\"BU\", BU );\n    \n    bindings.put(\"ADJUSTMENT\", ADJUSTMENT );\n    \n  Map _p0 = new HashMap();\n_p0.put( \"bldguse\", BU );\n_p0.put( \"expr\", (new ActionExpression(\"@ROUND( (SWORNAMT + ADJUSTMENT)  * DPRATE / 100.0, 0)\", bindings)) );\naction.execute( \"calc-bldguse-depreciation\",_p0,drools);\n\nend\n\n\n '),('RUL5b4ac915:147baaa06b4:-6f31','\npackage landassessment.BUILD_ASSESSMENT_INFO_SPLIT;\nimport landassessment.*;\nimport java.util.*;\nimport com.rameses.rules.common.*;\n\nglobal RuleAction action;\n\nrule \"BUILD_ASSESSMENT_INFO_SPLIT\"\n  agenda-group \"SUMMARY\"\n  salience 50000\n  no-loop\n when\n    \n    \n    LA: rptis.land.facts.LandDetail (  CLASS:classification != null ) \n    \n  then\n    Map bindings = new HashMap();\n   \n    bindings.put(\"LA\", LA );\n    \n    bindings.put(\"CLASS\", CLASS );\n    \n  Map _p0 = new HashMap();\n_p0.put( \"landdetail\", LA );\n_p0.put( \"classification\", CLASS );\naction.execute( \"add-assessment-info\",_p0,drools);\n\nend\n\n\n  '),('RUL633c4f6e:168167799dc:-7806','\npackage rptbilling.BACKTAX_ADJUSTMENT;\nimport rptbilling.*;\nimport java.util.*;\nimport com.rameses.rules.common.*;\n\nglobal RuleAction action;\n\nrule \"BACKTAX_ADJUSTMENT\"\n  agenda-group \"AFTER_PENALTY\"\n  salience 50000\n  no-loop\n when\n    \n    \n    RLI: rptis.landtax.facts.RPTLedgerItemFact (  backtax == true  ) \n   \n  then\n    Map bindings = new HashMap();\n   \n    bindings.put(\"RLI\", RLI );\n    \n  Map _p0 = new HashMap();\n_p0.put( \"rptledgeritem\", RLI );\n_p0.put( \"expr\", (new ActionExpression(\"0\", bindings)) );\naction.execute( \"calc-interest\",_p0,drools);\n\nend\n\n\n  '),('RUL634d9a3c:161503ff1dc:-5b2a','\npackage rptledger.BASIC_SEF_TAX;\nimport rptledger.*;\nimport java.util.*;\nimport com.rameses.rules.common.*;\n\nglobal RuleAction action;\n\nrule \"BASIC_SEF_TAX\"\n  agenda-group \"TAX\"\n  salience 50000\n  no-loop\n when\n    \n    \n    RLI: rptis.landtax.facts.RPTLedgerItemFact (  AV:av ) \n    \n  then\n    Map bindings = new HashMap();\n   \n    bindings.put(\"RLI\", RLI );\n    \n    bindings.put(\"AV\", AV );\n    \n  Map _p0 = new HashMap();\n_p0.put( \"rptledgeritem\", RLI );\n_p0.put( \"expr\", (new ActionExpression(\"AV * 0.01\", bindings)) );\naction.execute( \"calc-tax\",_p0,drools);\n\nend\n\n\n '),('RUL76444f2f:16699599f73:-76eb','\npackage rptbilling.PROVINCE_BASIC_SHARE_PREVIOUS;\nimport rptbilling.*;\nimport java.util.*;\nimport com.rameses.rules.common.*;\n\nglobal RuleAction action;\n\nrule \"PROVINCE_BASIC_SHARE_PREVIOUS\"\n  agenda-group \"LGU_SHARE\"\n  salience 50000\n  no-loop\n when\n    \n    \n    BILLITEM: rptis.landtax.facts.RPTBillItem (  parentacctid matches \"RPT_BASIC_PREVIOUS\",AMOUNT:amount ) \n   \n    RL: rptis.landtax.facts.RPTLedgerFact (  BRGYID:barangayid,PROVID:parentlguid ) \n    \n  then\n    Map bindings = new HashMap();\n   \n    bindings.put(\"BILLITEM\", BILLITEM );\n    \n    bindings.put(\"BRGYID\", BRGYID );\n    \n    bindings.put(\"RL\", RL );\n    \n    bindings.put(\"AMOUNT\", AMOUNT );\n    \n    bindings.put(\"PROVID\", PROVID );\n    \n  Map _p0 = new HashMap();\n_p0.put( \"billitem\", BILLITEM );\n_p0.put( \"orgclass\", \"province\" );\n_p0.put( \"orgid\", PROVID );\n_p0.put( \"payableparentacct\", new KeyValue(\"RPT_BASIC_PREVIOUS_PROVINCE_SHARE\", \"RPT BASIC PREVIOUS PROVINCE SHARE\") );\n_p0.put( \"amtdue\", (new ActionExpression(\"AMOUNT\", bindings)) );\n_p0.put( \"rate\", (new ActionExpression(\"0.35\", bindings)) );\naction.execute( \"add-share\",_p0,drools);\n\nend\n\n\n '),('RUL76444f2f:16699599f73:-7713','\npackage rptbilling.PROVINCE_BASIC_SHARE_PREVIOUS_PENALTY;\nimport rptbilling.*;\nimport java.util.*;\nimport com.rameses.rules.common.*;\n\nglobal RuleAction action;\n\nrule \"PROVINCE_BASIC_SHARE_PREVIOUS_PENALTY\"\n  agenda-group \"LGU_SHARE\"\n  salience 50000\n  no-loop\n when\n    \n    \n    BILLITEM: rptis.landtax.facts.RPTBillItem (  parentacctid matches \"RPT_BASICINT_PREVIOUS\",AMOUNT:amount ) \n    \n    RL: rptis.landtax.facts.RPTLedgerFact (  PROVID:parentlguid ) \n    \n  then\n    Map bindings = new HashMap();\n   \n    bindings.put(\"BILLITEM\", BILLITEM );\n    \n    bindings.put(\"RL\", RL );\n    \n    bindings.put(\"PROVID\", PROVID );\n    \n    bindings.put(\"AMOUNT\", AMOUNT );\n    \n  Map _p0 = new HashMap();\n_p0.put( \"billitem\", BILLITEM );\n_p0.put( \"orgclass\", \"province\" );\n_p0.put( \"orgid\", PROVID );\n_p0.put( \"payableparentacct\", new KeyValue(\"RPT_BASICINT_PREVIOUS_PROVINCE_SHARE\", \"RPT BASIC PREVIOUS PENALTY PROVINCE SHARE\") );\n_p0.put( \"amtdue\", (new ActionExpression(\"AMOUNT\", bindings)) );\n_p0.put( \"rate\", (new ActionExpression(\"0.35\", bindings)) );\naction.execute( \"add-share\",_p0,drools);\n\nend\n\n\n  '),('RUL76444f2f:16699599f73:-797d','\npackage rptbilling.PROVINCE_SEF_SHARE_PREVIOUS_PENALTY;\nimport rptbilling.*;\nimport java.util.*;\nimport com.rameses.rules.common.*;\n\nglobal RuleAction action;\n\nrule \"PROVINCE_SEF_SHARE_PREVIOUS_PENALTY\"\n  agenda-group \"LGU_SHARE\"\n  salience 50000\n  no-loop\n when\n    \n    \n    BILLITEM: rptis.landtax.facts.RPTBillItem (  parentacctid matches \"RPT_SEFINT_PREVIOUS\",AMOUNT:amount ) \n    \n    RL: rptis.landtax.facts.RPTLedgerFact (  PROVID:parentlguid ) \n    \n  then\n    Map bindings = new HashMap();\n   \n    bindings.put(\"BILLITEM\", BILLITEM );\n    \n    bindings.put(\"RL\", RL );\n    \n    bindings.put(\"AMOUNT\", AMOUNT );\n    \n    bindings.put(\"PROVID\", PROVID );\n    \n  Map _p0 = new HashMap();\n_p0.put( \"billitem\", BILLITEM );\n_p0.put( \"orgclass\", \"province\" );\n_p0.put( \"orgid\", PROVID );\n_p0.put( \"payableparentacct\", new KeyValue(\"RPT_SEFINT_PREVIOUS_PROVINCE_SHARE\", \"RPT SEF PREVIOUS PENALTY PROVINCE SHARE\") );\n_p0.put( \"amtdue\", (new ActionExpression(\"AMOUNT\", bindings)) );\n_p0.put( \"rate\", (new ActionExpression(\"0.50\", bindings)) );\naction.execute( \"add-share\",_p0,drools);\n\nend\n\n\n  '),('RUL76444f2f:16699599f73:-79a5','\npackage rptbilling.PROVINCE_SEF_SHARE_PREVIOUS;\nimport rptbilling.*;\nimport java.util.*;\nimport com.rameses.rules.common.*;\n\nglobal RuleAction action;\n\nrule \"PROVINCE_SEF_SHARE_PREVIOUS\"\n  agenda-group \"LGU_SHARE\"\n  salience 50000\n  no-loop\n when\n    \n    \n    BILLITEM: rptis.landtax.facts.RPTBillItem (  parentacctid matches \"RPT_SEF_PREVIOUS\",AMOUNT:amount ) \n   \n    RL: rptis.landtax.facts.RPTLedgerFact (  PROVID:parentlguid ) \n    \n  then\n    Map bindings = new HashMap();\n   \n    bindings.put(\"BILLITEM\", BILLITEM );\n    \n    bindings.put(\"RL\", RL );\n    \n    bindings.put(\"PROVID\", PROVID );\n    \n    bindings.put(\"AMOUNT\", AMOUNT );\n    \n  Map _p0 = new HashMap();\n_p0.put( \"billitem\", BILLITEM );\n_p0.put( \"orgclass\", \"province\" );\n_p0.put( \"orgid\", PROVID );\n_p0.put( \"payableparentacct\", new KeyValue(\"RPT_SEF_PREVIOUS_PROVINCE_SHARE\", \"RPT SEF PREVIOUS PROVINCE SHARE\") );\n_p0.put( \"amtdue\", (new ActionExpression(\"AMOUNT\", bindings)) );\n_p0.put( \"rate\", (new ActionExpression(\"0.50\", bindings)) );\naction.execute( \"add-share\",_p0,drools);\n\nend\n\n\n '),('RUL7e02b404:166ae687f42:-5511','\npackage rptbilling.PENALTY_CURRENT_YEAR;\nimport rptbilling.*;\nimport java.util.*;\nimport com.rameses.rules.common.*;\n\nglobal RuleAction action;\n\nrule \"PENALTY_CURRENT_YEAR\"\n  agenda-group \"PENALTY\"\n  salience 50000\n  no-loop\n when\n    \n    \n     CurrentDate (  CY:year,CQTR:qtr > 1 ) \n   \n    RLI: rptis.landtax.facts.RPTLedgerItemFact (  revtype matches \"basic|sef\",year == CY,qtr >= CQTR,TAX:amtdue,NMON:monthsfromjan ) \n   \n  then\n    Map bindings = new HashMap();\n   \n    bindings.put(\"CY\", CY );\n    \n    bindings.put(\"RLI\", RLI );\n    \n    bindings.put(\"CQTR\", CQTR );\n    \n    bindings.put(\"NMON\", NMON );\n    \n    bindings.put(\"TAX\", TAX );\n    \n  Map _p0 = new HashMap();\n_p0.put( \"rptledgeritem\", RLI );\n_p0.put( \"expr\", (new ActionExpression(\"TAX * NMON * 0.02\", bindings)) );\naction.execute( \"calc-interest\",_p0,drools);\n\nend\n\n\n  '),('RUL7e83d163:178c928b4a5:-7c21','\npackage rptbilling.PENALTY_CURRENT;\nimport rptbilling.*;\nimport java.util.*;\nimport com.rameses.rules.common.*;\n\nglobal RuleAction action;\n\nrule \"PENALTY_CURRENT\"\n  agenda-group \"PENALTY\"\n  salience 50000\n  no-loop\n when\n    \n    \n     CurrentDate (  Y1:year ) \n    \n    RLI: rptis.landtax.facts.RPTLedgerItemFact (  revtype matches \"basic|sef\",year == Y1,TX:amtdue,NM:monthsfromjan ) \n    \n  then\n    Map bindings = new HashMap();\n   \n    bindings.put(\"Y1\", Y1 );\n    \n    bindings.put(\"RLI\", RLI );\n    \n    bindings.put(\"TX\", TX );\n    \n    bindings.put(\"NM\", NM );\n    \n  Map _p0 = new HashMap();\n_p0.put( \"rptledgeritem\", RLI );\n_p0.put( \"expr\", (new ActionExpression(\"TX * NM * 0.02\", bindings)) );\naction.execute( \"calc-interest\",_p0,drools);\n\nend\n\n\n '),('RULec9d7ab:166235c2e16:-243a','\npackage rptbilling.BRGY_SHARE_ADVANCE;\nimport rptbilling.*;\nimport java.util.*;\nimport com.rameses.rules.common.*;\n\nglobal RuleAction action;\n\nrule \"BRGY_SHARE_ADVANCE\"\n agenda-group \"BRGY_SHARE\"\n salience 50000\n  no-loop\n when\n    \n    \n    BILLITEM: rptis.landtax.facts.RPTBillItem (  parentacctid matches \"RPT_BASIC_ADVANCE\",AMOUNT:amount ) \n    \n    RL: rptis.landtax.facts.RPTLedgerFact (  BRGYID:barangayid ) \n   \n  then\n    Map bindings = new HashMap();\n   \n    bindings.put(\"BILLITEM\", BILLITEM );\n    \n    bindings.put(\"RL\", RL );\n    \n    bindings.put(\"AMOUNT\", AMOUNT );\n    \n    bindings.put(\"BRGYID\", BRGYID );\n    \n  Map _p0 = new HashMap();\n_p0.put( \"billitem\", BILLITEM );\n_p0.put( \"orgclass\", \"barangay\" );\n_p0.put( \"orgid\", BRGYID );\n_p0.put( \"payableparentacct\", new KeyValue(\"RPT_BASIC_ADVANCE_BRGY_SHARE\", \"RPT BASIC ADVANCE BARANGAY SHARE\") );\n_p0.put( \"amtdue\", (new ActionExpression(\"AMOUNT\", bindings)) );\n_p0.put( \"rate\", (new ActionExpression(\"0.25\", bindings)) );\naction.execute( \"add-share\",_p0,drools);\n\nend\n\n\n '),('RULec9d7ab:166235c2e16:-255e','\npackage rptbilling.BUILD_BILL_ITEMS;\nimport rptbilling.*;\nimport java.util.*;\nimport com.rameses.rules.common.*;\n\nglobal RuleAction action;\n\nrule \"BUILD_BILL_ITEMS\"\n agenda-group \"AFTER_SUMMARY\"\n  salience 50000\n  no-loop\n when\n    \n    \n    RLTS: rptis.landtax.facts.RPTLedgerTaxSummaryFact (   ) \n    \n  then\n    Map bindings = new HashMap();\n   \n    bindings.put(\"RLTS\", RLTS );\n    \n  Map _p0 = new HashMap();\n_p0.put( \"taxsummary\", RLTS );\naction.execute( \"add-billitem\",_p0,drools);\n\nend\n\n\n  '),('RULec9d7ab:166235c2e16:-26bf','\npackage rptbilling.TOTAL_ADVANCE;\nimport rptbilling.*;\nimport java.util.*;\nimport com.rameses.rules.common.*;\n\nglobal RuleAction action;\n\nrule \"TOTAL_ADVANCE\"\n agenda-group \"SUMMARY\"\n  salience 50000\n  no-loop\n when\n    \n    \n     CurrentDate (  CY:year ) \n    \n    RLI: rptis.landtax.facts.RPTLedgerItemFact (  year > CY ) \n    \n  then\n    Map bindings = new HashMap();\n   \n    bindings.put(\"CY\", CY );\n    \n    bindings.put(\"RLI\", RLI );\n    \n  Map _p0 = new HashMap();\n_p0.put( \"rptledgeritem\", RLI );\n_p0.put( \"revperiod\", \"advance\" );\naction.execute( \"create-tax-summary\",_p0,drools);\n\nend\n\n\n  '),('RULec9d7ab:166235c2e16:-26d0','\npackage rptbilling.TOTAL_CURRENT;\nimport rptbilling.*;\nimport java.util.*;\nimport com.rameses.rules.common.*;\n\nglobal RuleAction action;\n\nrule \"TOTAL_CURRENT\"\n agenda-group \"SUMMARY\"\n  salience 50000\n  no-loop\n when\n    \n    \n     CurrentDate (  CY:year ) \n    \n    RLI: rptis.landtax.facts.RPTLedgerItemFact (  year == CY ) \n   \n  then\n    Map bindings = new HashMap();\n   \n    bindings.put(\"CY\", CY );\n    \n    bindings.put(\"RLI\", RLI );\n    \n  Map _p0 = new HashMap();\n_p0.put( \"rptledgeritem\", RLI );\n_p0.put( \"revperiod\", \"current\" );\naction.execute( \"create-tax-summary\",_p0,drools);\n\nend\n\n\n  '),('RULec9d7ab:166235c2e16:-2f1f','\npackage rptbilling.EXPIRY_DATE_DEFAULT;\nimport rptbilling.*;\nimport java.util.*;\nimport com.rameses.rules.common.*;\n\nglobal RuleAction action;\n\nrule \"EXPIRY_DATE_DEFAULT\"\n agenda-group \"BEFORE_SUMMARY\"\n salience 10000\n  no-loop\n when\n    \n    \n    BILL: rptis.landtax.facts.Bill (  CDATE:currentdate ) \n    \n  then\n    Map bindings = new HashMap();\n   \n    bindings.put(\"BILL\", BILL );\n    \n    bindings.put(\"CDATE\", CDATE );\n    \n  Map _p0 = new HashMap();\n_p0.put( \"bill\", BILL );\n_p0.put( \"expr\", (new ActionExpression(\"@MONTHEND( CDATE )\", bindings)) );\naction.execute( \"set-bill-expiry\",_p0,drools);\n\nend\n\n\n '),('RULec9d7ab:166235c2e16:-319f','\npackage rptbilling.EXPIRY_DATE_ADVANCE_YEAR;\nimport rptbilling.*;\nimport java.util.*;\nimport com.rameses.rules.common.*;\n\nglobal RuleAction action;\n\nrule \"EXPIRY_DATE_ADVANCE_YEAR\"\n agenda-group \"BEFORE_SUMMARY\"\n salience 5000\n no-loop\n when\n    \n    \n     CurrentDate (  CY:year ) \n    \n    RL: rptis.landtax.facts.RPTLedgerFact (  lastyearpaid == CY,lastqtrpaid == 4 ) \n   \n    BILL: rptis.landtax.facts.Bill (  billtoyear > CY ) \n    \n  then\n    Map bindings = new HashMap();\n   \n    bindings.put(\"CY\", CY );\n    \n    bindings.put(\"RL\", RL );\n    \n    bindings.put(\"BILL\", BILL );\n    \n  Map _p0 = new HashMap();\n_p0.put( \"bill\", BILL );\n_p0.put( \"expr\", (new ActionExpression(\"@MONTHEND(@DATE(CY, 12, 1));\", bindings)) );\naction.execute( \"set-bill-expiry\",_p0,drools);\n\nend\n\n\n '),('RULec9d7ab:166235c2e16:-3811','\npackage rptbilling.SPLIT_QUARTERLY_BILLED_ITEMS;\nimport rptbilling.*;\nimport java.util.*;\nimport com.rameses.rules.common.*;\n\nglobal RuleAction action;\n\nrule \"SPLIT_QUARTERLY_BILLED_ITEMS\"\n agenda-group \"BEFORE_SUMMARY\"\n salience 50000\n  no-loop\n when\n    \n    \n    RLI: rptis.landtax.facts.RPTLedgerItemFact (  qtrly == false ,revtype matches \"basic|sef\" ) \n    \n    BILL: rptis.landtax.facts.Bill (  forpayment == true  ) \n    \n  then\n    Map bindings = new HashMap();\n   \n    bindings.put(\"RLI\", RLI );\n    \n    bindings.put(\"BILL\", BILL );\n    \n  Map _p0 = new HashMap();\n_p0.put( \"rptledgeritem\", RLI );\naction.execute( \"split-bill-item\",_p0,drools);\n\nend\n\n\n '),('RULec9d7ab:166235c2e16:-3c17','\npackage rptbilling.AGGREGATE_PREVIOUS_ITEMS;\nimport rptbilling.*;\nimport java.util.*;\nimport com.rameses.rules.common.*;\n\nglobal RuleAction action;\n\nrule \"AGGREGATE_PREVIOUS_ITEMS\"\n agenda-group \"BEFORE_SUMMARY\"\n salience 60000\n  no-loop\n when\n    \n    \n     CurrentDate (  CY:year ) \n    \n    RLI: rptis.landtax.facts.RPTLedgerItemFact (  year < CY,qtrly == true  ) \n   \n    BILL: rptis.landtax.facts.Bill (  forpayment == false  ) \n   \n  then\n    Map bindings = new HashMap();\n   \n    bindings.put(\"CY\", CY );\n    \n    bindings.put(\"RLI\", RLI );\n    \n    bindings.put(\"BILL\", BILL );\n    \n  Map _p0 = new HashMap();\n_p0.put( \"rptledgeritem\", RLI );\naction.execute( \"aggregate-bill-item\",_p0,drools);\n\nend\n\n\n '),('RULec9d7ab:166235c2e16:-4197','\npackage rptbilling.DISCOUNT_ADVANCE;\nimport rptbilling.*;\nimport java.util.*;\nimport com.rameses.rules.common.*;\n\nglobal RuleAction action;\n\nrule \"DISCOUNT_ADVANCE\"\n agenda-group \"DISCOUNT\"\n salience 40000\n  no-loop\n when\n    \n    \n     CurrentDate (  CY:year ) \n    \n    RLI: rptis.landtax.facts.RPTLedgerItemFact (  year > CY,TAX:amtdue ) \n   \n  then\n    Map bindings = new HashMap();\n   \n    bindings.put(\"CY\", CY );\n    \n    bindings.put(\"RLI\", RLI );\n    \n    bindings.put(\"TAX\", TAX );\n    \n  Map _p0 = new HashMap();\n_p0.put( \"rptledgeritem\", RLI );\n_p0.put( \"expr\", (new ActionExpression(\"TAX * 0.20\", bindings)) );\naction.execute( \"calc-discount\",_p0,drools);\n\nend\n\n\n ');
/*!40000 ALTER TABLE `sys_rule_deployed` ENABLE KEYS */;
UNLOCK TABLES;

--
-- Dumping data for table `sys_rule_fact`
--

LOCK TABLES `sys_rule_fact` WRITE;
/*!40000 ALTER TABLE `sys_rule_fact` DISABLE KEYS */;
INSERT INTO `sys_rule_fact` VALUES ('com.rameses.rules.common.CurrentDate','com.rameses.rules.common.CurrentDate','Current Date','com.rameses.rules.common.CurrentDate',0,NULL,NULL,NULL,NULL,NULL,NULL,NULL,NULL,NULL,'SYSTEM',NULL),('CurrentDate','CurrentDate','Current Date','CurrentDate',1,'','',NULL,'','','','','','','LANDTAX',NULL),('enterprise.facts.DateInfo','enterprise.facts.DateInfo','Date Info','enterprise.facts.DateInfo',0,NULL,NULL,NULL,NULL,NULL,NULL,NULL,NULL,NULL,'ENTERPRISE','enterprise.facts.VariableInfo'),('enterprise.facts.Org','enterprise.facts.Org','Org','enterprise.facts.Org',1,NULL,'ORG',NULL,NULL,NULL,NULL,NULL,NULL,NULL,'ENTERPRISE',NULL),('rptis.landtax.facts.AssessedValue','rptis.landtax.facts.AssessedValue','Assessed Value','rptis.landtax.facts.AssessedValue',2,NULL,'AVINFO',NULL,NULL,NULL,NULL,NULL,NULL,NULL,'landtax',NULL),('rptis.landtax.facts.Bill','rptis.landtax.facts.Bill','Bill','rptis.landtax.facts.Bill',2,NULL,'BILL',NULL,NULL,NULL,NULL,NULL,NULL,NULL,'landtax',NULL),('rptis.landtax.facts.Classification','rptis.landtax.facts.Classification','Classification','rptis.landtax.facts.Classification',0,NULL,'CLASS',NULL,NULL,NULL,NULL,NULL,NULL,NULL,'landtax',NULL),('rptis.landtax.facts.RPTBillItem','rptis.landtax.facts.RPTBillItem','Bill Item','rptis.landtax.facts.RPTBillItem',3,NULL,'BILLITEM',NULL,NULL,NULL,NULL,NULL,NULL,NULL,'landtax',NULL),('rptis.landtax.facts.RPTIncentive','rptis.landtax.facts.RPTIncentive','Incentive','rptis.landtax.facts.RPTIncentive',10,NULL,'INCENTIVE',NULL,NULL,NULL,NULL,NULL,NULL,NULL,'landtax',NULL),('rptis.landtax.facts.RPTLedgerFact','rptis.landtax.facts.RPTLedgerFact','Ledger','rptis.landtax.facts.RPTLedgerFact',5,NULL,'RL',0,'','','','','',NULL,'landtax',NULL),('rptis.landtax.facts.RPTLedgerItemFact','rptis.landtax.facts.RPTLedgerItemFact','Ledger Item','rptis.landtax.facts.RPTLedgerItemFact',6,NULL,'RLI',NULL,'','','','','',NULL,'landtax',NULL),('rptis.landtax.facts.RPTLedgerTaxSummaryFact','rptis.landtax.facts.RPTLedgerTaxSummaryFact','Tax Summary','rptis.landtax.facts.RPTLedgerTaxSummaryFact',21,NULL,'RLTS',NULL,'','','','','',NULL,'landtax',NULL),('rptis.landtax.facts.ShareFact','rptis.landtax.facts.ShareFact','Share','rptis.landtax.facts.ShareFact',50,NULL,'LSH',NULL,'','','','','',NULL,'landtax',NULL),('RULFACT-2486b0ca:146fff66c3e:-57b0','variable','Derived Variable','rptis.bldg.facts.BldgVariable',35,NULL,'VAR',NULL,NULL,NULL,NULL,NULL,NULL,NULL,'RPT',NULL),('RULFACT-2486b0ca:146fff66c3e:-711c','BldgAdjustment','Building Adjustment','rptis.bldg.facts.BldgAdjustment',10,NULL,'ADJ',NULL,NULL,NULL,NULL,NULL,NULL,NULL,'RPT',NULL),('RULFACT-2486b0ca:146fff66c3e:-7ad1','BldgFloor','Building Floor','rptis.bldg.facts.BldgFloor',4,NULL,'BF',NULL,NULL,NULL,NULL,NULL,NULL,NULL,'RPT',NULL),('RULFACT-2486b0ca:146fff66c3e:-7b6a','BldgUse','Building Actual Use','rptis.bldg.facts.BldgUse',3,NULL,'BU',NULL,NULL,NULL,NULL,NULL,NULL,NULL,'RPT',NULL),('RULFACT-2486b0ca:146fff66c3e:-7e0e','BldgStructure','Building Structure','rptis.bldg.facts.BldgStructure',2,NULL,'BS',NULL,NULL,NULL,NULL,NULL,NULL,NULL,'RPT',NULL),('RULFACT-39192c48:1471ebc2797:-7faf','RPUAssessment','Assessment','rptis.facts.RPUAssessment',80,NULL,'RA',NULL,NULL,NULL,NULL,NULL,NULL,NULL,'rpt',NULL),('RULFACT-5e76cf73:14d69e9c549:-7f07','LandAdjustment','Adjustment','rptis.land.facts.LandAdjustment',6,NULL,'ADJ',NULL,NULL,NULL,NULL,NULL,NULL,NULL,'RPT',NULL),('RULFACT-79a9a347:15cfcae84de:-3956','variable','Building Variable','rptis.bldg.facts.BldgVariable',35,NULL,'BLDGVAR',NULL,NULL,NULL,NULL,NULL,NULL,NULL,'rpt',NULL),('RULFACT17d6e7ce:141df4b60c2:-7c21','assessedvalue','Assessed Value Data','rptis.landtax.facts.AssessedValueFact',20,NULL,NULL,NULL,'','','','','',NULL,'LANDTAX',NULL),('RULFACT1b4af871:14e3cc46e09:-34c1','miscvariable','System Variable','rptis.facts.RPTVariable',1000,NULL,'VAR',NULL,NULL,NULL,NULL,NULL,NULL,NULL,'rpt',NULL),('RULFACT1b4af871:14e3cc46e09:-36aa','MiscRPU','Miscellaneous RPU','rptis.misc.facts.MiscRPU',0,NULL,'MRPU',NULL,NULL,NULL,NULL,NULL,NULL,NULL,'RPT',NULL),('RULFACT1be07afa:1452a9809e9:-731e','RPTLedgerTaxSummaryFact','Tax Summary Info','rptis.landtax.facts.RPTLedgerTaxSummaryFact',21,NULL,'RLTS',NULL,'','','','','',NULL,'LANDTAX',NULL),('RULFACT1e772168:14c5a447e35:-7f78','MachineDetail','Machine','rptis.mach.facts.MachineDetail',2,NULL,'MACH',NULL,NULL,NULL,NULL,NULL,NULL,NULL,'rpt',NULL),('RULFACT1e772168:14c5a447e35:-7fd5','MachineActualUse','Actual Use','rptis.mach.facts.MachineActualUse',3,NULL,'MAU',NULL,NULL,NULL,NULL,NULL,NULL,NULL,'rpt',NULL),('RULFACT20ce1acc:141e456ed68:-7f43','CurrentDate','Current Date','CurrentDate',1,NULL,NULL,NULL,NULL,NULL,NULL,NULL,NULL,NULL,'RPT',NULL),('RULFACT2e8bac67:1422b41d3b3:-7f64','CurrentDate','Current Date','CurrentDate',0,NULL,NULL,NULL,NULL,NULL,NULL,NULL,NULL,NULL,'bpls',NULL),('RULFACT357018a9:1452a5dcbf7:-793b','ShareInfoFact','LGU Share Info','rptis.landtax.facts.ShareInfoFact',50,NULL,'LSH',NULL,'','','','','',NULL,'LANDTAX',NULL),('RULFACT3afe51b9:146f7088d9c:-7db1','LandDetail','Appraisal','rptis.land.facts.LandDetail',2,NULL,'LA',NULL,NULL,NULL,NULL,NULL,NULL,NULL,'rpt',NULL),('RULFACT3afe51b9:146f7088d9c:-7eb6','RPU','RPU','rptis.facts.RPU',-1,NULL,'RPU',NULL,NULL,NULL,NULL,NULL,NULL,NULL,'rpt',NULL),('RULFACT3e2b89cb:146ff734573:-7fcb','BldgRPU','Building RPU','rptis.bldg.facts.BldgRPU',1,NULL,'RPU',NULL,NULL,NULL,NULL,NULL,NULL,NULL,'rpt',NULL),('RULFACT452c2321:1535ebcc5ac:-7918','ovs.facts.ViolationTicket','ViolationTicket','ovs.facts.ViolationTicket',0,NULL,'OVT',NULL,NULL,NULL,NULL,NULL,NULL,NULL,'OVS',NULL),('RULFACT49ae4bad:141e3b6758c:-7ba3','currentdate','Current Date','CurrentDate',1,'','',NULL,'','','','','','','LANDTAX',NULL),('RULFACT547c5381:1451ae1cd9c:-75e0','paymentoption','Payment Option','rptis.landtax.facts.PaymentOptionFact',2,NULL,NULL,NULL,'','','','','',NULL,'LANDTAX',NULL),('RULFACT547c5381:1451ae1cd9c:-7933','rptledgeritem','RPT Ledger Item','rptis.landtax.facts.RPTLedgerItemFact',6,NULL,'RLI',NULL,'','','','','',NULL,'LANDTAX',NULL),('RULFACT547c5381:1451ae1cd9c:-798f','rptledger','RPT Ledger','rptis.landtax.facts.RPTLedgerFact',5,NULL,'RL',0,'','','','','',NULL,'LANDTAX',NULL),('RULFACT59614e16:14c5e56ecc8:-7fd1','MiscItem','Miscellaneous Item','rptis.misc.facts.MiscItem',1,NULL,'MI',NULL,NULL,NULL,NULL,NULL,NULL,NULL,'RPT',NULL),('RULFACT5b4ac915:147baaa06b4:-7146','classification','Classification','rptis.facts.Classification',45,NULL,'PC',NULL,NULL,NULL,NULL,NULL,NULL,NULL,'RPT',NULL),('RULFACT64302071:14232ed987c:-7f4e','payoption','Pay Option','bpls.facts.PayOption',0,NULL,NULL,NULL,NULL,NULL,NULL,NULL,NULL,NULL,'RPT',NULL),('RULFACT6b62feef:14c53ac1f59:-7f69','PlantTreeDetail','Plant/Tree Appraisal','rptis.planttree.facts.PlantTreeDetail',1,NULL,'PTD',NULL,NULL,NULL,NULL,NULL,NULL,NULL,'RPT',NULL),('RULFACT6d66cc31:1446cc9522e:-7ee1','RPTTxnInfoFact','RPTTxnInfoFact','RPTTxnInfoFact',0,NULL,NULL,NULL,NULL,NULL,NULL,NULL,NULL,NULL,'RPT',NULL),('treasury.facts.BillItem','treasury.facts.BillItem','Bill Item','treasury.facts.BillItem',1,NULL,'BILLITEM',NULL,NULL,NULL,NULL,NULL,NULL,NULL,'TREASURY','treasury.facts.AbstractBillItem'),('treasury.facts.CollectionGroup','treasury.facts.CollectionGroup','Collection Group','treasury.facts.CollectionGroup',0,NULL,'CG',NULL,NULL,NULL,NULL,NULL,NULL,NULL,'TREASURY',NULL),('treasury.facts.CollectionType','treasury.facts.CollectionType','Collection Type','treasury.facts.CollectionType',0,NULL,'CT',NULL,NULL,NULL,NULL,NULL,NULL,NULL,'TREASURY',NULL),('treasury.facts.DueDate','treasury.facts.DueDate','Due Date','treasury.facts.DueDate',1,NULL,NULL,NULL,NULL,NULL,NULL,NULL,NULL,NULL,'TREASURY',NULL),('treasury.facts.LGUBarangay','treasury.facts.LGUBarangay','LGU Barangay','treasury.facts.LGUBarangay',100,NULL,'BRGY',NULL,NULL,NULL,NULL,NULL,NULL,NULL,'TREASURY','enterprise.facts.Org'),('treasury.facts.LGUMunicipality','treasury.facts.LGUMunicipality','LGU Municipality','treasury.facts.LGUMunicipality',100,NULL,'MUNI',NULL,NULL,NULL,NULL,NULL,NULL,NULL,'TREASURY','enterprise.facts.Org'),('treasury.facts.LGUProvince','treasury.facts.LGUProvince','LGU Province','treasury.facts.LGUProvince',100,NULL,'PROV',NULL,NULL,NULL,NULL,NULL,NULL,NULL,'TREASURY','enterprise.facts.Org'),('treasury.facts.RevenueShare','treasury.facts.RevenueShare','Revenue Share','treasury.facts.RevenueShare',1,NULL,'RS',NULL,NULL,NULL,NULL,NULL,NULL,NULL,'TREASURY',NULL);
/*!40000 ALTER TABLE `sys_rule_fact` ENABLE KEYS */;
UNLOCK TABLES;

--
-- Dumping data for table `sys_rule_fact_field`
--

LOCK TABLES `sys_rule_fact_field` WRITE;
/*!40000 ALTER TABLE `sys_rule_fact_field` DISABLE KEYS */;
INSERT INTO `sys_rule_fact_field` VALUES ('com.rameses.rules.common.CurrentDate.date','com.rameses.rules.common.CurrentDate','date','Date','date',4,'date',NULL,NULL,NULL,NULL,NULL,NULL,'date',NULL),('com.rameses.rules.common.CurrentDate.day','com.rameses.rules.common.CurrentDate','day','Day','integer',5,'integer',NULL,NULL,NULL,NULL,NULL,NULL,'integer',NULL),('com.rameses.rules.common.CurrentDate.month','com.rameses.rules.common.CurrentDate','month','Month','integer',3,'integer',NULL,NULL,NULL,NULL,NULL,NULL,'integer',NULL),('com.rameses.rules.common.CurrentDate.qtr','com.rameses.rules.common.CurrentDate','qtr','Qtr','integer',1,'integer',NULL,NULL,NULL,NULL,NULL,NULL,'integer',NULL),('com.rameses.rules.common.CurrentDate.year','com.rameses.rules.common.CurrentDate','year','Year','integer',2,'integer',NULL,NULL,NULL,NULL,NULL,NULL,'integer',NULL),('CurrentDate.day','CurrentDate','day','Day','integer',4,'integer','','','','',NULL,NULL,'integer',''),('CurrentDate.month','CurrentDate','month','Month','integer',3,'integer','','','','',NULL,NULL,'integer',''),('CurrentDate.qtr','CurrentDate','qtr','Quarter','integer',2,'integer','','','','',NULL,NULL,'integer',''),('CurrentDate.year','CurrentDate','year','Year','integer',1,'integer','','','','',NULL,NULL,'integer',''),('enterprise.facts.DateInfo.day','enterprise.facts.DateInfo','day','Day','integer',4,'integer',NULL,NULL,NULL,NULL,NULL,NULL,'integer',NULL),('enterprise.facts.DateInfo.month','enterprise.facts.DateInfo','month','Month','integer',3,'integer',NULL,NULL,NULL,NULL,NULL,NULL,'integer',NULL),('enterprise.facts.DateInfo.name','enterprise.facts.DateInfo','name','Name','string',5,'lookup','variableinfo_date:lookup','name','name',NULL,NULL,1,'string',NULL),('enterprise.facts.DateInfo.qtr','enterprise.facts.DateInfo','qtr','Qtr','integer',1,'integer',NULL,NULL,NULL,NULL,NULL,NULL,'integer',NULL),('enterprise.facts.DateInfo.value','enterprise.facts.DateInfo','value','Date','date',6,'date',NULL,NULL,NULL,NULL,NULL,1,'date',NULL),('enterprise.facts.DateInfo.year','enterprise.facts.DateInfo','year','Year','integer',2,'integer',NULL,NULL,NULL,NULL,NULL,NULL,'integer',NULL),('enterprise.facts.Org.orgid','enterprise.facts.Org','orgid','Org ID','string',1,'lookup','org:lookup','objid','title',NULL,NULL,NULL,'string',NULL),('FACTFLD-1306e459:14a228fb9ab:-233','RULFACT547c5381:1451ae1cd9c:-7933','qtrlypaymentavailed','Is Quarterly Payment?','boolean',12,'boolean',NULL,NULL,NULL,NULL,NULL,NULL,'boolean',NULL),('FACTFLD-1306e459:14a228fb9ab:-37e','RULFACT547c5381:1451ae1cd9c:-7933','fullypaid','Is Fully Paid?','boolean',11,'boolean',NULL,NULL,NULL,NULL,NULL,NULL,'boolean',NULL),('FACTFLD-1be9605b:1561ac64a9e:-7ce0','RULFACT-2486b0ca:146fff66c3e:-711c','depreciate','Depreciate?','boolean',6,'boolean',NULL,NULL,NULL,NULL,NULL,NULL,'boolean',NULL),('FACTFLD-1be9605b:1561ac64a9e:-7d39','RULFACT-2486b0ca:146fff66c3e:-7b6a','adjfordepreciation','Adjustment for Depreciation','decimal',15,'decimal',NULL,NULL,NULL,NULL,NULL,NULL,'decimal',NULL),('FACTFLD-20603cf4:146f0c708c1:-7a25','RULFACT357018a9:1452a5dcbf7:-793b','lguid','LGU','string',4,'lookup','municipality:lookup','objid','name',NULL,NULL,NULL,'string',NULL),('FACTFLD-23b1baca:15620373769:-7c10','RULFACT-39192c48:1471ebc2797:-7faf','exemptedmarketvalue','Exempted Market Value','decimal',3,'decimal',NULL,NULL,NULL,NULL,NULL,NULL,'decimal',NULL),('FACTFLD-2486b0ca:146fff66c3e:-5751','RULFACT-2486b0ca:146fff66c3e:-57b0','value','Value','decimal',3,'decimal',NULL,NULL,NULL,NULL,NULL,NULL,'decimal',NULL),('FACTFLD-2486b0ca:146fff66c3e:-5ee6','RULFACT3e2b89cb:146ff734573:-7fcb','fixrate','Fix Rate Assess Level?','boolean',26,'boolean',NULL,NULL,NULL,NULL,NULL,NULL,'boolean',NULL),('FACTFLD-2486b0ca:146fff66c3e:-70e6','RULFACT-2486b0ca:146fff66c3e:-711c','amount','Amount','decimal',5,'decimal',NULL,NULL,NULL,NULL,NULL,NULL,'decimal',NULL),('FACTFLD-2486b0ca:146fff66c3e:-70f0','RULFACT-2486b0ca:146fff66c3e:-711c','adjtype','Adjustment Type','string',4,'lov',NULL,NULL,NULL,NULL,NULL,NULL,'string','RPT_BLDG_ADJUSTMENT_TYPES'),('FACTFLD-2486b0ca:146fff66c3e:-7104','RULFACT-2486b0ca:146fff66c3e:-711c','bldgfloor','Building Floor','string',2,'var',NULL,NULL,NULL,NULL,NULL,1,'rptis.bldg.facts.BldgFloor',NULL),('FACTFLD-2486b0ca:146fff66c3e:-78af','RULFACT-2486b0ca:146fff66c3e:-7b6a','fixrate','Fix Rate Assess Level?','boolean',11,'boolean',NULL,NULL,NULL,NULL,NULL,NULL,'boolean',NULL),('FACTFLD-2486b0ca:146fff66c3e:-7a4a','RULFACT-2486b0ca:146fff66c3e:-7ad1','storeyrate','Storey Adjustment','decimal',9,'decimal',NULL,NULL,NULL,NULL,NULL,NULL,'decimal',NULL),('FACTFLD-2486b0ca:146fff66c3e:-7a55','RULFACT-2486b0ca:146fff66c3e:-7ad1','marketvalue','Market Value','decimal',8,'decimal',NULL,NULL,NULL,NULL,NULL,NULL,'decimal',NULL),('FACTFLD-2486b0ca:146fff66c3e:-7a60','RULFACT-2486b0ca:146fff66c3e:-7ad1','adjustment','Adjustment','decimal',7,'decimal',NULL,NULL,NULL,NULL,NULL,NULL,'decimal',NULL),('FACTFLD-2486b0ca:146fff66c3e:-7a6b','RULFACT-2486b0ca:146fff66c3e:-7ad1','basemarketvalue','Base Market Value','decimal',6,'decimal',NULL,NULL,NULL,NULL,NULL,NULL,'decimal',NULL),('FACTFLD-2486b0ca:146fff66c3e:-7a76','RULFACT-2486b0ca:146fff66c3e:-7ad1','unitvalue','Unit Value','decimal',5,'decimal',NULL,NULL,NULL,NULL,NULL,NULL,'decimal',NULL),('FACTFLD-2486b0ca:146fff66c3e:-7a81','RULFACT-2486b0ca:146fff66c3e:-7ad1','basevalue','Base Value','decimal',4,'decimal',NULL,NULL,NULL,NULL,NULL,NULL,'decimal',NULL),('FACTFLD-2486b0ca:146fff66c3e:-7a99','RULFACT-2486b0ca:146fff66c3e:-7ad1','area','Area','decimal',3,'decimal',NULL,NULL,NULL,NULL,NULL,NULL,'decimal',NULL),('FACTFLD-2486b0ca:146fff66c3e:-7aa6','RULFACT-2486b0ca:146fff66c3e:-7ad1','bldguse','Building Actual Use','string',2,'var',NULL,NULL,NULL,NULL,NULL,NULL,'rptis.bldg.facts.BldgUse',NULL),('FACTFLD-2486b0ca:146fff66c3e:-7b08','RULFACT-2486b0ca:146fff66c3e:-7b6a','assessedvalue','Assess Value','decimal',10,'decimal',NULL,NULL,NULL,NULL,NULL,NULL,'decimal',NULL),('FACTFLD-2486b0ca:146fff66c3e:-7b11','RULFACT-2486b0ca:146fff66c3e:-7b6a','assesslevel','Assess Level','decimal',9,'decimal',NULL,NULL,NULL,NULL,NULL,NULL,'decimal',NULL),('FACTFLD-2486b0ca:146fff66c3e:-7b1a','RULFACT-2486b0ca:146fff66c3e:-7b6a','marketvalue','Market Value','decimal',8,'decimal',NULL,NULL,NULL,NULL,NULL,NULL,'decimal',NULL),('FACTFLD-2486b0ca:146fff66c3e:-7b23','RULFACT-2486b0ca:146fff66c3e:-7b6a','adjustment','Adjustment','decimal',7,'decimal',NULL,NULL,NULL,NULL,NULL,NULL,'decimal',NULL),('FACTFLD-2486b0ca:146fff66c3e:-7b2c','RULFACT-2486b0ca:146fff66c3e:-7b6a','depreciationvalue','Depreciation Value','decimal',6,'decimal',NULL,NULL,NULL,NULL,NULL,NULL,'decimal',NULL),('FACTFLD-2486b0ca:146fff66c3e:-7b35','RULFACT-2486b0ca:146fff66c3e:-7b6a','basemarketvalue','Base Market Value','decimal',5,'decimal',NULL,NULL,NULL,NULL,NULL,NULL,'decimal',NULL),('FACTFLD-2486b0ca:146fff66c3e:-7b3e','RULFACT-2486b0ca:146fff66c3e:-7b6a','area','Area','decimal',4,'decimal',NULL,NULL,NULL,NULL,NULL,NULL,'decimal',NULL),('FACTFLD-2486b0ca:146fff66c3e:-7b47','RULFACT-2486b0ca:146fff66c3e:-7b6a','basevalue','Base Value','decimal',3,'decimal',NULL,NULL,NULL,NULL,NULL,NULL,'decimal',NULL),('FACTFLD-2486b0ca:146fff66c3e:-7b50','RULFACT-2486b0ca:146fff66c3e:-7b6a','bldgstructure','Building Structure','string',2,'var',NULL,NULL,NULL,NULL,NULL,NULL,'rptis.bldg.facts.BldgStructure',NULL),('FACTFLD-2486b0ca:146fff66c3e:-7db5','RULFACT-2486b0ca:146fff66c3e:-7e0e','unitvalue','Unit Value','decimal',6,'decimal',NULL,NULL,NULL,NULL,NULL,NULL,'decimal',NULL),('FACTFLD-2486b0ca:146fff66c3e:-7dbe','RULFACT-2486b0ca:146fff66c3e:-7e0e','basevalue','Base Value','decimal',5,'decimal',NULL,NULL,NULL,NULL,NULL,NULL,'decimal',NULL),('FACTFLD-2486b0ca:146fff66c3e:-7dc7','RULFACT-2486b0ca:146fff66c3e:-7e0e','totalfloorarea','Total Floor Area','decimal',4,'decimal',NULL,NULL,NULL,NULL,NULL,NULL,'decimal',NULL),('FACTFLD-2486b0ca:146fff66c3e:-7dd0','RULFACT-2486b0ca:146fff66c3e:-7e0e','basefloorarea','Base Floor Area','decimal',3,'decimal',NULL,NULL,NULL,NULL,NULL,NULL,'decimal',NULL),('FACTFLD-2486b0ca:146fff66c3e:-7dd9','RULFACT-2486b0ca:146fff66c3e:-7e0e','floorcount','Floor Count','integer',2,'integer',NULL,NULL,NULL,NULL,NULL,NULL,'integer',NULL),('FACTFLD-2486b0ca:146fff66c3e:-7dea','RULFACT-2486b0ca:146fff66c3e:-7e0e','rpu','Building Real Property','string',1,'var',NULL,NULL,NULL,NULL,NULL,0,'rptis.bldg.facts.BldgRPU',NULL),('FACTFLD-28dc975:156bcab666c:-6789','RULFACT3afe51b9:146f7088d9c:-7eb6','objid','objid','string',1,'string',NULL,NULL,NULL,NULL,NULL,NULL,'string',NULL),('FACTFLD-319efa0:1452018b4cc:-7e00','RULFACT547c5381:1451ae1cd9c:-7933','netsef','Net SEF Amount','decimal',28,'decimal','','','','',NULL,NULL,'decimal',''),('FACTFLD-319efa0:1452018b4cc:-7e53','RULFACT547c5381:1451ae1cd9c:-7933','netbasic','Net Basic Amount','decimal',24,'decimal','','','','',NULL,NULL,'decimal',''),('FACTFLD-345b6aee:15625b107e8:-2d2d','RULFACT1e772168:14c5a447e35:-7fd5','taxable','Taxable','boolean',5,'boolean',NULL,NULL,NULL,NULL,NULL,NULL,'boolean',NULL),('FACTFLD-39192c48:1471ebc2797:-7f3a','RULFACT-39192c48:1471ebc2797:-7faf','assessedvalue','Assessed Value','decimal',5,'decimal',NULL,NULL,NULL,NULL,NULL,NULL,'decimal',NULL),('FACTFLD-39192c48:1471ebc2797:-7f51','RULFACT-39192c48:1471ebc2797:-7faf','assesslevel','Assess Level','decimal',4,'decimal',NULL,NULL,NULL,NULL,NULL,NULL,'decimal',NULL),('FACTFLD-39192c48:1471ebc2797:-7f7e','RULFACT-39192c48:1471ebc2797:-7faf','marketvalue','Market Value','decimal',2,'decimal',NULL,NULL,NULL,NULL,NULL,NULL,'decimal',NULL),('FACTFLD-39192c48:1471ebc2797:-7f95','RULFACT-39192c48:1471ebc2797:-7faf','actualuseid','Actual Use','string',1,'var',NULL,NULL,NULL,NULL,NULL,1,'string',NULL),('FACTFLD-3ff2d28f:1508dea0692:-769e','RULFACT1b4af871:14e3cc46e09:-34c1','objid','Objid','string',1,'string',NULL,NULL,NULL,NULL,NULL,NULL,'string',NULL),('FACTFLD-46fca07e:14c545f3e6a:-79a6','RULFACT3afe51b9:146f7088d9c:-7db1','area','Area','decimal',2,'decimal',NULL,NULL,NULL,NULL,NULL,NULL,'decimal',NULL),('FACTFLD-495d2a02:146f0b98c4d:-7d21','RULFACT547c5381:1451ae1cd9c:-798f','lguid','LGU','string',5,'lookup','municipality:lookup','objid','name',NULL,NULL,NULL,'string',NULL),('FACTFLD-569e4b29:1452054ad68:-5e97','RULFACT547c5381:1451ae1cd9c:-7933','firecode','Fire Code','decimal',29,'decimal','','','','',NULL,NULL,'decimal',''),('FACTFLD-569e4b29:1452054ad68:-7a02','RULFACT547c5381:1451ae1cd9c:-798f','rputype','Property Type','string',7,'lov','','','','',NULL,NULL,'string','RPT_RPUTYPES'),('FACTFLD-590a6da0:14625d73c19:-4c60','RULFACT1be07afa:1452a9809e9:-731e','revperiod','Period','string',3,'lov',NULL,NULL,NULL,NULL,NULL,0,'string','RPT_REVENUE_PERIODS'),('FACTFLD-5e76cf73:14d69e9c549:-7ec9','RULFACT-5e76cf73:14d69e9c549:-7f07','type','Adjustment Type','string',4,'lov',NULL,NULL,NULL,NULL,NULL,NULL,'string','RPT_LAND_ADJUSTMENT_TYPES'),('FACTFLD-5e76cf73:14d69e9c549:-7ed2','RULFACT-5e76cf73:14d69e9c549:-7f07','adjustment','Adjustment','decimal',3,'decimal',NULL,NULL,NULL,NULL,NULL,NULL,'decimal',NULL),('FACTFLD-5e76cf73:14d69e9c549:-7ee3','RULFACT-5e76cf73:14d69e9c549:-7f07','landdetail','Land Detail','string',2,'var',NULL,NULL,NULL,NULL,NULL,NULL,'rptis.land.facts.LandDetail',NULL),('FACTFLD-5e76cf73:14d69e9c549:-7eec','RULFACT-5e76cf73:14d69e9c549:-7f07','rpu','RPU','string',1,'var',NULL,NULL,NULL,NULL,NULL,NULL,'rptis.facts.RPU',NULL),('FACTFLD-66ddf216:14f92338db7:-797f','RULFACT-2486b0ca:146fff66c3e:-7b6a','useswornamount','Use Sworn Amount?','boolean',14,'boolean',NULL,NULL,NULL,NULL,NULL,NULL,'boolean',NULL),('FACTFLD-66ddf216:14f92338db7:-798a','RULFACT-2486b0ca:146fff66c3e:-7b6a','swornamount','Sworn Amount','decimal',13,'decimal',NULL,NULL,NULL,NULL,NULL,NULL,'decimal',NULL),('FACTFLD-6a85cd56:149c62a67fd:-7890','RULFACT547c5381:1451ae1cd9c:-7933','basicidleint','Basic Idle Land Interest','decimal',23,'decimal',NULL,NULL,NULL,NULL,NULL,NULL,'decimal',NULL),('FACTFLD-6a85cd56:149c62a67fd:-7913','RULFACT547c5381:1451ae1cd9c:-7933','basicidledisc','Basic Idle Land Discount','decimal',22,'decimal',NULL,NULL,NULL,NULL,NULL,NULL,'decimal',NULL),('FACTFLD-6c4ec747:154bd626092:-5677','RULFACT1e772168:14c5a447e35:-7f78','useswornamount','Is Sworn Amount?','boolean',8,'boolean',NULL,NULL,NULL,NULL,NULL,NULL,'boolean',NULL),('FACTFLD-6c4ec747:154bd626092:-5693','RULFACT1e772168:14c5a447e35:-7f78','swornamount','Sworn Amount','decimal',9,'decimal',NULL,NULL,NULL,NULL,NULL,NULL,'decimal',NULL),('FACTFLD-72207dec:149d03afd0b:-6902','RULFACT547c5381:1451ae1cd9c:-7933','taxdifference','Is Tax Difference?','boolean',13,'boolean',NULL,NULL,NULL,NULL,NULL,NULL,'boolean',NULL),('FACTFLD-7530836f:1508909e112:-7693','RULFACT-2486b0ca:146fff66c3e:-7ad1','objid','Objid','string',1,'string',NULL,NULL,NULL,NULL,NULL,NULL,'string',NULL),('FACTFLD-79a9a347:15cfcae84de:-3914','RULFACT-79a9a347:15cfcae84de:-3956','value','Value','decimal',3,'decimal',NULL,NULL,NULL,NULL,NULL,NULL,'decimal',NULL),('FACTFLD-79a9a347:15cfcae84de:-3925','RULFACT-79a9a347:15cfcae84de:-3956','varid','Variable Name','string',2,'lookup','rptparameter:lookup','objid','name',NULL,NULL,NULL,'string',NULL),('FACTFLD-79a9a347:15cfcae84de:-3937','RULFACT-79a9a347:15cfcae84de:-3956','bldguse','Building Actual Use','string',1,'var',NULL,NULL,NULL,NULL,NULL,NULL,'rptis.bldg.facts.BldgUse',NULL),('FACTFLD-79a9a347:15cfcae84de:-754','RULFACT1e772168:14c5a447e35:-7f78','assesslevel','Assess Level','decimal',5,'decimal',NULL,NULL,NULL,NULL,NULL,NULL,'decimal',NULL),('FACTFLD-a35dd35:14e51ec3311:-608a','RULFACT1b4af871:14e3cc46e09:-36aa','swornamount','Sworn Amount','decimal',5,'decimal',NULL,NULL,NULL,NULL,NULL,NULL,'decimal',NULL),('FACTFLD-a35dd35:14e51ec3311:-6104','RULFACT1b4af871:14e3cc46e09:-36aa','useswornamount','Use Sworn Amount?','boolean',4,'boolean',NULL,NULL,NULL,NULL,NULL,NULL,'boolean',NULL),('FACTFLD102ab3e1:147190e9fe4:-56af','RULFACT-2486b0ca:146fff66c3e:-57b0','bldguse','Building Actual Use','string',1,'var',NULL,NULL,NULL,NULL,NULL,NULL,'rptis.bldg.facts.BldgUse',NULL),('FACTFLD102ab3e1:147190e9fe4:-66be','RULFACT-2486b0ca:146fff66c3e:-711c','bldguse','Building Actual Use','string',1,'var',NULL,NULL,NULL,NULL,NULL,NULL,'rptis.bldg.facts.BldgUse',NULL),('FACTFLD1441128c:1471efa4c1c:-6de2','RULFACT-2486b0ca:146fff66c3e:-7b6a','actualuseid','Actual Use','string',12,'var',NULL,NULL,NULL,NULL,NULL,NULL,'string',NULL),('FACTFLD1441128c:1471efa4c1c:-75ab','RULFACT-2486b0ca:146fff66c3e:-57b0','varid','Variable Name','string',2,'lookup','rptparameter:lookup','objid','name',NULL,NULL,NULL,'string',NULL),('FACTFLD16890479:155dcd2ec4e:-7dd1','RULFACT1e772168:14c5a447e35:-7f78','taxable','Is Taxable','boolean',7,'boolean',NULL,NULL,NULL,NULL,NULL,NULL,'boolean',NULL),('FACTFLD17d6e7ce:141df4b60c2:-7c0c','RULFACT17d6e7ce:141df4b60c2:-7c21','assessedvalue','Assessed Value','decimal',2,'decimal','','','','',NULL,NULL,'decimal',''),('FACTFLD17d6e7ce:141df4b60c2:-7c13','RULFACT17d6e7ce:141df4b60c2:-7c21','year','Year','integer',1,'integer','','','','',NULL,NULL,'integer',''),('FACTFLD1b4af871:14e3cc46e09:-3491','RULFACT1b4af871:14e3cc46e09:-34c1','value','Value','decimal',4,'decimal',NULL,NULL,NULL,NULL,NULL,NULL,'decimal',NULL),('FACTFLD1b4af871:14e3cc46e09:-34a2','RULFACT1b4af871:14e3cc46e09:-34c1','varid','Variable Name','string',3,'lookup','rptparameter:lookup','objid','name',NULL,NULL,NULL,'string',NULL),('FACTFLD1b4af871:14e3cc46e09:-34ab','RULFACT1b4af871:14e3cc46e09:-34c1','refid','Reference ID','string',2,'string',NULL,NULL,NULL,NULL,NULL,NULL,'string',NULL),('FACTFLD1b4af871:14e3cc46e09:-3642','RULFACT1b4af871:14e3cc46e09:-36aa','assessedvalue','Asessed Value','decimal',9,'decimal',NULL,NULL,NULL,NULL,NULL,NULL,'decimal',NULL),('FACTFLD1b4af871:14e3cc46e09:-364b','RULFACT1b4af871:14e3cc46e09:-36aa','assesslevel','Assess Level','decimal',8,'decimal',NULL,NULL,NULL,NULL,NULL,NULL,'decimal',NULL),('FACTFLD1b4af871:14e3cc46e09:-3654','RULFACT1b4af871:14e3cc46e09:-36aa','marketvalue','Market Value','decimal',7,'decimal',NULL,NULL,NULL,NULL,NULL,NULL,'decimal',NULL),('FACTFLD1b4af871:14e3cc46e09:-365d','RULFACT1b4af871:14e3cc46e09:-36aa','basemarketvalue','Base Market Value','decimal',6,'decimal',NULL,NULL,NULL,NULL,NULL,NULL,'decimal',NULL),('FACTFLD1b4af871:14e3cc46e09:-366e','RULFACT1b4af871:14e3cc46e09:-36aa','actualuseid','Actual Use','string',3,'lookup','propertyclassification:objid','objid','name',NULL,NULL,NULL,'string',NULL),('FACTFLD1b4af871:14e3cc46e09:-367f','RULFACT1b4af871:14e3cc46e09:-36aa','classificationid','Classification','string',2,'lookup','propertyclassification:lookup','objid','name',NULL,NULL,NULL,'string',NULL),('FACTFLD1be07afa:1452a9809e9:-332b','RULFACT357018a9:1452a5dcbf7:-793b','lgutype','LGU Type','string',1,'lov','','','','',NULL,1,'string','RPT_BILLING_LGU_TYPES'),('FACTFLD1be07afa:1452a9809e9:-3ee8','RULFACT357018a9:1452a5dcbf7:-793b','sefint','SEF Interest','decimal',11,'decimal','','','','',NULL,0,'decimal',''),('FACTFLD1be07afa:1452a9809e9:-3f01','RULFACT357018a9:1452a5dcbf7:-793b','sefdisc','SEF Discount','decimal',10,'decimal','','','','',NULL,0,'decimal',''),('FACTFLD1be07afa:1452a9809e9:-3f1a','RULFACT357018a9:1452a5dcbf7:-793b','sef','SEF','decimal',9,'decimal','','','','',NULL,0,'decimal',''),('FACTFLD1be07afa:1452a9809e9:-3f33','RULFACT357018a9:1452a5dcbf7:-793b','basicint','Basic Interest','decimal',8,'decimal','','','','',NULL,0,'decimal',''),('FACTFLD1be07afa:1452a9809e9:-3f4c','RULFACT357018a9:1452a5dcbf7:-793b','basicdisc','Basic Discount','decimal',7,'decimal','','','','',NULL,0,'decimal',''),('FACTFLD1be07afa:1452a9809e9:-3f65','RULFACT357018a9:1452a5dcbf7:-793b','basic','Basic','decimal',6,'decimal','','','','',NULL,0,'decimal',''),('FACTFLD1be07afa:1452a9809e9:-45b2','RULFACT357018a9:1452a5dcbf7:-793b','revperiod','Revenue Period','string',3,'lov','','','','',NULL,1,'string','RPT_REVENUE_PERIODS'),('FACTFLD1be07afa:1452a9809e9:-5718','RULFACT1be07afa:1452a9809e9:-731e','objid','Variable Name','string',1,'lookup','rptparameter:lookup','name','name','',NULL,0,'string',''),('FACTFLD1be07afa:1452a9809e9:-608c','RULFACT357018a9:1452a5dcbf7:-793b','barangay','Barangay','string',5,'lookup','barangay:lookup','objid','name','',NULL,NULL,'string',''),('FACTFLD1be07afa:1452a9809e9:-72c3','RULFACT1be07afa:1452a9809e9:-731e','sefint','SEF Interest','decimal',9,'decimal','','','','',NULL,0,'decimal',''),('FACTFLD1be07afa:1452a9809e9:-72cc','RULFACT1be07afa:1452a9809e9:-731e','sefdisc','SEF Discount','decimal',8,'decimal','','','','',NULL,0,'decimal',''),('FACTFLD1be07afa:1452a9809e9:-72d5','RULFACT1be07afa:1452a9809e9:-731e','sef','SEF','decimal',7,'decimal','','','','',NULL,0,'decimal',''),('FACTFLD1be07afa:1452a9809e9:-72e6','RULFACT1be07afa:1452a9809e9:-731e','basicint','Basic Interest','decimal',6,'decimal','','','','',NULL,0,'decimal',''),('FACTFLD1be07afa:1452a9809e9:-72ef','RULFACT1be07afa:1452a9809e9:-731e','basicdisc','Basic Discount','decimal',5,'decimal','','','','',NULL,0,'decimal',''),('FACTFLD1be07afa:1452a9809e9:-72f8','RULFACT1be07afa:1452a9809e9:-731e','basic','Basic','decimal',4,'decimal','','','','',NULL,0,'decimal',''),('FACTFLD1be07afa:1452a9809e9:-730a','RULFACT1be07afa:1452a9809e9:-731e','rptledger','RPT Ledger','string',2,'var','','','','',NULL,NULL,'rptis.landtax.facts.RPTLedgerFact',''),('FACTFLD1cb5fe2e:14cdb1a6034:-4308','RULFACT-2486b0ca:146fff66c3e:-711c','additionalitemcode','Adjustment Code','string',3,'string','bldgadditionalitem:lookup','objid','name',NULL,NULL,0,'string',NULL),('FACTFLD1e772168:14c5a447e35:-662f','RULFACT1e772168:14c5a447e35:-7f78','depreciationvalue','Depreciation Value','decimal',3,'decimal',NULL,NULL,NULL,NULL,NULL,NULL,'decimal',NULL),('FACTFLD1e772168:14c5a447e35:-7f47','RULFACT1e772168:14c5a447e35:-7f78','assessedvalue','Assessed Value','decimal',6,'decimal',NULL,NULL,NULL,NULL,NULL,NULL,'decimal',NULL),('FACTFLD1e772168:14c5a447e35:-7f50','RULFACT1e772168:14c5a447e35:-7f78','marketvalue','Market Value','decimal',4,'decimal',NULL,NULL,NULL,NULL,NULL,NULL,'decimal',NULL),('FACTFLD1e772168:14c5a447e35:-7f59','RULFACT1e772168:14c5a447e35:-7f78','basemarketvalue','Base Market Value','decimal',2,'decimal',NULL,NULL,NULL,NULL,NULL,NULL,'decimal',NULL),('FACTFLD1e772168:14c5a447e35:-7f62','RULFACT1e772168:14c5a447e35:-7f78','machuse','Machine Actual Use','string',1,'var',NULL,NULL,NULL,NULL,NULL,NULL,'rptis.mach.facts.MachineActualUse',NULL),('FACTFLD1e772168:14c5a447e35:-7f98','RULFACT1e772168:14c5a447e35:-7fd5','assessedvalue','Assessed Value','decimal',4,'decimal',NULL,NULL,NULL,NULL,NULL,NULL,'decimal',NULL),('FACTFLD1e772168:14c5a447e35:-7fa3','RULFACT1e772168:14c5a447e35:-7fd5','marketvalue','Market Value','decimal',3,'decimal',NULL,NULL,NULL,NULL,NULL,NULL,'decimal',NULL),('FACTFLD1e772168:14c5a447e35:-7fae','RULFACT1e772168:14c5a447e35:-7fd5','basemarketvalue','Base Market Value','decimal',2,'decimal',NULL,NULL,NULL,NULL,NULL,NULL,'decimal',NULL),('FACTFLD1e772168:14c5a447e35:-7fc1','RULFACT1e772168:14c5a447e35:-7fd5','actualuseid','Actual Use','string',1,'lookup','propertyclassification:lookup','objid','name',NULL,NULL,NULL,'string',NULL),('FACTFLD20ce1acc:141e456ed68:-7f35','RULFACT20ce1acc:141e456ed68:-7f43','month','Month','integer',2,'integer',NULL,NULL,NULL,NULL,NULL,NULL,'integer',NULL),('FACTFLD20ce1acc:141e456ed68:-7f3c','RULFACT20ce1acc:141e456ed68:-7f43','qtr','Qtr','integer',1,'integer',NULL,NULL,NULL,NULL,NULL,NULL,'integer',NULL),('FACTFLD2701c487:141e346f838:-7f2e','RULFACT17d6e7ce:141df4b60c2:-7c21','rptledger','RPT Ledger','string',3,'var','','','','',NULL,NULL,'rptis.landtax.facts.RPTLedgerFact',''),('FACTFLD27c10060:1481e95fd06:-7eb5','RULFACT2e8bac67:1422b41d3b3:-7f64','date','Date','date',4,'date',NULL,NULL,NULL,NULL,NULL,NULL,'date',NULL),('FACTFLD29e16c33:156249fdf8e:-6e66','RULFACT-39192c48:1471ebc2797:-7faf','taxable','Taxable','boolean',6,'boolean',NULL,NULL,NULL,NULL,NULL,NULL,'boolean',NULL),('FACTFLD2e8bac67:1422b41d3b3:-7f30','RULFACT2e8bac67:1422b41d3b3:-7f64','month','Month','integer',3,'integer',NULL,NULL,NULL,NULL,NULL,NULL,'integer',NULL),('FACTFLD2e8bac67:1422b41d3b3:-7f4a','RULFACT2e8bac67:1422b41d3b3:-7f64','year','Year','integer',2,'integer',NULL,NULL,NULL,NULL,NULL,NULL,'integer',NULL),('FACTFLD2e8bac67:1422b41d3b3:-7f53','RULFACT2e8bac67:1422b41d3b3:-7f64','qtr','Qtr','integer',1,'integer',NULL,NULL,NULL,NULL,NULL,NULL,'integer',NULL),('FACTFLD309df60a:1452ffc9c7f:-739f','RULFACT1be07afa:1452a9809e9:-731e','firecode','Fire Code','decimal',10,'decimal','','','','',NULL,NULL,'decimal',''),('FACTFLD357018a9:1452a5dcbf7:-7765','RULFACT357018a9:1452a5dcbf7:-793b','sharetype','Share Type','string',2,'lov','','','','',NULL,0,'string','RPT_BILLING_SHARE_TYPES'),('FACTFLD3afe51b9:146f7088d9c:-7d2b','RULFACT3afe51b9:146f7088d9c:-7db1','assessedvalue','Assessed Value','decimal',14,'decimal',NULL,NULL,NULL,NULL,NULL,NULL,'decimal',NULL),('FACTFLD3afe51b9:146f7088d9c:-7d34','RULFACT3afe51b9:146f7088d9c:-7db1','assesslevel','Assess Level','decimal',13,'decimal',NULL,NULL,NULL,NULL,NULL,NULL,'decimal',NULL),('FACTFLD3afe51b9:146f7088d9c:-7d3d','RULFACT3afe51b9:146f7088d9c:-7db1','marketvalue','Market Value','decimal',12,'decimal',NULL,NULL,NULL,NULL,NULL,NULL,'decimal',NULL),('FACTFLD3afe51b9:146f7088d9c:-7d46','RULFACT3afe51b9:146f7088d9c:-7db1','actualuseadjustment','Actual Use Adjustment','decimal',11,'decimal',NULL,NULL,NULL,NULL,NULL,NULL,'decimal',NULL),('FACTFLD3afe51b9:146f7088d9c:-7d4f','RULFACT3afe51b9:146f7088d9c:-7db1','landvalueadjustment','Land Value Adjustment','decimal',10,'decimal',NULL,NULL,NULL,NULL,NULL,NULL,'decimal',NULL),('FACTFLD3afe51b9:146f7088d9c:-7d58','RULFACT3afe51b9:146f7088d9c:-7db1','adjustment','Adjustment','decimal',9,'decimal',NULL,NULL,NULL,NULL,NULL,NULL,'decimal',NULL),('FACTFLD3afe51b9:146f7088d9c:-7d61','RULFACT3afe51b9:146f7088d9c:-7db1','basemarketvalue','Base Market Value','decimal',8,'decimal',NULL,NULL,NULL,NULL,NULL,NULL,'decimal',NULL),('FACTFLD3afe51b9:146f7088d9c:-7d6a','RULFACT3afe51b9:146f7088d9c:-7db1','taxable','Taxable','boolean',7,'boolean',NULL,NULL,NULL,NULL,NULL,NULL,'boolean',NULL),('FACTFLD3afe51b9:146f7088d9c:-7d73','RULFACT3afe51b9:146f7088d9c:-7db1','unitvalue','Unit Value','decimal',6,'decimal',NULL,NULL,NULL,NULL,NULL,NULL,'decimal',NULL),('FACTFLD3afe51b9:146f7088d9c:-7d7c','RULFACT3afe51b9:146f7088d9c:-7db1','basevalue','Base Value','decimal',5,'decimal',NULL,NULL,NULL,NULL,NULL,NULL,'decimal',NULL),('FACTFLD3afe51b9:146f7088d9c:-7d85','RULFACT3afe51b9:146f7088d9c:-7db1','areaha','Area in Hectare','decimal',4,'decimal',NULL,NULL,NULL,NULL,NULL,NULL,'decimal',NULL),('FACTFLD3afe51b9:146f7088d9c:-7d8e','RULFACT3afe51b9:146f7088d9c:-7db1','areasqm','Area in Sq. Meter','decimal',3,'decimal',NULL,NULL,NULL,NULL,NULL,NULL,'decimal',NULL),('FACTFLD3afe51b9:146f7088d9c:-7d97','RULFACT3afe51b9:146f7088d9c:-7db1','rpu','RPU','string',1,'var',NULL,NULL,NULL,NULL,NULL,NULL,'RPU',NULL),('FACTFLD3afe51b9:146f7088d9c:-7de0','RULFACT3afe51b9:146f7088d9c:-7eb6','useswornamount','Use Sworn Amount?','boolean',12,'boolean',NULL,NULL,NULL,NULL,NULL,NULL,'boolean',NULL),('FACTFLD3afe51b9:146f7088d9c:-7dfb','RULFACT3afe51b9:146f7088d9c:-7eb6','swornamount','Sworn Amount','decimal',13,'decimal',NULL,NULL,NULL,NULL,NULL,NULL,'decimal',NULL),('FACTFLD3afe51b9:146f7088d9c:-7e0d','RULFACT3afe51b9:146f7088d9c:-7eb6','totalav','Assessed Value','decimal',11,'decimal',NULL,NULL,NULL,NULL,NULL,NULL,'decimal',NULL),('FACTFLD3afe51b9:146f7088d9c:-7e16','RULFACT3afe51b9:146f7088d9c:-7eb6','totalmv','Market Value','decimal',10,'decimal',NULL,NULL,NULL,NULL,NULL,NULL,'decimal',NULL),('FACTFLD3afe51b9:146f7088d9c:-7e1f','RULFACT3afe51b9:146f7088d9c:-7eb6','totalbmv','Base Market Value','decimal',9,'decimal',NULL,NULL,NULL,NULL,NULL,NULL,'decimal',NULL),('FACTFLD3afe51b9:146f7088d9c:-7e28','RULFACT3afe51b9:146f7088d9c:-7eb6','totalareaha','Area in Hectare','decimal',8,'decimal',NULL,NULL,NULL,NULL,NULL,NULL,'decimal',NULL),('FACTFLD3afe51b9:146f7088d9c:-7e31','RULFACT3afe51b9:146f7088d9c:-7eb6','totalareasqm','Area in Sq. Meter','decimal',7,'decimal',NULL,NULL,NULL,NULL,NULL,NULL,'decimal',NULL),('FACTFLD3afe51b9:146f7088d9c:-7e3a','RULFACT3afe51b9:146f7088d9c:-7eb6','taxable','Taxable?','boolean',6,'boolean',NULL,NULL,NULL,NULL,NULL,NULL,'boolean',NULL),('FACTFLD3afe51b9:146f7088d9c:-7e4b','RULFACT3afe51b9:146f7088d9c:-7eb6','exemptiontypeid','Exemption Type','string',5,'lookup','exemptiontype:lookup','objid','name',NULL,NULL,NULL,'string',NULL),('FACTFLD3afe51b9:146f7088d9c:-7e5c','RULFACT3afe51b9:146f7088d9c:-7eb6','classificationid','Classification','string',4,'lookup','propertyclassification:lookup','objid','name',NULL,NULL,NULL,'string',NULL),('FACTFLD3afe51b9:146f7088d9c:-7e65','RULFACT3afe51b9:146f7088d9c:-7eb6','ry','Revision Year','integer',3,'integer',NULL,NULL,NULL,NULL,NULL,NULL,'integer',NULL),('FACTFLD3afe51b9:146f7088d9c:-7e92','RULFACT3afe51b9:146f7088d9c:-7eb6','rputype','Property Type','string',2,'lov',NULL,NULL,NULL,NULL,NULL,NULL,'string','RPT_RPUTYPES'),('FACTFLD3e2b89cb:146ff734573:-7e70','RULFACT3e2b89cb:146ff734573:-7fcb','bldgclass','Building Class','string',25,'lov',NULL,NULL,NULL,NULL,NULL,NULL,'string','RPT_BLDG_CLASS'),('FACTFLD3e2b89cb:146ff734573:-7e79','RULFACT3e2b89cb:146ff734573:-7fcb','condominium','Is Condominium','boolean',24,'boolean',NULL,NULL,NULL,NULL,NULL,NULL,'boolean',NULL),('FACTFLD3e2b89cb:146ff734573:-7e82','RULFACT3e2b89cb:146ff734573:-7fcb','assesslevel','Assess Level','decimal',23,'decimal',NULL,NULL,NULL,NULL,NULL,NULL,'decimal',NULL),('FACTFLD3e2b89cb:146ff734573:-7e8b','RULFACT3e2b89cb:146ff734573:-7fcb','percentcompleted','Percent Completed','integer',22,'integer',NULL,NULL,NULL,NULL,NULL,NULL,'integer',NULL),('FACTFLD3e2b89cb:146ff734573:-7e96','RULFACT3e2b89cb:146ff734573:-7fcb','totaladjustment','Total Adjustment','decimal',21,'decimal',NULL,NULL,NULL,NULL,NULL,NULL,'decimal',NULL),('FACTFLD3e2b89cb:146ff734573:-7e9f','RULFACT3e2b89cb:146ff734573:-7fcb','depreciationvalue','Deprecation Value','decimal',20,'decimal',NULL,NULL,NULL,NULL,NULL,NULL,'decimal',NULL),('FACTFLD3e2b89cb:146ff734573:-7ea8','RULFACT3e2b89cb:146ff734573:-7fcb','depreciation','Depreciation Rate','decimal',19,'decimal',NULL,NULL,NULL,NULL,NULL,NULL,'decimal',NULL),('FACTFLD3e2b89cb:146ff734573:-7eb1','RULFACT3e2b89cb:146ff734573:-7fcb','floorcount','Floor Count','integer',18,'integer',NULL,NULL,NULL,NULL,NULL,NULL,'integer',NULL),('FACTFLD3e2b89cb:146ff734573:-7eba','RULFACT3e2b89cb:146ff734573:-7fcb','effectiveage','Effective Building Age','integer',17,'integer',NULL,NULL,NULL,NULL,NULL,NULL,'integer',NULL),('FACTFLD3e2b89cb:146ff734573:-7ec3','RULFACT3e2b89cb:146ff734573:-7fcb','bldgage','Building Age','integer',16,'integer',NULL,NULL,NULL,NULL,NULL,NULL,'integer',NULL),('FACTFLD3e2b89cb:146ff734573:-7ecc','RULFACT3e2b89cb:146ff734573:-7fcb','yroccupied','Year Occupied','integer',15,'integer',NULL,NULL,NULL,NULL,NULL,NULL,'integer',NULL),('FACTFLD3e2b89cb:146ff734573:-7ed5','RULFACT3e2b89cb:146ff734573:-7fcb','yrcompleted','Year Completed','integer',14,'integer',NULL,NULL,NULL,NULL,NULL,NULL,'integer',NULL),('FACTFLD3e2b89cb:146ff734573:-7ede','RULFACT3e2b89cb:146ff734573:-7fcb','yrappraised','Year Appraised','integer',13,'integer',NULL,NULL,NULL,NULL,NULL,NULL,'integer',NULL),('FACTFLD3e2b89cb:146ff734573:-7ee7','RULFACT3e2b89cb:146ff734573:-7fcb','basevalue','Base Value','decimal',12,'decimal',NULL,NULL,NULL,NULL,NULL,NULL,'decimal',NULL),('FACTFLD3e2b89cb:146ff734573:-7ef9','RULFACT3e2b89cb:146ff734573:-7fcb','useswornamount','Use Sworn Amount?','boolean',11,'boolean',NULL,NULL,NULL,NULL,NULL,NULL,'boolean',NULL),('FACTFLD3e2b89cb:146ff734573:-7f02','RULFACT3e2b89cb:146ff734573:-7fcb','swornamount','Sworn Amount','decimal',10,'decimal',NULL,NULL,NULL,NULL,NULL,NULL,'decimal',NULL),('FACTFLD3e2b89cb:146ff734573:-7f0b','RULFACT3e2b89cb:146ff734573:-7fcb','totalav','Assess Value','decimal',9,'decimal',NULL,NULL,NULL,NULL,NULL,NULL,'decimal',NULL),('FACTFLD3e2b89cb:146ff734573:-7f14','RULFACT3e2b89cb:146ff734573:-7fcb','totalmv','Market Value','decimal',8,'decimal',NULL,NULL,NULL,NULL,NULL,NULL,'decimal',NULL),('FACTFLD3e2b89cb:146ff734573:-7f1d','RULFACT3e2b89cb:146ff734573:-7fcb','totalbmv','Base Market Value','decimal',7,'decimal',NULL,NULL,NULL,NULL,NULL,NULL,'decimal',NULL),('FACTFLD3e2b89cb:146ff734573:-7f26','RULFACT3e2b89cb:146ff734573:-7fcb','totalareasqm','Area in Sq. Meter','decimal',6,'decimal',NULL,NULL,NULL,NULL,NULL,NULL,'decimal',NULL),('FACTFLD3e2b89cb:146ff734573:-7f2f','RULFACT3e2b89cb:146ff734573:-7fcb','totalareaha','Area in Hectare','decimal',5,'decimal',NULL,NULL,NULL,NULL,NULL,NULL,'decimal',NULL),('FACTFLD3e2b89cb:146ff734573:-7f38','RULFACT3e2b89cb:146ff734573:-7fcb','taxable','Taxable?','boolean',4,'boolean',NULL,NULL,NULL,NULL,NULL,NULL,'boolean',NULL),('FACTFLD3e2b89cb:146ff734573:-7f49','RULFACT3e2b89cb:146ff734573:-7fcb','exemptiontypeid','Exemption Type','string',3,'lookup','exemptiontype:lookup','objid','name',NULL,NULL,NULL,'string',NULL),('FACTFLD3e2b89cb:146ff734573:-7f5a','RULFACT3e2b89cb:146ff734573:-7fcb','classificationid','Classification','string',2,'lookup','propertyclassification:lookup','objid','name',NULL,NULL,NULL,'string','property'),('FACTFLD3e2b89cb:146ff734573:-7f63','RULFACT3e2b89cb:146ff734573:-7fcb','ry','Revision Year','integer',1,'integer',NULL,NULL,NULL,NULL,NULL,NULL,'integer',NULL),('FACTFLD441bb08f:1436c079bff:-7fc1','RULFACT17d6e7ce:141df4b60c2:-7c21','qtrlyav','Quarterly Assessed Value','decimal',4,'decimal','','','','',NULL,NULL,'decimal',''),('FACTFLD452c2321:1535ebcc5ac:-78eb','RULFACT452c2321:1535ebcc5ac:-7918','violationcount','Violation Count','integer',2,'integer',NULL,NULL,NULL,NULL,NULL,NULL,'integer',NULL),('FACTFLD452c2321:1535ebcc5ac:-78fd','RULFACT452c2321:1535ebcc5ac:-7918','violation','Violation','string',1,'lookup','ovs_violation:lookup','objid','title',NULL,NULL,NULL,'string',NULL),('FACTFLD49a3c540:14e51feb8f6:-5a4c','RULFACT-2486b0ca:146fff66c3e:-7b6a','objid','Objid','string',1,'string',NULL,NULL,NULL,NULL,NULL,NULL,'string',NULL),('FACTFLD49a3c540:14e51feb8f6:-6cc5','RULFACT1b4af871:14e3cc46e09:-36aa','objid','RPU ID','string',1,'string',NULL,NULL,NULL,NULL,NULL,NULL,'string',NULL),('FACTFLD49ae4bad:141e3b6758c:-7b87','RULFACT49ae4bad:141e3b6758c:-7ba3','day','Day','integer',4,'integer','','','','',NULL,NULL,'integer',''),('FACTFLD49ae4bad:141e3b6758c:-7b8e','RULFACT49ae4bad:141e3b6758c:-7ba3','month','Month','integer',3,'integer','','','','',NULL,NULL,'integer',''),('FACTFLD49ae4bad:141e3b6758c:-7b95','RULFACT49ae4bad:141e3b6758c:-7ba3','qtr','Quarter','integer',2,'integer','','','','',NULL,NULL,'integer',''),('FACTFLD49ae4bad:141e3b6758c:-7b9c','RULFACT49ae4bad:141e3b6758c:-7ba3','year','Year','integer',1,'integer','','','','',NULL,NULL,'integer',''),('FACTFLD4bf973aa:1562a233196:-4e2d','RULFACT1e772168:14c5a447e35:-7f78','depreciation','Depreciation Rate','boolean',10,'boolean',NULL,NULL,NULL,NULL,NULL,NULL,'boolean',NULL),('FACTFLD547c5381:1451ae1cd9c:-75c6','RULFACT547c5381:1451ae1cd9c:-75e0','type','Type','string',1,'lov','','','','',NULL,NULL,'string','RPT_BILLING_PAYMENT_OPTIONS'),('FACTFLD547c5381:1451ae1cd9c:-7704','RULFACT547c5381:1451ae1cd9c:-798f','barangay','Barangay','string',6,'lookup','barangay:lookup','objid','name','',NULL,NULL,'string',''),('FACTFLD547c5381:1451ae1cd9c:-7774','RULFACT547c5381:1451ae1cd9c:-7933','sefdisc','SEF Discount','decimal',27,'decimal','','','','',NULL,NULL,'decimal',''),('FACTFLD547c5381:1451ae1cd9c:-777d','RULFACT547c5381:1451ae1cd9c:-7933','sefint','SEF Interest','decimal',26,'decimal','','','','',NULL,NULL,'decimal',''),('FACTFLD547c5381:1451ae1cd9c:-7786','RULFACT547c5381:1451ae1cd9c:-7933','sef','SEF','decimal',25,'decimal','','','','',NULL,NULL,'decimal',''),('FACTFLD547c5381:1451ae1cd9c:-7798','RULFACT547c5381:1451ae1cd9c:-7933','basicdisc','Basic Discount','decimal',20,'decimal','','','','',NULL,NULL,'decimal',''),('FACTFLD547c5381:1451ae1cd9c:-77a1','RULFACT547c5381:1451ae1cd9c:-7933','basicint','Basic Interest','decimal',19,'decimal','','','','',NULL,NULL,'decimal',''),('FACTFLD547c5381:1451ae1cd9c:-77aa','RULFACT547c5381:1451ae1cd9c:-7933','basic','Basic','decimal',18,'decimal','','','','',NULL,NULL,'decimal',''),('FACTFLD547c5381:1451ae1cd9c:-7867','RULFACT547c5381:1451ae1cd9c:-7933','reclassed','Is Reclassed?','boolean',9,'boolean','','','','',NULL,NULL,'boolean',''),('FACTFLD547c5381:1451ae1cd9c:-7870','RULFACT547c5381:1451ae1cd9c:-7933','revperiod','Revenue Period','string',17,'lov','','','','',NULL,NULL,'string','RPT_REVENUE_PERIODS'),('FACTFLD547c5381:1451ae1cd9c:-789d','RULFACT547c5381:1451ae1cd9c:-7933','backtax','Is Back Tax?','boolean',16,'boolean','','','','',NULL,NULL,'boolean',''),('FACTFLD547c5381:1451ae1cd9c:-78a6','RULFACT547c5381:1451ae1cd9c:-7933','numberofmonthsfromjan','Number of Months from January','integer',15,'integer','','','','',NULL,NULL,'integer',''),('FACTFLD547c5381:1451ae1cd9c:-78af','RULFACT547c5381:1451ae1cd9c:-7933','numberofmonthsfromqtr','Number of Months From Quarter','integer',14,'integer','','','','',NULL,NULL,'integer',''),('FACTFLD547c5381:1451ae1cd9c:-78e0','RULFACT547c5381:1451ae1cd9c:-7933','actualuse','Actual Use','string',8,'lookup','propertyclassification:lookup','objid','title','',NULL,NULL,'string',''),('FACTFLD547c5381:1451ae1cd9c:-78e9','RULFACT547c5381:1451ae1cd9c:-7933','classification','Classification','string',7,'lookup','propertyclassification:lookup','objid','name','',0,NULL,'string',''),('FACTFLD547c5381:1451ae1cd9c:-78f2','RULFACT547c5381:1451ae1cd9c:-7933','txntype','Txn Type','string',6,'lov','','','','',NULL,NULL,'string','RPT_TXN_TYPES'),('FACTFLD547c5381:1451ae1cd9c:-78fb','RULFACT547c5381:1451ae1cd9c:-7933','av','Assessed Value','decimal',5,'decimal','','','','',NULL,NULL,'decimal',''),('FACTFLD547c5381:1451ae1cd9c:-7904','RULFACT547c5381:1451ae1cd9c:-7933','originalav','Original AV','decimal',4,'decimal','','','','',NULL,NULL,'decimal',''),('FACTFLD547c5381:1451ae1cd9c:-790d','RULFACT547c5381:1451ae1cd9c:-7933','qtr','Qtr','integer',3,'integer','','','','',NULL,NULL,'integer',''),('FACTFLD547c5381:1451ae1cd9c:-7916','RULFACT547c5381:1451ae1cd9c:-7933','year','Year','integer',2,'integer','','','','',NULL,NULL,'integer',''),('FACTFLD547c5381:1451ae1cd9c:-791f','RULFACT547c5381:1451ae1cd9c:-7933','rptledger','RPT Ledger','string',1,'var','','','','',NULL,0,'rptis.landtax.facts.RPTLedgerFact',''),('FACTFLD547c5381:1451ae1cd9c:-795c','RULFACT547c5381:1451ae1cd9c:-798f','qtrlypaymentpaidontime','Quarterly Payment is Paid On-Time','boolean',4,'boolean','','','','',NULL,NULL,'boolean',''),('FACTFLD547c5381:1451ae1cd9c:-7965','RULFACT547c5381:1451ae1cd9c:-798f','firstqtrpaidontime','1st Qtr is Paid On-Time','boolean',3,'boolean','','','','',NULL,NULL,'boolean',''),('FACTFLD547c5381:1451ae1cd9c:-7970','RULFACT547c5381:1451ae1cd9c:-798f','lastqtrpaid','Last Qtr Paid','integer',2,'integer','','','','',NULL,NULL,'integer',''),('FACTFLD547c5381:1451ae1cd9c:-797b','RULFACT547c5381:1451ae1cd9c:-798f','lastyearpaid','Last Year Paid','integer',1,'integer','','','','',NULL,NULL,'integer',''),('FACTFLD59614e16:14c5e56ecc8:-7ea9','RULFACT59614e16:14c5e56ecc8:-7fd1','depreciation','Deprecation Rate','decimal',2,'decimal',NULL,NULL,NULL,NULL,NULL,NULL,'decimal',NULL),('FACTFLD59614e16:14c5e56ecc8:-7f8f','RULFACT59614e16:14c5e56ecc8:-7fd1','assessedvalue','Assessed Value','decimal',6,'decimal',NULL,NULL,NULL,NULL,NULL,NULL,'decimal',NULL),('FACTFLD59614e16:14c5e56ecc8:-7f9a','RULFACT59614e16:14c5e56ecc8:-7fd1','assesslevel','Assess Level','decimal',5,'decimal',NULL,NULL,NULL,NULL,NULL,NULL,'decimal',NULL),('FACTFLD59614e16:14c5e56ecc8:-7fa5','RULFACT59614e16:14c5e56ecc8:-7fd1','marketvalue','Market Value','decimal',4,'decimal',NULL,NULL,NULL,NULL,NULL,NULL,'decimal',NULL),('FACTFLD59614e16:14c5e56ecc8:-7fb0','RULFACT59614e16:14c5e56ecc8:-7fd1','depreciatedvalue','Depreciation','decimal',3,'decimal',NULL,NULL,NULL,NULL,NULL,NULL,'decimal',NULL),('FACTFLD59614e16:14c5e56ecc8:-7fbb','RULFACT59614e16:14c5e56ecc8:-7fd1','basemarketvalue','Base Market Value','decimal',1,'decimal',NULL,NULL,NULL,NULL,NULL,NULL,'decimal',NULL),('FACTFLD5b4ac915:147baaa06b4:-6e01','RULFACT3afe51b9:146f7088d9c:-7db1','classification','Classification','string',15,'var',NULL,NULL,NULL,NULL,NULL,NULL,'rptis.facts.Classification',NULL),('FACTFLD5b4ac915:147baaa06b4:-7111','RULFACT5b4ac915:147baaa06b4:-7146','objid','Classification','string',1,'lookup','propertyclassification:lookup','objid','name',NULL,NULL,NULL,'string',NULL),('FACTFLD600de0dd:14891e3a85f:-7851','RULFACT547c5381:1451ae1cd9c:-7933','basicidle','Basic Idle Land','decimal',21,'decimal',NULL,NULL,NULL,NULL,NULL,NULL,'decimal',NULL),('FACTFLD600de0dd:14891e3a85f:-7f9d','RULFACT547c5381:1451ae1cd9c:-7933','idleland','Is Idle Land?','boolean',10,'boolean',NULL,NULL,NULL,NULL,NULL,NULL,'boolean',NULL),('FACTFLD64302071:14232ed987c:-7f3d','RULFACT64302071:14232ed987c:-7f4e','type','Type','string',1,'lov',NULL,NULL,NULL,NULL,NULL,NULL,'string','BP_PAYOPTIONS'),('FACTFLD6b62feef:14c53ac1f59:-7ec5','RULFACT6b62feef:14c53ac1f59:-7f69','assessedvalue','Assessed Value','decimal',13,'decimal',NULL,NULL,NULL,NULL,NULL,NULL,'decimal',NULL),('FACTFLD6b62feef:14c53ac1f59:-7ece','RULFACT6b62feef:14c53ac1f59:-7f69','assesslevel','Assess Level','decimal',12,'decimal',NULL,NULL,NULL,NULL,NULL,NULL,'decimal',NULL),('FACTFLD6b62feef:14c53ac1f59:-7ed7','RULFACT6b62feef:14c53ac1f59:-7f69','marketvalue','Market Value','decimal',11,'decimal',NULL,NULL,NULL,NULL,NULL,NULL,'decimal',NULL),('FACTFLD6b62feef:14c53ac1f59:-7ee0','RULFACT6b62feef:14c53ac1f59:-7f69','adjustmentrate','Adjustment Rate','decimal',10,'decimal',NULL,NULL,NULL,NULL,NULL,NULL,'decimal',NULL),('FACTFLD6b62feef:14c53ac1f59:-7ee9','RULFACT6b62feef:14c53ac1f59:-7f69','adjustment','Adjustment','decimal',9,'decimal',NULL,NULL,NULL,NULL,NULL,NULL,'decimal',NULL),('FACTFLD6b62feef:14c53ac1f59:-7ef2','RULFACT6b62feef:14c53ac1f59:-7f69','basemarketvalue','Base Market Value','decimal',8,'decimal',NULL,NULL,NULL,NULL,NULL,NULL,'decimal',NULL),('FACTFLD6b62feef:14c53ac1f59:-7efb','RULFACT6b62feef:14c53ac1f59:-7f69','unitvalue','Unit Value','decimal',7,'decimal',NULL,NULL,NULL,NULL,NULL,NULL,'decimal',NULL),('FACTFLD6b62feef:14c53ac1f59:-7f04','RULFACT6b62feef:14c53ac1f59:-7f69','areacovered','Area Covered','decimal',6,'decimal',NULL,NULL,NULL,NULL,NULL,NULL,'decimal',NULL),('FACTFLD6b62feef:14c53ac1f59:-7f0d','RULFACT6b62feef:14c53ac1f59:-7f69','nonproductive','Non-Productive','decimal',5,'decimal',NULL,NULL,NULL,NULL,NULL,NULL,'decimal',NULL),('FACTFLD6b62feef:14c53ac1f59:-7f16','RULFACT6b62feef:14c53ac1f59:-7f69','productive','Productive','decimal',4,'decimal',NULL,NULL,NULL,NULL,NULL,NULL,'decimal',NULL),('FACTFLD6b62feef:14c53ac1f59:-7f39','RULFACT6b62feef:14c53ac1f59:-7f69','classificationid','Classification','string',2,'lookup','propertyclassification:lookup','objid','name',NULL,NULL,NULL,'string',NULL),('FACTFLD6b62feef:14c53ac1f59:-7f4a','RULFACT6b62feef:14c53ac1f59:-7f69','actualuseid','Actual Use','string',3,'lookup','propertyclassification:lookup','objid','name',NULL,NULL,NULL,'string',NULL),('FACTFLD6b62feef:14c53ac1f59:-7f53','RULFACT6b62feef:14c53ac1f59:-7f69','RPU','RPU','string',1,'var',NULL,NULL,NULL,NULL,NULL,NULL,'RPU',NULL),('FACTFLD6d66cc31:1446cc9522e:-7e84','RULFACT6d66cc31:1446cc9522e:-7ee1','planRequired','Approved Plan Required','boolean',3,'boolean',NULL,NULL,NULL,NULL,NULL,NULL,'boolean',NULL),('FACTFLD6d66cc31:1446cc9522e:-7ea0','RULFACT6d66cc31:1446cc9522e:-7ee1','txntypemode','Txn Type Mode','string',2,'lov',NULL,NULL,NULL,NULL,NULL,NULL,'string','RPT_TXN_TYPE_MODES'),('FACTFLD6d66cc31:1446cc9522e:-7ebd','RULFACT6d66cc31:1446cc9522e:-7ee1','txntype','Txn Type','string',1,'lov',NULL,NULL,NULL,NULL,NULL,NULL,'string','RPT_TXN_TYPES'),('rptis.landtax.facts.AssessedValue.actualuse','rptis.landtax.facts.AssessedValue','actualuse','Actual Use','string',4,'var','propertyclassification:lookup','objid','name',NULL,NULL,0,'rptis.landtax.facts.Classification',NULL),('rptis.landtax.facts.AssessedValue.av','rptis.landtax.facts.AssessedValue','av','Assessed Value','decimal',6,'decimal',NULL,NULL,NULL,NULL,NULL,1,'decimal',NULL),('rptis.landtax.facts.AssessedValue.basicav','rptis.landtax.facts.AssessedValue','basicav','Basic Assessed Value','decimal',7,'decimal',NULL,NULL,NULL,NULL,NULL,NULL,'decimal',NULL),('rptis.landtax.facts.AssessedValue.classification','rptis.landtax.facts.AssessedValue','classification','Classification','string',3,'var','propertyclassification:lookup','objid','name',NULL,NULL,NULL,'rptis.landtax.facts.Classification',NULL),('rptis.landtax.facts.AssessedValue.idleland','rptis.landtax.facts.AssessedValue','idleland','Is Idle Land?','boolean',9,'boolean',NULL,NULL,NULL,NULL,NULL,NULL,'boolean',NULL),('rptis.landtax.facts.AssessedValue.rputype','rptis.landtax.facts.AssessedValue','rputype','Property Type','string',1,'lov',NULL,NULL,NULL,NULL,NULL,NULL,'string','RPT_RPUTYPES'),('rptis.landtax.facts.AssessedValue.sefav','rptis.landtax.facts.AssessedValue','sefav','SEF Assessed Value','decimal',8,'decimal',NULL,NULL,NULL,NULL,NULL,NULL,'decimal',NULL),('rptis.landtax.facts.AssessedValue.txntype','rptis.landtax.facts.AssessedValue','txntype','Transaction Type','string',2,'lov',NULL,NULL,NULL,NULL,NULL,NULL,'string','RPT_TXN_TYPES'),('rptis.landtax.facts.AssessedValue.year','rptis.landtax.facts.AssessedValue','year','Year','integer',5,'integer',NULL,NULL,NULL,NULL,NULL,1,'integer',NULL),('rptis.landtax.facts.Bill.advancebill','rptis.landtax.facts.Bill','advancebill','Is Advance Billing?','boolean',6,'boolean',NULL,NULL,NULL,NULL,NULL,NULL,'boolean',NULL),('rptis.landtax.facts.Bill.billdate','rptis.landtax.facts.Bill','billdate','Bill Date','date',5,'date',NULL,NULL,NULL,NULL,NULL,NULL,'date',NULL),('rptis.landtax.facts.Bill.billtoqtr','rptis.landtax.facts.Bill','billtoqtr','Quarter','integer',2,'integer',NULL,NULL,NULL,NULL,NULL,0,'integer',NULL),('rptis.landtax.facts.Bill.billtoyear','rptis.landtax.facts.Bill','billtoyear','Year','integer',1,'integer',NULL,NULL,NULL,NULL,NULL,NULL,'integer',NULL),('rptis.landtax.facts.Bill.currentdate','rptis.landtax.facts.Bill','currentdate','Current Date','date',3,'date',NULL,NULL,NULL,NULL,NULL,NULL,'date',NULL),('rptis.landtax.facts.Bill.forpayment','rptis.landtax.facts.Bill','forpayment','Is for Payment?','boolean',4,'boolean',NULL,NULL,NULL,NULL,NULL,NULL,'boolean',NULL),('rptis.landtax.facts.Classification.objid','rptis.landtax.facts.Classification','objid','Classification','string',1,'lookup','propertyclassification:lookup','objid','name',NULL,NULL,NULL,'string',NULL),('rptis.landtax.facts.RPTBillItem.amount','rptis.landtax.facts.RPTBillItem','amount','Amount','decimal',5,'decimal',NULL,NULL,NULL,NULL,NULL,NULL,'decimal',NULL),('rptis.landtax.facts.RPTBillItem.parentacctid','rptis.landtax.facts.RPTBillItem','parentacctid','Account','string',1,'lookup','revenueitem:lookup','objid','title',NULL,NULL,NULL,'string',NULL),('rptis.landtax.facts.RPTBillItem.revperiod','rptis.landtax.facts.RPTBillItem','revperiod','Revenue Period','string',3,'lov',NULL,NULL,NULL,NULL,NULL,NULL,'string','RPT_REVENUE_PERIODS'),('rptis.landtax.facts.RPTBillItem.revtype','rptis.landtax.facts.RPTBillItem','revtype','Revenue Type','string',2,'lov',NULL,NULL,NULL,NULL,NULL,NULL,'string','RPT_BILLING_REVENUE_TYPES'),('rptis.landtax.facts.RPTBillItem.sharetype','rptis.landtax.facts.RPTBillItem','sharetype','Share Type','string',4,'lov',NULL,NULL,NULL,NULL,NULL,NULL,'string','RPT_BILLING_LGU_TYPES'),('rptis.landtax.facts.RPTIncentive.basicrate','rptis.landtax.facts.RPTIncentive','basicrate','Basic Rate','decimal',2,'decimal',NULL,NULL,NULL,NULL,NULL,NULL,'decimal',NULL),('rptis.landtax.facts.RPTIncentive.fromyear','rptis.landtax.facts.RPTIncentive','fromyear','From Year','integer',4,'integer',NULL,NULL,NULL,NULL,NULL,NULL,'integer',NULL),('rptis.landtax.facts.RPTIncentive.rptledger','rptis.landtax.facts.RPTIncentive','rptledger','Ledger','string',1,'var',NULL,NULL,NULL,NULL,NULL,NULL,'rptis.landtax.facts.RPTLedgerFact',NULL),('rptis.landtax.facts.RPTIncentive.sefrate','rptis.landtax.facts.RPTIncentive','sefrate','SEF Rate','decimal',3,'decimal',NULL,NULL,NULL,NULL,NULL,NULL,'decimal',NULL),('rptis.landtax.facts.RPTIncentive.toyear','rptis.landtax.facts.RPTIncentive','toyear','To Year','integer',5,'integer',NULL,NULL,NULL,NULL,NULL,NULL,'integer',NULL),('rptis.landtax.facts.RPTLedgerFact.barangay','rptis.landtax.facts.RPTLedgerFact','barangay','Barangay','string',8,'lookup','barangay:lookup','objid','name','',NULL,NULL,'string',''),('rptis.landtax.facts.RPTLedgerFact.barangayid','rptis.landtax.facts.RPTLedgerFact','barangayid','Barangay ID','string',12,'lookup','barangay:lookup','objid','name',NULL,NULL,NULL,'string',NULL),('rptis.landtax.facts.RPTLedgerFact.firstqtrpaidontime','rptis.landtax.facts.RPTLedgerFact','firstqtrpaidontime','1st Qtr is Paid On-Time','boolean',4,'boolean','','','','',NULL,NULL,'boolean',''),('rptis.landtax.facts.RPTLedgerFact.lastqtrpaid','rptis.landtax.facts.RPTLedgerFact','lastqtrpaid','Last Qtr Paid','integer',3,'integer','','','','',NULL,NULL,'integer',''),('rptis.landtax.facts.RPTLedgerFact.lastyearpaid','rptis.landtax.facts.RPTLedgerFact','lastyearpaid','Last Year Paid','integer',2,'integer','','','','',NULL,NULL,'integer',''),('rptis.landtax.facts.RPTLedgerFact.lguid','rptis.landtax.facts.RPTLedgerFact','lguid','LGU ID','string',11,'lookup','municipality:lookup','objid','name',NULL,NULL,NULL,'string',NULL),('rptis.landtax.facts.RPTLedgerFact.missedpayment','rptis.landtax.facts.RPTLedgerFact','missedpayment','Has missed current year Quarterly Payment?','boolean',7,'boolean',NULL,NULL,NULL,NULL,NULL,NULL,'boolean',NULL),('rptis.landtax.facts.RPTLedgerFact.objid','rptis.landtax.facts.RPTLedgerFact','objid','Objid','string',1,'lookup','rptledger:lookup','objid','tdno',NULL,NULL,NULL,'string',NULL),('rptis.landtax.facts.RPTLedgerFact.parentlguid','rptis.landtax.facts.RPTLedgerFact','parentlguid','Parent LGU','string',10,'lookup','province:lookup','objid','name',NULL,NULL,NULL,'string',NULL),('rptis.landtax.facts.RPTLedgerFact.qtrlypaymentpaidontime','rptis.landtax.facts.RPTLedgerFact','qtrlypaymentpaidontime','Quarterly Payment is Paid On-Time','boolean',5,'boolean','','','','',NULL,NULL,'boolean',''),('rptis.landtax.facts.RPTLedgerFact.rputype','rptis.landtax.facts.RPTLedgerFact','rputype','Property Type','string',9,'lov','','','','',NULL,NULL,'string','RPT_RPUTYPES'),('rptis.landtax.facts.RPTLedgerFact.undercompromise','rptis.landtax.facts.RPTLedgerFact','undercompromise','Is under Compromise?','boolean',6,'boolean',NULL,NULL,NULL,NULL,NULL,NULL,'boolean',NULL),('rptis.landtax.facts.RPTLedgerItemFact.actualuse','rptis.landtax.facts.RPTLedgerItemFact','actualuse','Actual Use','string',7,'lookup','propertyclassification:lookup','objid','title','',NULL,NULL,'string',''),('rptis.landtax.facts.RPTLedgerItemFact.amtdue','rptis.landtax.facts.RPTLedgerItemFact','amtdue','Tax','decimal',19,'decimal','','','','',NULL,NULL,'decimal',''),('rptis.landtax.facts.RPTLedgerItemFact.av','rptis.landtax.facts.RPTLedgerItemFact','av','Assessed Value','decimal',4,'decimal','','','','',NULL,NULL,'decimal',''),('rptis.landtax.facts.RPTLedgerItemFact.backtax','rptis.landtax.facts.RPTLedgerItemFact','backtax','Is Back Tax?','boolean',16,'boolean','','','','',NULL,NULL,'boolean',''),('rptis.landtax.facts.RPTLedgerItemFact.classification','rptis.landtax.facts.RPTLedgerItemFact','classification','Classification','string',6,'lookup','propertyclassification:lookup','objid','name','',0,NULL,'string',''),('rptis.landtax.facts.RPTLedgerItemFact.discount','rptis.landtax.facts.RPTLedgerItemFact','discount','Discount','decimal',21,'decimal',NULL,NULL,NULL,NULL,NULL,NULL,'decimal',NULL),('rptis.landtax.facts.RPTLedgerItemFact.fullypaid','rptis.landtax.facts.RPTLedgerItemFact','fullypaid','Is Fully Paid?','boolean',11,'boolean',NULL,NULL,NULL,NULL,NULL,NULL,'boolean',NULL),('rptis.landtax.facts.RPTLedgerItemFact.idleland','rptis.landtax.facts.RPTLedgerItemFact','idleland','Is Idle Land?','boolean',10,'boolean',NULL,NULL,NULL,NULL,NULL,NULL,'boolean',NULL),('rptis.landtax.facts.RPTLedgerItemFact.interest','rptis.landtax.facts.RPTLedgerItemFact','interest','Interest','decimal',20,'decimal','','','','',NULL,NULL,'decimal',''),('rptis.landtax.facts.RPTLedgerItemFact.monthsfromjan','rptis.landtax.facts.RPTLedgerItemFact','monthsfromjan','Number of Months from January','integer',15,'integer','','','','',NULL,NULL,'integer',''),('rptis.landtax.facts.RPTLedgerItemFact.monthsfromqtr','rptis.landtax.facts.RPTLedgerItemFact','monthsfromqtr','Number of Months From Quarter','integer',14,'integer','','','','',NULL,NULL,'integer',''),('rptis.landtax.facts.RPTLedgerItemFact.originalav','rptis.landtax.facts.RPTLedgerItemFact','originalav','Original AV','decimal',8,'decimal','','','','',NULL,NULL,'decimal',''),('rptis.landtax.facts.RPTLedgerItemFact.qtr','rptis.landtax.facts.RPTLedgerItemFact','qtr','Qtr','integer',2,'integer','','','','',NULL,NULL,'integer',''),('rptis.landtax.facts.RPTLedgerItemFact.qtrly','rptis.landtax.facts.RPTLedgerItemFact','qtrly','Is quarterly computed?','boolean',22,'boolean',NULL,NULL,NULL,NULL,NULL,NULL,'boolean',NULL),('rptis.landtax.facts.RPTLedgerItemFact.qtrlypaymentavailed','rptis.landtax.facts.RPTLedgerItemFact','qtrlypaymentavailed','Is Quarterly Payment?','boolean',12,'boolean',NULL,NULL,NULL,NULL,NULL,NULL,'boolean',NULL),('rptis.landtax.facts.RPTLedgerItemFact.reclassed','rptis.landtax.facts.RPTLedgerItemFact','reclassed','Is Reclassed?','boolean',9,'boolean','','','','',NULL,NULL,'boolean',''),('rptis.landtax.facts.RPTLedgerItemFact.revperiod','rptis.landtax.facts.RPTLedgerItemFact','revperiod','Revenue Period','string',18,'lov','','','','',NULL,NULL,'string','RPT_REVENUE_PERIODS'),('rptis.landtax.facts.RPTLedgerItemFact.revtype','rptis.landtax.facts.RPTLedgerItemFact','revtype','Revenue Type','string',17,'lov',NULL,NULL,NULL,NULL,NULL,NULL,'string','RPT_BILLING_REVENUE_TYPES'),('rptis.landtax.facts.RPTLedgerItemFact.rptledger','rptis.landtax.facts.RPTLedgerItemFact','rptledger','RPT Ledger','string',3,'var','','','','',NULL,0,'rptis.landtax.facts.RPTLedgerFact',''),('rptis.landtax.facts.RPTLedgerItemFact.taxdifference','rptis.landtax.facts.RPTLedgerItemFact','taxdifference','Is Tax Difference?','boolean',13,'boolean',NULL,NULL,NULL,NULL,NULL,NULL,'boolean',NULL),('rptis.landtax.facts.RPTLedgerItemFact.txntype','rptis.landtax.facts.RPTLedgerItemFact','txntype','Txn Type','string',5,'lov','','','','',NULL,NULL,'string','RPT_TXN_TYPES'),('rptis.landtax.facts.RPTLedgerItemFact.year','rptis.landtax.facts.RPTLedgerItemFact','year','Year','integer',1,'integer','','','','',NULL,NULL,'integer',''),('rptis.landtax.facts.RPTLedgerTaxSummaryFact.amount','rptis.landtax.facts.RPTLedgerTaxSummaryFact','amount','Amount','decimal',6,'decimal','','','','',NULL,0,'decimal',''),('rptis.landtax.facts.RPTLedgerTaxSummaryFact.discount','rptis.landtax.facts.RPTLedgerTaxSummaryFact','discount','Discount','decimal',7,'decimal','','','','',NULL,0,'decimal',''),('rptis.landtax.facts.RPTLedgerTaxSummaryFact.firecode','rptis.landtax.facts.RPTLedgerTaxSummaryFact','firecode','Fire Code','decimal',10,'decimal','','','','',NULL,NULL,'decimal',''),('rptis.landtax.facts.RPTLedgerTaxSummaryFact.interest','rptis.landtax.facts.RPTLedgerTaxSummaryFact','interest','Interest','decimal',8,'decimal','','','','',NULL,0,'decimal',''),('rptis.landtax.facts.RPTLedgerTaxSummaryFact.ledger','rptis.landtax.facts.RPTLedgerTaxSummaryFact','ledger','Ledger','string',1,'var',NULL,NULL,NULL,NULL,NULL,NULL,'rptis.landtax.facts.RPTLedgerFact',NULL),('rptis.landtax.facts.RPTLedgerTaxSummaryFact.objid','rptis.landtax.facts.RPTLedgerTaxSummaryFact','objid','Variable Name','string',2,'lookup','rptparameter:lookup','name','name','',NULL,0,'string',''),('rptis.landtax.facts.RPTLedgerTaxSummaryFact.revperiod','rptis.landtax.facts.RPTLedgerTaxSummaryFact','revperiod','Revenue Period','string',5,'lov',NULL,NULL,NULL,NULL,NULL,0,'string','RPT_REVENUE_PERIODS'),('rptis.landtax.facts.RPTLedgerTaxSummaryFact.revtype','rptis.landtax.facts.RPTLedgerTaxSummaryFact','revtype','Revenue Type','string',4,'lov',NULL,NULL,NULL,NULL,NULL,NULL,'string','RPT_BILLING_REVENUE_TYPES'),('rptis.landtax.facts.RPTLedgerTaxSummaryFact.rptledger','rptis.landtax.facts.RPTLedgerTaxSummaryFact','rptledger','RPT Ledger','string',3,'var','','','','',NULL,NULL,'rptis.landtax.facts.RPTLedgerFact',''),('rptis.landtax.facts.RPTLedgerTaxSummaryFact.sef','rptis.landtax.facts.RPTLedgerTaxSummaryFact','sef','SEF','decimal',7,'decimal','','','','',NULL,0,'decimal',''),('rptis.landtax.facts.RPTLedgerTaxSummaryFact.sefdisc','rptis.landtax.facts.RPTLedgerTaxSummaryFact','sefdisc','SEF Discount','decimal',8,'decimal','','','','',NULL,0,'decimal',''),('rptis.landtax.facts.RPTLedgerTaxSummaryFact.sefint','rptis.landtax.facts.RPTLedgerTaxSummaryFact','sefint','SEF Interest','decimal',9,'decimal','','','','',NULL,0,'decimal',''),('rptis.landtax.facts.RPTLedgerTaxSummaryFact.sh','rptis.landtax.facts.RPTLedgerTaxSummaryFact','sh','Socialized Housing Tax','decimal',11,'decimal',NULL,NULL,NULL,NULL,NULL,NULL,'decimal',NULL),('rptis.landtax.facts.RPTLedgerTaxSummaryFact.shdisc','rptis.landtax.facts.RPTLedgerTaxSummaryFact','shdisc','Socialized Housing Discount','decimal',13,'decimal',NULL,NULL,NULL,NULL,NULL,NULL,'decimal',NULL),('rptis.landtax.facts.RPTLedgerTaxSummaryFact.shint','rptis.landtax.facts.RPTLedgerTaxSummaryFact','shint','Socialized Housing Interest','decimal',12,'decimal',NULL,NULL,NULL,NULL,NULL,NULL,'decimal',NULL),('rptis.landtax.facts.ShareFact.amount','rptis.landtax.facts.ShareFact','amount','Amount','decimal',6,'decimal',NULL,NULL,NULL,NULL,NULL,NULL,'decimal',NULL),('rptis.landtax.facts.ShareFact.barangay','rptis.landtax.facts.ShareFact','barangay','Barangay','string',7,'lookup','barangay:lookup','objid','name','',NULL,NULL,'string',''),('rptis.landtax.facts.ShareFact.basic','rptis.landtax.facts.ShareFact','basic','Basic','decimal',6,'decimal','','','','',NULL,0,'decimal',''),('rptis.landtax.facts.ShareFact.basicdisc','rptis.landtax.facts.ShareFact','basicdisc','Basic Discount','decimal',7,'decimal','','','','',NULL,0,'decimal',''),('rptis.landtax.facts.ShareFact.basicint','rptis.landtax.facts.ShareFact','basicint','Basic Interest','decimal',8,'decimal','','','','',NULL,0,'decimal',''),('rptis.landtax.facts.ShareFact.discount','rptis.landtax.facts.ShareFact','discount','Discount','decimal',8,'decimal',NULL,NULL,NULL,NULL,NULL,NULL,'decimal',NULL),('rptis.landtax.facts.ShareFact.lguid','rptis.landtax.facts.ShareFact','lguid','LGU','string',5,'lookup','municipality:lookup','objid','name',NULL,NULL,NULL,'string',NULL),('rptis.landtax.facts.ShareFact.lgutype','rptis.landtax.facts.ShareFact','lgutype','LGU Type','string',1,'lov','','','','',NULL,1,'string','RPT_BILLING_LGU_TYPES'),('rptis.landtax.facts.ShareFact.revperiod','rptis.landtax.facts.ShareFact','revperiod','Revenue Period','string',4,'lov','','','','',NULL,1,'string','RPT_REVENUE_PERIODS'),('rptis.landtax.facts.ShareFact.revtype','rptis.landtax.facts.ShareFact','revtype','Revenue Type','string',3,'lov',NULL,NULL,NULL,NULL,NULL,1,'string','RPT_BILLING_REVENUE_TYPES'),('rptis.landtax.facts.ShareFact.sef','rptis.landtax.facts.ShareFact','sef','SEF','decimal',9,'decimal','','','','',NULL,0,'decimal',''),('rptis.landtax.facts.ShareFact.sefdisc','rptis.landtax.facts.ShareFact','sefdisc','SEF Discount','decimal',10,'decimal','','','','',NULL,0,'decimal',''),('rptis.landtax.facts.ShareFact.sefint','rptis.landtax.facts.ShareFact','sefint','SEF Interest','decimal',11,'decimal','','','','',NULL,0,'decimal',''),('rptis.landtax.facts.ShareFact.sh','rptis.landtax.facts.ShareFact','sh','Socialized Housing Tax','decimal',12,'decimal',NULL,NULL,NULL,NULL,NULL,NULL,'decimal',NULL),('rptis.landtax.facts.ShareFact.sharetype','rptis.landtax.facts.ShareFact','sharetype','Share Type','string',2,'lov','','','','',NULL,1,'string','RPT_BILLING_SHARE_TYPES'),('rptis.landtax.facts.ShareFact.shdisc','rptis.landtax.facts.ShareFact','shdisc','Socialized Housing Discount','decimal',14,'decimal',NULL,NULL,NULL,NULL,NULL,NULL,'decimal',NULL),('rptis.landtax.facts.ShareFact.shint','rptis.landtax.facts.ShareFact','shint','Socialized Housing Interest','decimal',13,'decimal',NULL,NULL,NULL,NULL,NULL,NULL,'decimal',NULL),('RULFACT452c2321:1535ebcc5ac:-7918-violatortype','RULFACT452c2321:1535ebcc5ac:-7918','violatortype','Violator Type','string',3,'string',NULL,NULL,NULL,NULL,NULL,NULL,'string',NULL),('treasury.facts.BillItem.account','treasury.facts.BillItem','account','Account','string',3,'lookup','revenueitem:lookup','objid','title',NULL,NULL,NULL,'object',NULL),('treasury.facts.BillItem.account.objid','treasury.facts.BillItem','account.objid','Account ID','string',2,'lookup','revenueitem:lookup','objid','title',NULL,NULL,NULL,'string',NULL),('treasury.facts.BillItem.amount','treasury.facts.BillItem','amount','Amount','decimal',1,'decimal',NULL,NULL,NULL,NULL,NULL,NULL,'decimal',NULL),('treasury.facts.BillItem.billrefid','treasury.facts.BillItem','billrefid','Bill Ref ID','string',7,'var',NULL,NULL,NULL,NULL,NULL,NULL,'string',NULL),('treasury.facts.BillItem.discount','treasury.facts.BillItem','discount','Discount','decimal',8,'decimal',NULL,NULL,NULL,NULL,NULL,NULL,'decimal',NULL),('treasury.facts.BillItem.duedate','treasury.facts.BillItem','duedate','Due Date','date',4,'date',NULL,NULL,NULL,NULL,NULL,NULL,'date',NULL),('treasury.facts.BillItem.fromdate','treasury.facts.BillItem','fromdate','From Date','date',14,'date',NULL,NULL,NULL,NULL,NULL,NULL,'date',NULL),('treasury.facts.BillItem.interest','treasury.facts.BillItem','interest','Interest','decimal',11,'decimal',NULL,NULL,NULL,NULL,NULL,NULL,'decimal',NULL),('treasury.facts.BillItem.month','treasury.facts.BillItem','month','Month','integer',13,'integer',NULL,NULL,NULL,NULL,NULL,NULL,'integer',NULL),('treasury.facts.BillItem.org','treasury.facts.BillItem','org','Org','string',10,'var',NULL,NULL,NULL,NULL,NULL,NULL,'enterprise.facts.Org',NULL),('treasury.facts.BillItem.parentaccount','treasury.facts.BillItem','parentaccount','Parent Account','string',9,'lookup','revenueitem:lookup','objid','title',NULL,NULL,NULL,'object',NULL),('treasury.facts.BillItem.paypriority','treasury.facts.BillItem','paypriority','Pay Priority','integer',18,'integer',NULL,NULL,NULL,NULL,NULL,NULL,'integer',NULL),('treasury.facts.BillItem.refid','treasury.facts.BillItem','refid','Ref ID','string',16,'var',NULL,NULL,NULL,NULL,NULL,NULL,'string',NULL),('treasury.facts.BillItem.remarks','treasury.facts.BillItem','remarks','Remarks','string',17,'string',NULL,NULL,NULL,NULL,NULL,NULL,'string',NULL),('treasury.facts.BillItem.sortorder','treasury.facts.BillItem','sortorder','Sort Order','integer',19,'integer',NULL,NULL,NULL,NULL,NULL,NULL,'integer',NULL),('treasury.facts.BillItem.surcharge','treasury.facts.BillItem','surcharge','Surcharge','decimal',5,'decimal',NULL,NULL,NULL,NULL,NULL,NULL,'decimal',NULL),('treasury.facts.BillItem.tag','treasury.facts.BillItem','tag','Tag','string',20,'string',NULL,NULL,NULL,NULL,NULL,NULL,'string',NULL),('treasury.facts.BillItem.todate','treasury.facts.BillItem','todate','To Date','date',15,'date',NULL,NULL,NULL,NULL,NULL,NULL,'date',NULL),('treasury.facts.BillItem.txntype','treasury.facts.BillItem','txntype','Txn Type','string',6,'lookup','billitem_txntype:lookup','objid','title',NULL,NULL,NULL,'string',NULL),('treasury.facts.BillItem.year','treasury.facts.BillItem','year','Year','integer',12,'integer',NULL,NULL,NULL,NULL,NULL,NULL,'integer',NULL),('treasury.facts.CollectionGroup.objid','treasury.facts.CollectionGroup','objid','Name','string',1,'lookup','collectiongroup:lookup','objid','name',NULL,NULL,NULL,'string',NULL),('treasury.facts.CollectionType.handler','treasury.facts.CollectionType','handler','Handler','string',2,'lookup','collectiontype_handler:lookup','objid','name',NULL,NULL,NULL,'string',NULL),('treasury.facts.CollectionType.name','treasury.facts.CollectionType','name','Name','string',1,NULL,NULL,NULL,NULL,NULL,NULL,NULL,'string',NULL),('treasury.facts.CollectionType.objid','treasury.facts.CollectionType','objid','ID','string',0,NULL,NULL,NULL,NULL,NULL,NULL,NULL,'string',NULL),('treasury.facts.DueDate.date','treasury.facts.DueDate','date','Date','date',1,'date',NULL,NULL,NULL,NULL,NULL,NULL,'date',NULL),('treasury.facts.DueDate.day','treasury.facts.DueDate','day','Day','integer',4,'integer',NULL,NULL,NULL,NULL,NULL,NULL,'integer',NULL),('treasury.facts.DueDate.month','treasury.facts.DueDate','month','Month','integer',3,'integer',NULL,NULL,NULL,NULL,NULL,NULL,'integer',NULL),('treasury.facts.DueDate.qtr','treasury.facts.DueDate','qtr','Qtr','integer',5,'integer',NULL,NULL,NULL,NULL,NULL,NULL,'integer',NULL),('treasury.facts.DueDate.year','treasury.facts.DueDate','year','Year','integer',2,'integer',NULL,NULL,NULL,NULL,NULL,NULL,'integer',NULL),('treasury.facts.LGUBarangay.orgclass','treasury.facts.LGUBarangay','orgclass','Org Class','string',2,NULL,NULL,NULL,NULL,NULL,NULL,NULL,'string',NULL),('treasury.facts.LGUBarangay.orgid','treasury.facts.LGUBarangay','orgid','Org ID','string',1,'lookup','org:lookup','objid','title',NULL,NULL,NULL,'string',NULL),('treasury.facts.LGUBarangay.root','treasury.facts.LGUBarangay','root','Is Root Org?','boolean',3,NULL,NULL,NULL,NULL,NULL,NULL,NULL,'boolean',NULL),('treasury.facts.LGUMunicipality.orgclass','treasury.facts.LGUMunicipality','orgclass','Org Class','string',2,NULL,NULL,NULL,NULL,NULL,NULL,NULL,'string',NULL),('treasury.facts.LGUMunicipality.orgid','treasury.facts.LGUMunicipality','orgid','Org ID','string',1,'lookup','org:lookup','objid','title',NULL,NULL,NULL,'string',NULL),('treasury.facts.LGUMunicipality.root','treasury.facts.LGUMunicipality','root','Is Root Org?','boolean',3,NULL,NULL,NULL,NULL,NULL,NULL,NULL,'boolean',NULL),('treasury.facts.LGUProvince.orgclass','treasury.facts.LGUProvince','orgclass','Org Class','string',2,NULL,NULL,NULL,NULL,NULL,NULL,NULL,'string',NULL),('treasury.facts.LGUProvince.orgid','treasury.facts.LGUProvince','orgid','Org ID','string',1,'lookup','org:lookup','objid','title',NULL,NULL,NULL,'string',NULL),('treasury.facts.LGUProvince.root','treasury.facts.LGUProvince','root','Is Root Org?','boolean',3,NULL,NULL,NULL,NULL,NULL,NULL,NULL,'boolean',NULL),('treasury.facts.RevenueShare.amount','treasury.facts.RevenueShare','amount','Amount','decimal',3,'decimal',NULL,NULL,NULL,NULL,NULL,NULL,'decimal',NULL),('treasury.facts.RevenueShare.payableaccount','treasury.facts.RevenueShare','payableaccount','Payable Account','string',2,'lookup','revenueitem:lookup','objid','title',NULL,NULL,NULL,'string',NULL),('treasury.facts.RevenueShare.refaccount','treasury.facts.RevenueShare','refaccount','Reference Account','string',1,'lookup','revenueitem:lookup','objid','title',NULL,NULL,NULL,'string',NULL);
/*!40000 ALTER TABLE `sys_rule_fact_field` ENABLE KEYS */;
UNLOCK TABLES;

--
-- Dumping data for table `sys_rulegroup`
--

LOCK TABLES `sys_rulegroup` WRITE;
/*!40000 ALTER TABLE `sys_rulegroup` DISABLE KEYS */;
INSERT INTO `sys_rulegroup` VALUES ('ADDITIONAL','bldgassessment','Additional Item Computation',18),('ADJUSTMENT','bldgassessment','Adjustment Computation',25),('ADJUSTMENT','landassessment','Adjustment Computation',14),('ADJUSTMENT','planttreeassessment','Adjustment Computation',15),('AFER-DEPRECIATION','miscassessment','After Depreciation Computation',16),('AFTER-ADDITIONAL','bldgassessment','After Additional Item Computation',19),('AFTER-ADJUSTMENT','bldgassessment','After Adjustment Computation',30),('AFTER-ADJUSTMENT','landassessment','After Adjustment Computation',15),('AFTER-ADJUSTMENT','planttreeassessment','AFter Adjustment Computation',16),('AFTER-ASSESSEDVALUE','landassessment','After Assessed Value Computation',45),('AFTER-ASSESSEDVALUE','machassessment','After Machine Assessed Value Computation',45),('AFTER-ASSESSEDVALUE','miscassessment','After Assessed Value Computation',45),('AFTER-ASSESSEDVALUE','planttreeassessment','After Assessed Value Computation',45),('AFTER-ASSESSLEVEL','bldgassessment','After Calculate Assess Level',60),('AFTER-ASSESSLEVEL','landassessment','After Assess Level Computation',36),('AFTER-ASSESSLEVEL','machassessment','After Machine Assess Level Computation',36),('AFTER-ASSESSLEVEL','miscassessment','After Assess Level Computation',36),('AFTER-ASSESSLEVEL','planttreeassessment','After Assess Level Computation',36),('AFTER-ASSESSVALUE','bldgassessment','After Assess Value Computation',75),('AFTER-BASEMARKETVALUE','bldgassessment','After Base Market Value Computation',15),('AFTER-BASEMARKETVALUE','landassessment','After Base Market Value Computation',10),('AFTER-BASEMARKETVALUE','machassessment','After Machine Base Market Value Computation',10),('AFTER-BASEMARKETVALUE','miscassessment','After Base Market Value Computation',10),('AFTER-BASEMARKETVALUE','planttreeassessment','After Base Market Value Computation',10),('after-compute-share','revenuesharing','After Compute Share',1),('AFTER-DEPRECIATION','bldgassessment','After Depreciation Computation',34),('AFTER-DEPRECIATION','machassessment','After Machine Depreciation Computation',12),('AFTER-FLOOR','bldgassessment','AFter Floor Computation',3),('AFTER-MARKETVALUE','bldgassessment','After Market Value Computation',45),('AFTER-MARKETVALUE','landassessment','After Market Value Computation',30),('AFTER-MARKETVALUE','machassessment','After Machine Market Value Computation',30),('AFTER-MARKETVALUE','miscassessment','After Market Value Computation',30),('AFTER-MARKETVALUE','planttreeassessment','After Market Value Computation',30),('AFTER-SUMMARY','bldgassessment','After Summary Computation',105),('AFTER-SUMMARY','landassessment','After Summary Computation',105),('AFTER-SUMMARY','machassessment','After Summary Computation',105),('AFTER-SUMMARY','miscassessment','After Summary Computation',105),('AFTER-SUMMARY','planttreeassessment','After Summary Computation',105),('AFTER_DISCOUNT','rptbilling','After Discount Computation',10),('AFTER_PENALTY','rptbilling','After Penalty Computation',8),('AFTER_REQUIREMENT','rptrequirement','After Requirement',2),('AFTER_SUMMARY','rptbilling','After Summary',21),('AFTER_TAX','rptledger','Post Tax Computation',3),('ASSESSEDVALUE','landassessment','Assessed Value Computation',40),('ASSESSEDVALUE','machassessment','Machine Assessed Value Computation',40),('ASSESSEDVALUE','miscassessment','Assessed Value Computation',40),('ASSESSEDVALUE','planttreeassessment','Assessed Value Computation',40),('ASSESSLEVEL','bldgassessment','Calculate Assess Level',55),('ASSESSLEVEL','landassessment','Assess Level Computation',35),('ASSESSLEVEL','machassessment','Machine Assess Level Computation',35),('ASSESSLEVEL','miscassessment','Assess Level Computation',35),('ASSESSLEVEL','planttreeassessment','Assess Level Computation',35),('ASSESSVALUE','bldgassessment','Assess Value Computation',70),('BASEMARKETVALUE','bldgassessment','Base Market Value Computation',10),('BASEMARKETVALUE','landassessment','Base Market Value Computation',5),('BASEMARKETVALUE','machassessment','Machine Base Market Value Computation',5),('BASEMARKETVALUE','miscassessment','Base Market Value Computation',5),('BASEMARKETVALUE','planttreeassessment','Base Market Value Computation',5),('BEFORE-ADDITIONAL','bldgassessment','Before Additional Item Computation',17),('BEFORE-ADJUSTMENT','bldgassessment','Before Adjustment Computation',20),('BEFORE-ADJUSTMENT','landassessment','Before Adjustment Computation',13),('BEFORE-ASSESSLEVEL','bldgassessment','Before Calculate Assess Level',50),('BEFORE-ASSESSLEVEL','miscassessment','Before Assess Level Computation',34),('BEFORE-ASSESSVALUE','bldgassessment','Before Assess Value Computation',65),('BEFORE-BASEMARKETVALUE','bldgassessment','Before Base Market Value Computation',5),('BEFORE-DEPRECIATON','bldgassessment','Before Depreciation Computation',32),('BEFORE-MARKETVALUE','bldgassessment','Before Market Value Computation',35),('BEFORE-MARKETVALUE','landassessment','Before Market Value',25),('BEFORE_SUMMARY','rptbilling','Before Summary ',19),('BRGY_SHARE','rptbilling','Barangay Share Computation',25),('compute-share','revenuesharing','Compute Share',0),('DEPRECIATION','bldgassessment','Depreciation Computation',33),('DEPRECIATION','machassessment','Machine Depreciation Computation',11),('DEPRECIATION','miscassessment','Depreciation Computation',15),('DISCOUNT','rptbilling','Discount Computation',9),('FLOOR','bldgassessment','Floor Computation',2),('INIT','rptbilling','Init',0),('INIT','rptledger','Init',0),('INITIAL','landassessment','Initial Computation',0),('INITIAL','machassessment','Initial Computation',0),('INITIAL','miscassessment','Initial Computation',0),('INITIAL','planttreeassessment','Initial Computation',0),('LEDGER_ITEM','rptledger','Ledger Item Posting',1),('LGU_SHARE','rptbilling','LGU Share Computation',26),('MARKETVALUE','bldgassessment','Market Value Computation',40),('MARKETVALUE','landassessment','Market Value Computation',26),('MARKETVALUE','machassessment','Machine Market Value Computation',25),('MARKETVALUE','miscassessment','Market Value Computation',25),('MARKETVALUE','planttreeassessment','Market Value Computation',25),('MUASSESSEDVALUE','machassessment','Actual Use Assessed Value Computation',55),('MUASSESSLEVEL','machassessment','Actual Use Assess Level Computation',50),('PENALTY','rptbilling','Penalty Computation',7),('PRE-ASSESSMENT','bldgassessment','Pre-Assessment',1),('PROV_SHARE','rptbilling','Province Share Computation',27),('REQUIREMENT','rptrequirement','Requirement',1),('SUMMARY','bldgassessment','Summary',100),('SUMMARY','landassessment','Summary Computation',100),('SUMMARY','machassessment','Summary Computation',100),('SUMMARY','miscassessment','Summary Computation',100),('SUMMARY','planttreeassessment','Summary Computation',100),('SUMMARY','rptbilling','Summary',20),('TAX','rptledger','Tax Computation',2);
/*!40000 ALTER TABLE `sys_rulegroup` ENABLE KEYS */;
UNLOCK TABLES;

--
-- Dumping data for table `sys_ruleset`
--

LOCK TABLES `sys_ruleset` WRITE;
/*!40000 ALTER TABLE `sys_ruleset` DISABLE KEYS */;
INSERT INTO `sys_ruleset` VALUES ('bldgassessment','Building Assessment Rules','bldgassessment','RPT','RULE_AUTHOR',NULL),('landassessment','Land Assessment Rules','landassessment','RPT','RULE_AUTHOR',NULL),('machassessment','Machinery Assessment Rules','machassessment','RPT','RULE_AUTHOR',NULL),('miscassessment','Miscellaneous Assessment Rules','miscassessment','RPT','RULE_AUTHOR',NULL),('planttreeassessment','Plant/Tree Assessment Rules','planttreeassessment','RPT','RULE_AUTHOR',NULL),('revenuesharing','Revenue Sharing','revenuesharing','TREASURY','RULE_AUTHOR',NULL),('rptbilling','RPT Billing Rules','rptbilling','LANDTAX','RULE_AUTHOR',NULL),('rptledger','Ledger Billing Rules','rptledger','LANDTAX','RULE_AUTHOR',NULL),('rptrequirement','RPT Requirement Rules','rptrequirement','RPT','RULE_AUTHOR',NULL);
/*!40000 ALTER TABLE `sys_ruleset` ENABLE KEYS */;
UNLOCK TABLES;

--
-- Dumping data for table `sys_ruleset_actiondef`
--

LOCK TABLES `sys_ruleset_actiondef` WRITE;
/*!40000 ALTER TABLE `sys_ruleset_actiondef` DISABLE KEYS */;
INSERT INTO `sys_ruleset_actiondef` VALUES ('rptledger','rptis.landtax.actions.AddBasic'),('rptbilling','rptis.landtax.actions.AddBillItem'),('rptledger','rptis.landtax.actions.AddFireCode'),('rptledger','rptis.landtax.actions.AddIdleLand'),('rptledger','rptis.landtax.actions.AddSef'),('rptbilling','rptis.landtax.actions.AddShare'),('rptledger','rptis.landtax.actions.AddSocialHousing'),('rptbilling','rptis.landtax.actions.AggregateLedgerItem'),('rptbilling','rptis.landtax.actions.CalcDiscount'),('rptbilling','rptis.landtax.actions.CalcInterest'),('rptledger','rptis.landtax.actions.CalcTax'),('rptbilling','rptis.landtax.actions.CreateTaxSummary'),('rptbilling','rptis.landtax.actions.RemoveLedgerItem'),('rptbilling','rptis.landtax.actions.SetBillExpiryDate'),('rptbilling','rptis.landtax.actions.SplitByQtr'),('rptbilling','rptis.landtax.actions.SplitLedgerItem'),('rptledger','rptis.landtax.actions.UpdateAV'),('landassessment','RULADEF-128a4cad:146f96a678e:-7efa'),('landassessment','RULADEF-21ad68c1:146fc2282bb:-7b6e'),('bldgassessment','RULADEF-2486b0ca:146fff66c3e:-3151'),('bldgassessment','RULADEF-2486b0ca:146fff66c3e:-4365'),('bldgassessment','RULADEF-2486b0ca:146fff66c3e:-4807'),('bldgassessment','RULADEF-2486b0ca:146fff66c3e:-5573'),('bldgassessment','RULADEF-2486b0ca:146fff66c3e:-619b'),('bldgassessment','RULADEF-2486b0ca:146fff66c3e:-723b'),('bldgassessment','RULADEF-2486b0ca:146fff66c3e:-79a8'),('bldgassessment','RULADEF-2486b0ca:146fff66c3e:-7a02'),('bldgassessment','RULADEF-2486b0ca:146fff66c3e:-7ce5'),('bldgassessment','RULADEF-39192c48:1471ebc2797:-7dae'),('bldgassessment','RULADEF-39192c48:1471ebc2797:-7dee'),('bldgassessment','RULADEF-3e8edbea:156bc08656a:-6112'),('landassessment','RULADEF-3e8edbea:156bc08656a:-6112'),('machassessment','RULADEF-3e8edbea:156bc08656a:-6112'),('miscassessment','RULADEF-3e8edbea:156bc08656a:-6112'),('planttreeassessment','RULADEF-3e8edbea:156bc08656a:-6112'),('landassessment','RULADEF-5e76cf73:14d69e9c549:-71e7'),('landassessment','RULADEF-5e76cf73:14d69e9c549:-7232'),('landassessment','RULADEF-5e76cf73:14d69e9c549:-72c3'),('landassessment','RULADEF-5e76cf73:14d69e9c549:-7e09'),('bldgassessment','RULADEF-60c99d04:1470b276e7f:-7c52'),('bldgassessment','RULADEF1441128c:1471efa4c1c:-69a5'),('bldgassessment','RULADEF1b4af871:14e3cc46e09:-344d'),('landassessment','RULADEF1b4af871:14e3cc46e09:-344d'),('machassessment','RULADEF1b4af871:14e3cc46e09:-344d'),('miscassessment','RULADEF1b4af871:14e3cc46e09:-344d'),('planttreeassessment','RULADEF1b4af871:14e3cc46e09:-344d'),('miscassessment','RULADEF1b4af871:14e3cc46e09:-3543'),('miscassessment','RULADEF1b4af871:14e3cc46e09:-358c'),('miscassessment','RULADEF1b4af871:14e3cc46e09:-35cc'),('miscassessment','RULADEF1b4af871:14e3cc46e09:-3612'),('machassessment','RULADEF1e772168:14c5a447e35:-6703'),('machassessment','RULADEF1e772168:14c5a447e35:-7e28'),('machassessment','RULADEF1e772168:14c5a447e35:-7eaf'),('machassessment','RULADEF1e772168:14c5a447e35:-7ed1'),('bldgassessment','RULADEF23f2d934:14719fd6b68:-725b'),('bldgassessment','RULADEF36885e11:150188b0d78:-7e0c'),('landassessment','RULADEF3afe51b9:146f7088d9c:-7c7b'),('bldgassessment','RULADEF3e2b89cb:146ff734573:-7c47'),('planttreeassessment','RULADEF5022d8ba:1589ae965a4:-7b0e'),('bldgassessment','RULADEF57c48737:1472331021e:-7f84'),('miscassessment','RULADEF59614e16:14c5e56ecc8:-7ef4'),('miscassessment','RULADEF59614e16:14c5e56ecc8:-7f1c'),('miscassessment','RULADEF59614e16:14c5e56ecc8:-7f42'),('miscassessment','RULADEF59614e16:14c5e56ecc8:-7f6b'),('landassessment','RULADEF5b4ac915:147baaa06b4:-7dbe'),('planttreeassessment','RULADEF6b62feef:14c53ac1f59:-7e2c'),('planttreeassessment','RULADEF6b62feef:14c53ac1f59:-7e59'),('planttreeassessment','RULADEF6b62feef:14c53ac1f59:-7e83'),('planttreeassessment','RULADEF6b62feef:14c53ac1f59:-7ea2'),('rptrequirement','RULADEF6d66cc31:1446cc9522e:-7d56'),('bldgassessment','RULADEF7efff901:15104440241:-7de4'),('landassessment','RULADEF7efff901:15104440241:-7de4'),('machassessment','RULADEF7efff901:15104440241:-7de4'),('miscassessment','RULADEF7efff901:15104440241:-7de4'),('planttreeassessment','RULADEF7efff901:15104440241:-7de4'),('machassessment','RULADEF7efff901:15104440241:5e0b'),('machassessment','RULADEF7efff901:15104fb0702:3868'),('machassessment','RULADEF7efff901:15104fb0702:4487'),('machassessment','RULADEF7efff901:15104fb0702:4545'),('revenuesharing','treasury.actions.AddRevenueShare');
/*!40000 ALTER TABLE `sys_ruleset_actiondef` ENABLE KEYS */;
UNLOCK TABLES;

--
-- Dumping data for table `sys_ruleset_fact`
--

LOCK TABLES `sys_ruleset_fact` WRITE;
/*!40000 ALTER TABLE `sys_ruleset_fact` DISABLE KEYS */;
INSERT INTO `sys_ruleset_fact` VALUES ('revenuesharing','com.rameses.rules.common.CurrentDate'),('rptbilling','CurrentDate'),('revenuesharing','enterprise.facts.DateInfo'),('revenuesharing','enterprise.facts.Org'),('rptledger','rptis.landtax.facts.AssessedValue'),('rptbilling','rptis.landtax.facts.Bill'),('rptledger','rptis.landtax.facts.Classification'),('rptbilling','rptis.landtax.facts.RPTBillItem'),('rptbilling','rptis.landtax.facts.RPTIncentive'),('rptbilling','rptis.landtax.facts.RPTLedgerFact'),('rptledger','rptis.landtax.facts.RPTLedgerFact'),('rptbilling','rptis.landtax.facts.RPTLedgerItemFact'),('rptledger','rptis.landtax.facts.RPTLedgerItemFact'),('rptbilling','rptis.landtax.facts.RPTLedgerTaxSummaryFact'),('rptbilling','rptis.landtax.facts.ShareFact'),('bldgassessment','RULFACT-2486b0ca:146fff66c3e:-57b0'),('bldgassessment','RULFACT-2486b0ca:146fff66c3e:-711c'),('bldgassessment','RULFACT-2486b0ca:146fff66c3e:-7ad1'),('bldgassessment','RULFACT-2486b0ca:146fff66c3e:-7b6a'),('bldgassessment','RULFACT-2486b0ca:146fff66c3e:-7e0e'),('bldgassessment','RULFACT-39192c48:1471ebc2797:-7faf'),('landassessment','RULFACT-39192c48:1471ebc2797:-7faf'),('machassessment','RULFACT-39192c48:1471ebc2797:-7faf'),('miscassessment','RULFACT-39192c48:1471ebc2797:-7faf'),('planttreeassessment','RULFACT-39192c48:1471ebc2797:-7faf'),('landassessment','RULFACT-5e76cf73:14d69e9c549:-7f07'),('bldgassessment','RULFACT-79a9a347:15cfcae84de:-3956'),('bldgassessment','RULFACT1b4af871:14e3cc46e09:-34c1'),('landassessment','RULFACT1b4af871:14e3cc46e09:-34c1'),('machassessment','RULFACT1b4af871:14e3cc46e09:-34c1'),('miscassessment','RULFACT1b4af871:14e3cc46e09:-34c1'),('planttreeassessment','RULFACT1b4af871:14e3cc46e09:-34c1'),('miscassessment','RULFACT1b4af871:14e3cc46e09:-36aa'),('machassessment','RULFACT1e772168:14c5a447e35:-7f78'),('machassessment','RULFACT1e772168:14c5a447e35:-7fd5'),('landassessment','RULFACT3afe51b9:146f7088d9c:-7db1'),('bldgassessment','RULFACT3afe51b9:146f7088d9c:-7eb6'),('landassessment','RULFACT3afe51b9:146f7088d9c:-7eb6'),('machassessment','RULFACT3afe51b9:146f7088d9c:-7eb6'),('miscassessment','RULFACT3afe51b9:146f7088d9c:-7eb6'),('planttreeassessment','RULFACT3afe51b9:146f7088d9c:-7eb6'),('bldgassessment','RULFACT3e2b89cb:146ff734573:-7fcb'),('miscassessment','RULFACT59614e16:14c5e56ecc8:-7fd1'),('bldgassessment','RULFACT5b4ac915:147baaa06b4:-7146'),('landassessment','RULFACT5b4ac915:147baaa06b4:-7146'),('planttreeassessment','RULFACT6b62feef:14c53ac1f59:-7f69'),('rptrequirement','RULFACT6d66cc31:1446cc9522e:-7ee1'),('revenuesharing','treasury.facts.BillItem'),('revenuesharing','treasury.facts.CollectionGroup'),('revenuesharing','treasury.facts.CollectionType'),('revenuesharing','treasury.facts.LGUBarangay'),('revenuesharing','treasury.facts.LGUMunicipality'),('revenuesharing','treasury.facts.LGUProvince'),('revenuesharing','treasury.facts.RevenueShare');
/*!40000 ALTER TABLE `sys_ruleset_fact` ENABLE KEYS */;
UNLOCK TABLES;

--
-- Dumping data for table `sys_script`
--

LOCK TABLES `sys_script` WRITE;
/*!40000 ALTER TABLE `sys_script` DISABLE KEYS */;
/*!40000 ALTER TABLE `sys_script` ENABLE KEYS */;
UNLOCK TABLES;

--
-- Dumping data for table `sys_securitygroup`
--

LOCK TABLES `sys_securitygroup` WRITE;
/*!40000 ALTER TABLE `sys_securitygroup` DISABLE KEYS */;
/*!40000 ALTER TABLE `sys_securitygroup` ENABLE KEYS */;
UNLOCK TABLES;

--
-- Dumping data for table `sys_sequence`
--

LOCK TABLES `sys_sequence` WRITE;
/*!40000 ALTER TABLE `sys_sequence` DISABLE KEYS */;
/*!40000 ALTER TABLE `sys_sequence` ENABLE KEYS */;
UNLOCK TABLES;

--
-- Dumping data for table `sys_session`
--

LOCK TABLES `sys_session` WRITE;
/*!40000 ALTER TABLE `sys_session` DISABLE KEYS */;
/*!40000 ALTER TABLE `sys_session` ENABLE KEYS */;
UNLOCK TABLES;

--
-- Dumping data for table `sys_session_log`
--

LOCK TABLES `sys_session_log` WRITE;
/*!40000 ALTER TABLE `sys_session_log` DISABLE KEYS */;
/*!40000 ALTER TABLE `sys_session_log` ENABLE KEYS */;
UNLOCK TABLES;

--
-- Dumping data for table `sys_terminal`
--

LOCK TABLES `sys_terminal` WRITE;
/*!40000 ALTER TABLE `sys_terminal` DISABLE KEYS */;
INSERT INTO `sys_terminal` VALUES ('T001',NULL,NULL,NULL,NULL,NULL,NULL,NULL,NULL),('T002',NULL,NULL,NULL,NULL,NULL,NULL,NULL,NULL),('T003',NULL,NULL,NULL,NULL,NULL,NULL,NULL,NULL),('T111',NULL,NULL,NULL,NULL,NULL,NULL,NULL,NULL),('T112',NULL,NULL,NULL,NULL,NULL,NULL,NULL,NULL),('T113',NULL,NULL,NULL,NULL,NULL,NULL,NULL,NULL);
/*!40000 ALTER TABLE `sys_terminal` ENABLE KEYS */;
UNLOCK TABLES;

--
-- Dumping data for table `sys_user`
--

LOCK TABLES `sys_user` WRITE;
/*!40000 ALTER TABLE `sys_user` DISABLE KEYS */;
INSERT INTO `sys_user` VALUES ('USR-ADMIN',NULL,NULL,NULL,'ADMIN','557a4295dcca1a044b690f8b6486f33d','ADMIN','ADMIN','.','ADMIN, ADMIN .','ADMIN',0,'2050-03-30 09:50:17','ea53adf3214c74f3a9a7ca012fd4afb5',NULL,NULL);
/*!40000 ALTER TABLE `sys_user` ENABLE KEYS */;
UNLOCK TABLES;

--
-- Dumping data for table `sys_usergroup`
--

LOCK TABLES `sys_usergroup` WRITE;
/*!40000 ALTER TABLE `sys_usergroup` DISABLE KEYS */;
INSERT INTO `sys_usergroup` VALUES ('ADMIN.NOTIFICATION','SYSTEM ADMINISTRATOR','ADMIN','usergroup',NULL,'NOTIFICATION'),('ADMIN.SYSADMIN','SYSTEM ADMINISTRATOR','ADMIN','usergroup',NULL,'SYSADMIN'),('DEVELOPER.REPORT','SYSTEM ADMINISTRATOR','DEVELOPER','usergroup',NULL,'REPORT'),('ENTERPRISE.MASTER','ENTERPRISE MASTER','ENTERPRISE','usergroup',NULL,'MASTER'),('ENTERPRISE.REPORT','ENTERPRISE REPORT','ENTERPRISE',NULL,NULL,'REPORT'),('ENTERPRISE.REPORT_EDITOR','ENTERPRISE REPORT_EDITOR','ENTERPRISE',NULL,NULL,'REPORT_EDITOR'),('ENTITY.ADMIN','ENTITY ADMIN','ENTITY','usergroup',NULL,'ADMIN'),('ENTITY.APPROVER','ENTITY APPROVER','ENTITY','usergroup',NULL,'APPROVER'),('ENTITY.MASTER','ENTITY MASTER','ENTITY','usergroup',NULL,'MASTER'),('EPAYMENT.MASTER','EPAYMENT MASTER','EPAYMENT','usergroup',NULL,'MASTER'),('FINANCIAL.ADMIN','FINANCIAL ADMIN','FINANCIAL',NULL,NULL,'ADMIN'),('FINANCIAL.COLLECTOR','FINANCIAL','FINANCIAL','usergroup',NULL,'COLLECTOR'),('FINANCIAL.MASTER','FINANCIAL MASTER','FINANCIAL',NULL,NULL,'MASTER'),('FINANCIAL.REPORT','FINANCIAL REPORT','FINANCIAL',NULL,NULL,'REPORT'),('LANDTAX.ADMIN','ADMIN','LANDTAX',NULL,NULL,'ADMIN'),('LANDTAX.LANDTAX','LANDTAX LANDTAX','LANDTAX','usergroup',NULL,'LANDTAX'),('LANDTAX.LANDTAX_SHARED','SHARED','LANDTAX',NULL,NULL,'SHARED'),('LANDTAX.RECORD_ADMIN','LANDTAX RECORD_ADMIN','LANDTAX',NULL,NULL,'RECORD_ADMIN'),('LANDTAX.REPORT','REPORT','LANDTAX',NULL,NULL,'REPORT'),('LANDTAX.RULE_AUTHOR','RULE AUTHOR','LANDTAX',NULL,NULL,'RULE_AUTHOR'),('OVS.INFO','OVS INFO','OVS','usergroup',NULL,'INFO'),('OVS.MASTER','OVS MASTER','OVS','usergroup',NULL,'MASTER'),('OVS.OFFICER','OVS OFFICER','OVS',NULL,NULL,'OFFICER'),('OVS.REPORT','OVS REPORT','OVS','usergroup',NULL,'REPORT'),('OVS.RULE_AUTHOR','OVS RULE_AUTHOR','OVS',NULL,NULL,'RULE_AUTHOR'),('RPT.ADMIN','ADMIN','RPT',NULL,NULL,'ADMIN'),('RPT.APPRAISAL_CHIEF','APPRAISAL DIVISION CHIEF','RPT','usergroup',NULL,'APPRAISAL_CHIEF'),('RPT.APPRAISER','APPRAISER','RPT','usergroup',NULL,'APPRAISER'),('RPT.APPROVER','APPROVER','RPT','usergroup',NULL,'APPROVER'),('RPT.ASSESSOR','ASSESSOR','RPT','usergroup',NULL,'ASSESSOR'),('RPT.ASSESSOR_DATAMGMT','ASSESSOR DATA MANAGEMENT','RPT','usergroup',NULL,'ASSESSOR_DATAMGMT'),('RPT.ASSESSOR_REPORT','ASSESSOR REPORT','RPT','usergroup',NULL,'ASSESSOR_REPORT'),('RPT.ASSESSOR_SHARED','ASSESSOR SHARED','RPT','usergroup',NULL,'ASSESSOR_SHARED'),('RPT.ASSISTANT_ASSESSOR','ASSISTANT ASSESSOR','RPT','usergroup',NULL,'ASSISTANT_ASSESSOR'),('RPT.CERTIFICATION_APPROVER','CERTIFICATION_APPROVER','RPT',NULL,NULL,'CERTIFICATION_APPROVER'),('RPT.CERTIFICATION_ISSUER','CERTIFICATION_ISSUER','RPT','usergroup',NULL,'CERTIFICATION_ISSUER'),('RPT.CERTIFICATION_RELEASER','RPT CERTIFICATION_RELEASER','RPT',NULL,NULL,'CERTIFICATION_RELEASER'),('RPT.CERTIFICATION_VERIFIER','RPT CERTIFICATION_VERIFIER','RPT',NULL,NULL,'CERTIFICATION_VERIFIER'),('RPT.ENCODER','ENCODER','RPT',NULL,NULL,'ENCODER'),('RPT.ENCODER_APPROVER','RPT ENCODER_APPROVER','RPT',NULL,NULL,'ENCODER_APPROVER'),('RPT.ENCODING_APPROVER','ENCODING_APPROVER','RPT',NULL,NULL,'ENCODING_APPROVER'),('RPT.EXAMINER','EXAMINER','RPT','usergroup',NULL,'EXAMINER'),('RPT.LANDTAX','LANDTAX','RPT','usergroup',NULL,'LANDTAX'),('RPT.LANDTAX_DATAMGMT','LANDTAX DATA MANAGEMENT','RPT','usergroup',NULL,'LANDTAX_DATAMGMT'),('RPT.LANDTAX_REPORT','LANDTAX REPORT','RPT','usergroup',NULL,'LANDTAX_REPORT'),('RPT.LANDTAX_SHARED','LANDTAX SHARED','RPT','usergroup',NULL,'LANDTAX_SHARED'),('RPT.MASTER','MASTER','RPT','usergroup',NULL,'MASTER'),('RPT.MUNICIPAL_ASSESSOR','MUNICIPAL ASSESSOR','RPT','usergroup',NULL,'MUNICIPAL_ASSESSOR'),('RPT.PROVINCIAL_ASSESSOR','PROVINCIAL ASSESSOR','RPT','usergroup','','PROVINCIAL_ASSESSOR'),('RPT.RECEIVER','RECEIVER','RPT',NULL,NULL,'RECEIVER'),('RPT.RECEIVER_ADMIN','RPT RECEIVER_ADMIN','RPT',NULL,NULL,'RECEIVER_ADMIN'),('RPT.RECOMMENDER','RECOMMENDER','RPT','usergroup',NULL,'RECOMMENDER'),('RPT.RECORD','RECORD','RPT','usergroup',NULL,'RECORD'),('RPT.RECORD_ADMIN','RPT RECORD_ADMIN','RPT',NULL,NULL,'RECORD_ADMIN'),('RPT.RECORD_APPROVER','RPT','RPT',NULL,NULL,'RECORD_APPROVER'),('RPT.REPORT','REPORT','RPT','usergroup',NULL,'REPORT'),('RPT.RULE_AUTHOR','RULE AUTHOR','RPT','usergroup',NULL,'RULE_AUTHOR'),('RPT.TAXMAPPER','TAXMAPPER','RPT','usergroup',NULL,'TAXMAPPER'),('RPT.TAXMAPPER_CHIEF','TAXMAPPER DIVISION CHIEF','RPT','usergroup',NULL,'TAXMAPPER_CHIEF'),('RULEMGMT.DEV','RULEMGMT DEV','RULEMGMT',NULL,NULL,'DEV'),('RULEMGMT.MASTER','RULEMGMT MASTER','RULEMGMT','usergroup',NULL,'MASTER'),('SIGNATORYTEMPLATE.MASTER','SIGNATORYTEMPLATE MASTER','SIGNATORYTEMPLATE','usergroup',NULL,'MASTER'),('TREASURY.ADMIN','TREASURY ADMIN','TREASURY','usergroup',NULL,'ADMIN'),('TREASURY.AFO','ACCOUNTABLE FORM OFFICER','TREASURY','usergroup',NULL,'AFO'),('TREASURY.AFO_ADMIN','TREASURY AFO ADMIN','TREASURY','usergroup',NULL,'AFO_ADMIN'),('TREASURY.APPROVER','TREASURY APPROVER','TREASURY',NULL,NULL,'APPROVER'),('TREASURY.CASHIER','CASHIER','TREASURY','usergroup',NULL,'CASHIER'),('TREASURY.COLLECTOR','COLLECTOR','TREASURY','usergroup',NULL,'COLLECTOR'),('TREASURY.COLLECTOR_ADMIN','TREASURY COLLECTOR ADMIN','TREASURY','usergroup',NULL,'COLLECTOR_ADMIN'),('TREASURY.DATA_CONTROLLER','TREASURY DATA CONTROLLER','TREASURY','usergroup',NULL,'DATA_CONTROLLER'),('TREASURY.LIQUIDATING_OFFICER','LIQUIDATING OFFICER','TREASURY','usergroup',NULL,'LIQUIDATING_OFFICER'),('TREASURY.LIQ_OFFICER_ADMIN','TREASURY LIQ. OFFICER ADMIN','TREASURY','usergroup',NULL,'LIQ_OFFICER_ADMIN'),('TREASURY.MANAGER','TREASURY MANAGER','TREASURY','usergroup',NULL,'MANAGER'),('TREASURY.MASTER','TREASURY MASTER','TREASURY','usergroup',NULL,'MASTER'),('TREASURY.PO_MASTER','TREASURY PO MASTER','TREASURY','usergroup',NULL,'PO_MASTER'),('TREASURY.REPORT','TREASURY REPORT','TREASURY','usergroup',NULL,'REPORT'),('TREASURY.RIS_APPROVER','TREASURY RIS_APPROVER','TREASURY','usergroup',NULL,'RIS_APPROVER'),('TREASURY.RULE_AUTHOR','TREASURY RULE AUTHOR','TREASURY','userclass',NULL,'RULE_AUTHOR'),('TREASURY.SHARED','TREASURY SHARED','TREASURY','usergroup',NULL,'SHARED'),('TREASURY.SUBCOLLECTOR','SUBCOLLECTOR','TREASURY','usergroup',NULL,'SUBCOLLECTOR'),('WORKFLOW.ADMIN','WORKFLOW ADMIN','WORKFLOW','usergroup',NULL,'ADMIN'),('WORKFLOW.DEV','WORKFLOW DEV','WORKFLOW',NULL,NULL,'DEV'),('WORKFLOW.MASTER','WORKFLOW MASTER','WORKFLOW','usergroup',NULL,'MASTER');
/*!40000 ALTER TABLE `sys_usergroup` ENABLE KEYS */;
UNLOCK TABLES;

--
-- Dumping data for table `sys_usergroup_admin`
--

LOCK TABLES `sys_usergroup_admin` WRITE;
/*!40000 ALTER TABLE `sys_usergroup_admin` DISABLE KEYS */;
/*!40000 ALTER TABLE `sys_usergroup_admin` ENABLE KEYS */;
UNLOCK TABLES;

--
-- Dumping data for table `sys_usergroup_member`
--

LOCK TABLES `sys_usergroup_member` WRITE;
/*!40000 ALTER TABLE `sys_usergroup_member` DISABLE KEYS */;
INSERT INTO `sys_usergroup_member` VALUES ('UGM-061493d2407490bc517f1f52f76a3e99',NULL,'ENTERPRISE.REPORT','USR-ADMIN','ADMIN','ADMIN','ADMIN',NULL,NULL,NULL,NULL,NULL,NULL,NULL),('UGM-10b012d4:16753a25e7b:-78ca',NULL,'RPT.TAXMAPPER','USR-ADMIN','ADMIN','ADMIN','ADMIN',NULL,NULL,NULL,NULL,NULL,NULL,NULL),('UGM-10b012d4:16753a25e7b:-78f0',NULL,'RPT.MUNICIPAL_ASSESSOR','USR-ADMIN','ADMIN','ADMIN','ADMIN',NULL,NULL,NULL,NULL,NULL,NULL,NULL),('UGM-10b012d4:16753a25e7b:-7927',NULL,'RPT.ASSESSOR','USR-ADMIN','ADMIN','ADMIN','ADMIN',NULL,NULL,NULL,NULL,NULL,NULL,NULL),('UGM-10b012d4:16753a25e7b:-794d',NULL,'RPT.ASSESSOR_DATAMGMT','USR-ADMIN','ADMIN','ADMIN','ADMIN',NULL,NULL,NULL,NULL,NULL,NULL,NULL),('UGM-10b012d4:16753a25e7b:-7973',NULL,'RPT.ASSESSOR_SHARED','USR-ADMIN','ADMIN','ADMIN','ADMIN',NULL,NULL,NULL,NULL,NULL,NULL,NULL),('UGM-10b012d4:16753a25e7b:-7999',NULL,'RPT.ASSESSOR_REPORT','USR-ADMIN','ADMIN','ADMIN','ADMIN',NULL,NULL,NULL,NULL,NULL,NULL,NULL),('UGM-1ba188c0:18290eb38f2:-7dca',NULL,'RPT.LANDTAX_SHARED','USR-ADMIN','ADMIN','ADMIN','ADMIN',NULL,NULL,NULL,NULL,NULL,NULL,NULL),('UGM-1ba188c0:18290eb38f2:-7ddb',NULL,'RPT.LANDTAX_REPORT','USR-ADMIN','ADMIN','ADMIN','ADMIN',NULL,NULL,NULL,NULL,NULL,NULL,NULL),('UGM-1ba188c0:18290eb38f2:-7df8',NULL,'RPT.LANDTAX','USR-ADMIN','ADMIN','ADMIN','ADMIN',NULL,NULL,NULL,NULL,NULL,NULL,NULL),('UGM-1fdd2820:16864a98a6e:-7dd3',NULL,'TREASURY.AFO','USR-ADMIN','ADMIN','ADMIN','ADMIN',NULL,NULL,NULL,NULL,NULL,NULL,NULL),('UGM-2a145805:1673067d0b0:-66a6',NULL,'TREASURY.SHARED','USR-ADMIN','ADMIN','ADMIN','ADMIN',NULL,NULL,NULL,NULL,NULL,NULL,NULL),('UGM-2a6d7bac:17765b22012:-767f',NULL,'TREASURY.COLLECTOR_ADMIN','USR-ADMIN','ADMIN','ADMIN','ADMIN',NULL,NULL,NULL,NULL,NULL,NULL,NULL),('UGM-2a6d7bac:17765b22012:-7697',NULL,'TREASURY.AFO_ADMIN','USR-ADMIN','ADMIN','ADMIN','ADMIN',NULL,NULL,NULL,NULL,NULL,NULL,NULL),('UGM-331a0f0a:1672b1ae535:-7916',NULL,'DEVELOPER.REPORT','USR-ADMIN','ADMIN','ADMIN','ADMIN',NULL,NULL,NULL,NULL,NULL,NULL,NULL),('UGM-331a0f0a:1672b1ae535:-7c11',NULL,'ENTITY.MASTER','USR-ADMIN','ADMIN','ADMIN','ADMIN',NULL,NULL,NULL,NULL,NULL,NULL,NULL),('UGM-331a0f0a:1672b1ae535:-7c3c',NULL,'ENTITY.ADMIN','USR-ADMIN','ADMIN','ADMIN','ADMIN',NULL,NULL,NULL,NULL,NULL,NULL,NULL),('UGM-331a0f0a:1672b1ae535:-7e25',NULL,'ENTITY.APPROVER','USR-ADMIN','ADMIN','ADMIN','ADMIN',NULL,NULL,NULL,NULL,NULL,NULL,NULL),('UGM-331a0f0a:1672b1ae535:-7e4b',NULL,'ENTERPRISE.MASTER','USR-ADMIN','ADMIN','ADMIN','ADMIN',NULL,NULL,NULL,NULL,NULL,NULL,NULL),('UGM-63e9179b:1672f9dcce0:-7c4c',NULL,'FINANCIAL.MASTER','USR-ADMIN','ADMIN','ADMIN','ADMIN',NULL,NULL,NULL,NULL,'',NULL,NULL),('UGM-63e9179b:1672f9dcce0:-7e3e',NULL,'TREASURY.MASTER','USR-ADMIN','ADMIN','ADMIN','ADMIN',NULL,NULL,NULL,NULL,NULL,NULL,NULL),('UGM-7d6ab8f0:16eaf925f52:-7cd2',NULL,'EPAYMENT.MASTER','USR-ADMIN','ADMIN','ADMIN','ADMIN',NULL,NULL,NULL,NULL,NULL,NULL,NULL),('UGM-7ff98853ae86915eff8cb86625477d50',NULL,'FINANCIAL.MASTER','USR-ADMIN','ADMIN','ADMIN','ADMIN',NULL,NULL,NULL,NULL,NULL,NULL,NULL),('UGM-ADMIN-RPT-0001',NULL,'LANDTAX.ADMIN','USR-ADMIN','ADMIN','ADMIN','ADMIN',NULL,NULL,NULL,NULL,NULL,NULL,NULL),('UGM-ADMIN-RPT-0002',NULL,'RPT.RULE_AUTHOR','USR-ADMIN','ADMIN','ADMIN','ADMIN',NULL,NULL,NULL,NULL,NULL,NULL,NULL),('UGM-ADMIN-SYS-0001',NULL,'ADMIN.SYSADMIN','USR-ADMIN','ADMIN','ADMIN','ADMIN',NULL,NULL,NULL,NULL,NULL,NULL,NULL),('UGM-ADMIN-SYS-0002',NULL,'ADMIN.NOTIFICATION','USR-ADMIN','ADMIN','ADMIN','ADMIN',NULL,NULL,NULL,NULL,NULL,NULL,NULL),('UGM-ADMIN-TC-0001',NULL,'TREASURY.ADMIN','USR-ADMIN','ADMIN','ADMIN','ADMIN',NULL,NULL,NULL,NULL,'',NULL,NULL),('UGM-ADMIN-TC-0002',NULL,'TREASURY.RULE_AUTHOR','USR-ADMIN','ADMIN','ADMIN','ADMIN',NULL,NULL,NULL,NULL,NULL,NULL,NULL),('UGM-ece80c9a01ca310c19b41ee0360939ec',NULL,'TREASURY.MANAGER','USR-ADMIN','ADMIN','ADMIN','ADMIN',NULL,NULL,NULL,NULL,NULL,NULL,NULL),('UGM12d60f72:17765b03ea1:-7dbb',NULL,'TREASURY.LIQ_OFFICER_ADMIN','USR-ADMIN','ADMIN','ADMIN','ADMIN',NULL,NULL,NULL,NULL,NULL,NULL,NULL),('UGM1dc1837b:1674d99698b:-7dc9',NULL,'RULEMGMT.MASTER','USR-ADMIN','ADMIN','ADMIN','ADMIN',NULL,NULL,NULL,NULL,NULL,NULL,NULL),('UGM3947d5e3:167597254b2:-7d93',NULL,'TREASURY.REPORT','USR-ADMIN','ADMIN','ADMIN','ADMIN',NULL,NULL,NULL,NULL,NULL,NULL,NULL),('UGM3add5fd2:1675d07722f:-7d2f',NULL,'LANDTAX.RULE_AUTHOR','USR-ADMIN','ADMIN','ADMIN','ADMIN',NULL,NULL,NULL,NULL,NULL,NULL,NULL),('UGM3add5fd2:1675d07722f:-7d55',NULL,'LANDTAX.REPORT','USR-ADMIN','ADMIN','ADMIN','ADMIN',NULL,NULL,NULL,NULL,NULL,NULL,NULL),('UGM3add5fd2:1675d07722f:-7d7b',NULL,'LANDTAX.LANDTAX_SHARED','USR-ADMIN','ADMIN','ADMIN','ADMIN',NULL,NULL,NULL,NULL,NULL,NULL,NULL),('UGM3add5fd2:1675d07722f:-7da1',NULL,'LANDTAX.LANDTAX','USR-ADMIN','ADMIN','ADMIN','ADMIN',NULL,NULL,NULL,NULL,NULL,NULL,NULL),('UGM4919691d:167b9eee0bb:-7c35',NULL,'TREASURY.APPROVER','USR-ADMIN','ADMIN','ADMIN','ADMIN',NULL,NULL,NULL,NULL,NULL,NULL,NULL),('UGM69e90290:16753a7a03a:-435',NULL,'RPT.RECORD','USR-ADMIN','ADMIN','ADMIN','ADMIN',NULL,NULL,NULL,NULL,NULL,NULL,NULL),('UGM69e90290:16753a7a03a:-45b',NULL,'RPT.APPROVER','USR-ADMIN','ADMIN','ADMIN','ADMIN',NULL,NULL,NULL,NULL,NULL,NULL,NULL),('UGM69e90290:16753a7a03a:-481',NULL,'RPT.RECOMMENDER','USR-ADMIN','ADMIN','ADMIN','ADMIN',NULL,NULL,NULL,NULL,NULL,NULL,NULL),('UGM69e90290:16753a7a03a:-4a9',NULL,'RPT.APPRAISER','USR-ADMIN','ADMIN','ADMIN','ADMIN',NULL,NULL,NULL,NULL,NULL,NULL,NULL),('UGM69e90290:16753a7a03a:-4e0',NULL,'RPT.EXAMINER','USR-ADMIN','ADMIN','ADMIN','ADMIN',NULL,NULL,NULL,NULL,NULL,NULL,NULL),('UGM69e90290:16753a7a03a:-507',NULL,'RPT.RECEIVER','USR-ADMIN','ADMIN','ADMIN','ADMIN',NULL,NULL,NULL,NULL,NULL,NULL,NULL),('UGM69e90290:16753a7a03a:-7b90',NULL,'RPT.ENCODING_APPROVER','USR-ADMIN','ADMIN','ADMIN','ADMIN',NULL,NULL,NULL,NULL,NULL,NULL,NULL),('UGM69e90290:16753a7a03a:-7bb7',NULL,'RPT.ENCODER','USR-ADMIN','ADMIN','ADMIN','ADMIN',NULL,NULL,NULL,NULL,NULL,NULL,NULL),('UGM7d6061db:1682c20b33b:-7db2',NULL,'FINANCIAL.REPORT','USR-ADMIN','ADMIN','ADMIN','ADMIN',NULL,NULL,NULL,NULL,NULL,NULL,NULL);
/*!40000 ALTER TABLE `sys_usergroup_member` ENABLE KEYS */;
UNLOCK TABLES;

--
-- Dumping data for table `sys_usergroup_permission`
--

LOCK TABLES `sys_usergroup_permission` WRITE;
/*!40000 ALTER TABLE `sys_usergroup_permission` DISABLE KEYS */;
INSERT INTO `sys_usergroup_permission` VALUES ('ENTITY-MASTER-createIndividual','ENTITY.MASTER','entityindividual','create','Create'),('ENTITY-MASTER-createJuridical','ENTITY.MASTER','entityjuridical','create','Create'),('ENTITY-MASTER-createMultiple','ENTITY.MASTER','entitymultiple','create','Create'),('ENTITY-MASTER-deleteIndividual','ENTITY.MASTER','entityindividual','delete','Delete'),('ENTITY-MASTER-deleteJuridical','ENTITY.MASTER','entityjuridical','delete','Delete'),('ENTITY-MASTER-deleteMultiple','ENTITY.MASTER','entitymultiple','delete','Delete'),('ENTITY-MASTER-editIndividual','ENTITY.MASTER','entityindividual','edit','Edit'),('ENTITY-MASTER-editJuridical','ENTITY.MASTER','entityjuridical','edit','Edit'),('ENTITY-MASTER-editMultiple','ENTITY.MASTER','entitymultiple','edit','Edit'),('ENTITY-MASTER-editname','ENTITY.MASTER','entityindividual','editname','Edit Name'),('ENTITY-MASTER-openIndividual','ENTITY.MASTER','entityindividual','open','Open'),('ENTITY-MASTER-openJuridical','ENTITY.MASTER','entityjuridical','open','Open'),('ENTITY-MASTER-openMultiple','ENTITY.MASTER','entitymultiple','open','Open'),('entity.approver|entityindividual.approveduplicate','ENTITY.APPROVER','entityindividual','approveduplicate','Approve Duplicate'),('entity.approver|entityjuridical.approveduplicate','ENTITY.APPROVER','entityjuridical','approveduplicate','Approve Duplicate'),('entity.master|entityindividual.reconcile','ENTITY.MASTER','entityindividual','reconcile','Reconcile Entity Individual'),('entity.master|entityindividual.view','ENTITY.MASTER','entityindividual','view','View Entity Individuals'),('entity.master|entityjuridical.editname','ENTITY.MASTER','entityjuridical','editname','Edit Name'),('entity.master|entityjuridical.view','ENTITY.MASTER','entityjuridical','view','View Entity Juridicals'),('entity.master|entitymultiple.view','ENTITY.MASTER','entitymultiple','view','View Multiple Entities'),('entity.master|entityprofile.view','ENTITY.MASTER','entityprofile','view','View Entity Profiles'),('financial.master|bank.create','FINANCIAL.MASTER','bank','create','Create Bank'),('financial.master|bank.open','FINANCIAL.MASTER','bank','open','Read Bank'),('financial.master|bank.view','FINANCIAL.MASTER','bank','view','View Banks'),('financial.master|fund.create','FINANCIAL.MASTER','fund','create','Create Fund'),('financial.master|fund.open','FINANCIAL.MASTER','fund','open','Read Fund'),('financial.master|fund.view','FINANCIAL.MASTER','fund','view','View Funds'),('financial.master|itemaccount.create','FINANCIAL.MASTER','itemaccount','create','Create ItemAccount'),('financial.master|itemaccount.open','FINANCIAL.MASTER','itemaccount','read','Read ItemAccount'),('financial.master|itemaccount.view','FINANCIAL.MASTER','itemaccount','view','View ItemAccounts'),('financial.master|jev.view','FINANCIAL.MASTER','jev','view','View JEVs'),('LANDTAX.ADMIN-add_new_ledger_faas','LANDTAX.ADMIN','rptledger','add_new_ledger_faas','Add New Ledger FAAS'),('LANDTAX.ADMIN-change_faas_reference','LANDTAX.ADMIN','rptledger','change_faas_reference','Change FAAS Reference'),('LANDTAX.ADMIN-fix_ledger_faas','LANDTAX.ADMIN','rptledger','fix_ledger_faas','Fix Ledger FAAS'),('LANDTAX.RECORD_ADMIN:faas:print_td_official_copy','LANDTAX.RECORD_ADMIN','faas','print_taxdec_official_copy','Print official copy of tax declaration'),('LANDTAX.REPORT.restricted-property.generate','LANDTAX.REPORT','restricted-property','generate','Generate List of Restricted Properties'),('RPT-ANNOTATION-C','RPT.APPRAISER','annotation','create','create'),('RPT-ANNOTATION-R','RPT.APPRAISER','annotation','read','read'),('RPT-BILLING-C','RPT.LANDTAX','rptbilling','create','create'),('RPT-CANCELANNOTATION-C','RPT.APPRAISER','cancelannotation','create','create'),('RPT-CANCELFAAS-C','RPT.APPRAISER','cancelfaas','create','create'),('RPT-CERTICICATION-LE','RPT.CERTIFICATION_ISSUER','certification','latestandexisting','latestandexisting'),('RPT-CERTIFICATION-LH','RPT.CERTIFICATION_ISSUER','certification','landholding','landholding'),('RPT-CERTIFICATION-MP','RPT.CERTIFICATION_ISSUER','certification','multipleproperty','multipleproperty'),('RPT-CERTIFICATION-NE','RPT.CERTIFICATION_ISSUER','certification','noencumbrance','noencumbrance'),('RPT-CERTIFICATION-NP','RPT.CERTIFICATION_ISSUER','certification','noproperty','noproperty'),('RPT-CERTIFICATION-OWN','RPT.CERTIFICATION_ISSUER','certification','ownership','ownership'),('RPT-CERTIFICATION-TDT','RPT.CERTIFICATION_ISSUER','certification','tdtruecopy','tdtruecopy'),('RPT-CS-C','RPT.APPRAISER','consolidation','create','create'),('RPT-CS-D','RPT.APPRAISER','consolidation','delete','delete'),('RPT-CS-R','RPT.APPRAISER','consolidation','read','read'),('RPT-CS-U','RPT.APPRAISER','consolidation','edit','edit'),('RPT-FA-C','RPT.APPRAISER','annotation','create','create'),('RPT-FA-D','RPT.APPRAISER','annotation','delete','delete'),('RPT-FA-R','RPT.APPRAISER','annotation','read','read'),('RPT-FA-U','RPT.APPRAISER','annotation','edit','edit'),('RPT-FAAS-APPROVER-A','RPT.APPROVER','faas','approve','approve'),('RPT-FAAS-APPROVER-D','RPT.APPROVER','faas','disapprove','disapprove'),('RPT-FAAS-C-CC','RPT.APPRAISER','faas','createChangeClassificatio','createChangeClassificatio'),('RPT-FAAS-C-CD','RPT.APPRAISER','faas','createChangeDepreciation','createChangeDepreciation'),('RPT-FAAS-C-CE','RPT.APPRAISER','faas','createCorrection','createCorrection'),('RPT-FAAS-C-CT','RPT.APPRAISER','faas','createChangeTaxability','createChangeTaxability'),('RPT-FAAS-C-DC','RPT.APPRAISER','faas','createDataCapture','createDataCapture'),('RPT-FAAS-C-GR','RPT.APPRAISER','faas','createGeneralRevision','createGeneralRevision'),('RPT-FAAS-C-MC','RPT.APPRAISER','faas','createMultipleClaim','createMultipleClaim'),('RPT-FAAS-C-ND','RPT.APPRAISER','faas','createNewDiscovery','createNewDiscovery'),('RPT-FAAS-C-RE','RPT.APPRAISER','faas','createReassessment','createReassessment'),('RPT-FAAS-C-TR','RPT.APPRAISER','faas','createTransfer','createTransfer'),('RPT-FAAS-D','RPT.APPRAISER','faas','delete','delete'),('RPT-FAAS-E','RPT.APPRAISER','faas','edit','edit'),('RPT-FAAS-R','RPT.APPRAISER','faas','read','read'),('RPT-FAAS-REC-A','RPT.RECOMMENDER','faas','approve','approve'),('RPT-FAAS-REC-D','RPT.RECOMMENDER','faas','disapprove','disapprove'),('RPT-FAAS-REC-S','RPT.RECOMMENDER','faas','submitToProvince','submitToProvince'),('RPT-FAAS-S','RPT.APPRAISER','faas','submit','submit'),('RPT-FAASUPDATE-C','RPT.APPRAISER','faasupdate','create','create'),('RPT-GR-BATCH','RPT.ASSESSOR','batchgr','create','create'),('RPT-LEDGER-A','RPT.LANDTAX','rptledger','approve','approve'),('RPT-LEDGER-C','RPT.LANDTAX','rptledger','capturepayment','capturepayment'),('RPT-LEDGER-CHANGESTATE','RPT.LANDTAX','rptledger','changestate','changestate'),('RPT-LEDGER-E','RPT.LANDTAX','rptledger','edit','edit'),('RPT-LEDGER-FL','RPT.LANDTAX','rptledger','fixledger','fixledger'),('RPT-LEDGER-LS','LANDTAX.LANDTAX_SHARED','rptledger','list','list'),('RPT-LEDGER-PP','LANDTAX.LANDTAX','rptledger','postpayment','postpayment'),('RPT-LEDGER-R','LANDTAX.LANDTAX','rptledger','read','read'),('RPT-NA-C','RPT.APPRAISER','noticeofassessment','create','create'),('RPT-NA-R','RPT.APPRAISER','noticeofassessment','read','read'),('RPT-RESECTION-C','RPT.APPRAISER','resection','create','create'),('RPT-RESECTION-D','RPT.APPRAISER','resection','delete','delete'),('RPT-RESECTION-E','RPT.APPRAISER','resection','edit','edit'),('RPT-RESECTION-S','RPT.APPRAISER','resection','submit','submit'),('RPT-SD-C','RPT.APPRAISER','subdivision','create','create'),('RPT-SD-D','RPT.APPRAISER','subdivision','delete','delete'),('RPT-SD-R','RPT.APPRAISER','subdivision','read','read'),('RPT-SD-S','RPT.APPRAISER','subdivision','submit','submit'),('RPT-SD-U','RPT.APPRAISER','subdivision','edit','edit'),('RPT-TAXCLEARANCE-C','RPT.LANDTAX','taxclearance','create','create'),('RPT-UTIL-MODIFYPIN','RPT.APPRAISER','util','modifypin','modifypin'),('RPT.ADMIN:examination_finding:delete','RPT.ADMIN','examination_finding','delete','Delete examination finding'),('RPT.CERTIFICATION_RELEASER:rptcertification:reprint','RPT.CERTIFICATION_RELEASER','rptcertification','reprint','Reprint released certification'),('RPT.RECEIVER_ADMIN:faas:createCorrection','RPT.RECEIVER_ADMIN','faas','createCorrection','FAAS correction initiated by assessor'),('RPT.RECEIVER_ADMIN:faas:createPropertyDestruction','RPT.RECEIVER_ADMIN','faas','createPropertyDestruction','FAAS destruction initiated by assessor'),('RPT.RECEIVER_ADMIN:faas:createReassessment','RPT.RECEIVER_ADMIN','faas','createReassessment','FAAS reassessment initiated by assessor'),('RPT.RECORD.faas.create_history','RPT.RECORD','faas','create_history','Create FAAS History'),('RPT.RECORD_ADMIN:faas:reprint_original_taxdec','RPT.RECORD_ADMIN','faas','reprint_original_taxdec','Reprint tax dec as original'),('RPT.REPORT-faas-titled-report-viewreport','RPT.REPORT','faas-titled-report','viewreport','View Report'),('SUBCOLLECTOR-DISAPPROVED','TREASURY.SUBCOLLECTOR','batchcapture','disapprove','disapprove'),('SUBCOLLECTOR-POST','TREASURY.SUBCOLLECTOR','batchcapture','post','post'),('TREASURY-ADMIN-receipt-void','TREASURY.ADMIN','receipt','void','Void Receipt'),('TREASURY-AFO-ADMIN-aftxn-changetxntype','TREASURY.AFO_ADMIN','aftxn','changeTxnType','Change Txn Type'),('TREASURY-AFO-afserial-forward','TREASURY.AFO','afserial','forward','Forward'),('TREASURY-AFO-cashticket-forward','TREASURY.AFO','cashticket','forward','Forward'),('TREASURY-COLLECTOR','TREASURY.COLLECTOR','receipt','online','online'),('TREASURY-COLLECTOR-ADMIN-aftxn-changetxntype','TREASURY.COLLECTOR_ADMIN','remittance','rebuildFund','Rebuild Remittance Fund'),('TREASURY-COLLECTOR-ADMIN-remittance-modifyCashBreakdown','TREASURY.COLLECTOR_ADMIN','remittance','modifyCashBreakdown','Modify Remittance Cash Breakdown'),('TREASURY-COLLECTOR-ADMIN-remittance-voidReceipt','TREASURY.COLLECTOR_ADMIN','remittance','voidReceipt','Void Receipt'),('TREASURY-COLLECTOR-receipt-void','TREASURY.COLLECTOR','receipt','void','Void Receipt'),('TREASURY-DATA_CONTROLLER-batchcapture-manage','TREASURY.DATA_CONTROLLER','batchcapture','manage','Manage Batch Capture'),('TREASURY-LIQUIDATING_OFFICER','TREASURY.LIQUIDATING_OFFICER','cashbook','list','list'),('TREASURY-MASTER-createbank','TREASURY.MASTER','bank','create','Create'),('TREASURY-MASTER-createcashbook','TREASURY.MASTER','cashbook','create','Create'),('TREASURY-MASTER-createcollectiongroup','TREASURY.MASTER','collectiongroup','create','Create'),('TREASURY-MASTER-createcollectiontype','TREASURY.MASTER','collectiontype','create','Create'),('TREASURY-MASTER-createFund','TREASURY.MASTER','fund','create','Create'),('TREASURY-MASTER-createRevenueItem','TREASURY.MASTER','revenueitem','create','Create'),('TREASURY-MASTER-createsreaccount','TREASURY.MASTER','sreaccount','create','Create'),('TREASURY-MASTER-deletebank','TREASURY.MASTER','bank','delete','Delete'),('TREASURY-MASTER-deletecashbook','TREASURY.MASTER','cashbook','delete','Delete'),('TREASURY-MASTER-deletecollectiongroup','TREASURY.MASTER','collectiongroup','delete','Delete'),('TREASURY-MASTER-deletecollectiontype','TREASURY.MASTER','collectiontype','delete','Delete'),('TREASURY-MASTER-deleteFund','TREASURY.MASTER','fund','delete','Delete'),('TREASURY-MASTER-deleteRevenueItem','TREASURY.MASTER','revenueitem','delete','Delete'),('TREASURY-MASTER-deletesreaccount','TREASURY.MASTER','sreaccount','delete','Delete'),('TREASURY-MASTER-editbank','TREASURY.MASTER','bank','edit','Edit'),('TREASURY-MASTER-editcashbook','TREASURY.MASTER','cashbook','edit','Edit'),('TREASURY-MASTER-editcollectiongroup','TREASURY.MASTER','collectiongroup','edit','Edit'),('TREASURY-MASTER-editcollectiontype','TREASURY.MASTER','collectiontype','edit','Edit'),('TREASURY-MASTER-editFund','TREASURY.MASTER','fund','edit','Edit'),('TREASURY-MASTER-editRevenueItem','TREASURY.MASTER','revenueitem','edit','Edit'),('TREASURY-MASTER-editsreaccount','TREASURY.MASTER','sreaccount','edit','Edit'),('TREASURY-MASTER-openbank','TREASURY.MASTER','bank','open','Open'),('TREASURY-MASTER-opencashbook','TREASURY.MASTER','cashbook','open','Open'),('TREASURY-MASTER-opencollectiongroup','TREASURY.MASTER','collectiongroup','open','Open'),('TREASURY-MASTER-opencollectiontype','TREASURY.MASTER','collectiontype','open','Open'),('TREASURY-MASTER-openFund','TREASURY.MASTER','fund','open','Open'),('TREASURY-MASTER-openRevenueItem','TREASURY.MASTER','revenueitem','open','Open'),('TREASURY-MASTER-opensreaccount','TREASURY.MASTER','sreaccount','open','Open'),('TREASURY-MASTER-viewbank','TREASURY.MASTER','bank','view','View'),('TREASURY-MASTER-viewcashbook','TREASURY.MASTER','cashbook','view','View'),('TREASURY-MASTER-viewcollectiongroup','TREASURY.MASTER','collectiongroup','view','View'),('TREASURY-MASTER-viewcollectiontype','TREASURY.MASTER','collectiontype','view','View'),('TREASURY-MASTER-viewFund','TREASURY.MASTER','fund','view','View'),('TREASURY-MASTER-viewRevenueItem','TREASURY.MASTER','revenueitem','view','View'),('TREASURY-MASTER-viewsreaccount','TREASURY.MASTER','sreaccount','view','View'),('TREASURY-REPORT-collectionbyfund-viewreport','TREASURY.REPORT','collectionbyfund','viewreport','View Report'),('TREASURY-REPORT-directtocash-viewreport','TREASURY.REPORT','directtocash','viewreport','View Report'),('TREASURY-REPORT-srs-viewreport','TREASURY.REPORT','srs','viewreport','View Report'),('TREASURY-REPORT-statementofrevenue-viewreport','TREASURY.REPORT','statementofrevenue','viewreport','View Report'),('TREASURY-SHARED-bankdeposit-view','TREASURY.SHARED','bankdeposit','view','View List'),('TREASURY-SHARED-liquidation-view','TREASURY.SHARED','liquidation','view','View List'),('TREASURY-SHARED-remittance-view','TREASURY.SHARED','remittance','view','View List'),('TREASURY-SUBCOLLECTOR-receipt-void','TREASURY.SUBCOLLECTOR','receipt','void','Void Receipt'),('TREASURY.ADMIN.checkpayment_dishonored.view','TREASURY.ADMIN','checkpayment_dishonored','view','View Dishonored Checks'),('TREASURY.CASHIER.checkpayment_dishonored.view','TREASURY.CASHIER','checkpayment_dishonored','view','View Dishonored Checks'),('TREASURY.COLLECTOR.cashreceipt.convertCashToCheck','TREASURY.COLLECTOR','cashreceipt','convertCashToCheck','Convert Cash To Check'),('TREASURY.COLLECTOR.cashreceipt.convertCheckToCash','TREASURY.COLLECTOR','cashreceipt','convertCheckToCash','Convert Check To Cash'),('TREASURY.SHARED.checkpayment_dishonored.view','TREASURY.SHARED','checkpayment_dishonored','view','View Dishonored Checks'),('TREASURY.SUBCOLLECTOR.cashreceipt.convertCashToCheck','TREASURY.SUBCOLLECTOR','cashreceipt','convertCashToCheck','Convert Cash To Check'),('TREASURY.SUBCOLLECTOR.cashreceipt.convertCheckToCash','TREASURY.SUBCOLLECTOR','cashreceipt','convertCheckToCash','Convert Check To Cash'),('UGP-3219ec222220f68d1f69d4d1d76021e0','TREASURY.LIQ_OFFICER_ADMIN','collectionvoucher','modifyCashBreakdown','Modify Cash Breakdown'),('UGP-4e508bdd04888894926f677bbc0be374','TREASURY.LIQ_OFFICER_ADMIN','collectionvoucher','rebuildFund','Rebuild Fund Summary'),('UGP-cf543fabc2aca483c6e5d3d48c39c4cc','TREASURY.LIQ_OFFICER_ADMIN','incomesummary','rebuild','Rebuild Income Summary'),('UGP-d2bb69a6769517e0c8e672fec41f5fd7','TREASURY.LIQ_OFFICER_ADMIN','collectionvoucher','changeLiqOfficer','Change Liquidating Officer'),('USRGRPPERMS-428f9670:166a4adcb46:-7a61','TREASURY.APPROVER','cashreceipt','approve_void','Approve Cash Receipt Void'),('USRGRPPERMS-4bed8ed4:1679ca684b3:-7510','TREASURY.APPROVER','cashreceipt','approve_void','Void Cash Receipt'),('USRGRPPERMS-4bed8ed4:1679ca684b3:-759f','TREASURY.APPROVER','cashreceipt','approve_reprint','Reprint Cash Receipt'),('USRGRPPERMS-6bf5c0ac:166afe6bca2:-7369','TREASURY.APPROVER','cashreceipt','approve_reprint','Approve Cashreceipt Reprint'),('USRGRPPERMS38a4ea88:1830c0b3fec:-189d','RPT.ADMIN','faas','view_issued_clearances','View issued clearances'),('USRGRPPERMS38a4ea88:1830c0b3fec:-334b','RPT.ADMIN','faas','update_ledger_mapping','Update FAAS and Ledger mapping'),('USRGRPPERMS38a4ea88:1830c0b3fec:-4a01','RPT.ADMIN','faas','resend_to_province','Resend to province'),('USRGRPPERMS38a4ea88:1830c0b3fec:-5fbf','RPT.ADMIN','faas','modify_superseded_info','Modify superseded information'),('USRGRPPERMS38a4ea88:1830c0b3fec:-611c','RPT.ADMIN','faas','view_payments','Modify payments'),('USRGRPPERMS38a4ea88:1830c0b3fec:-6243','RPT.ADMIN','faas','modify_information','Modify information'),('USRGRPPERMS38a4ea88:1830c0b3fec:-638a','RPT.ADMIN','faas','modify_owner','Modify owner'),('USRGRPPERMS38a4ea88:1830c0b3fec:-6473','RPT.ADMIN','faas','modify_property_info','Modify property information'),('USRGRPPERMS38a4ea88:1830c0b3fec:-653e','RPT.ADMIN','faas','modify_signatories','Modify signatories'),('USRGRPPERMS38a4ea88:1830c0b3fec:-65eb','RPT.ADMIN','faas','modify_sketch','Modify sketch'),('USRGRPPERMS38a4ea88:1830c0b3fec:-6682','RPT.ADMIN','faas','modify_appraisal','Modify appraisal'),('USRGRPPERMS38a4ea88:1830c0b3fec:-7a00','RPT.ADMIN','faas','view_payments','View payments');
/*!40000 ALTER TABLE `sys_usergroup_permission` ENABLE KEYS */;
UNLOCK TABLES;

--
-- Dumping data for table `sys_var`
--

LOCK TABLES `sys_var` WRITE;
/*!40000 ALTER TABLE `sys_var` DISABLE KEYS */;
INSERT INTO `sys_var` VALUES ('allow_consolidation_with_balance','false',NULL,'checkbox','ASSESSOR'),('allow_faas_transaction_with_balance','true',NULL,'checkbox','ASSESSOR'),('allow_general_collection_discount','0',NULL,'boolean','TC'),('allow_multiple_open_liquidation','1',NULL,NULL,'TC'),('allow_subdivision_with_balance','false',NULL,'checkbox','ASSESSOR'),('assttreasurername','-',NULL,NULL,'TC'),('assttreasurertitle','-',NULL,NULL,'TC'),('CASHBOOK_CERTIFIED_BY_NAME',NULL,'Cashbook Report Certified By Name','text','REPORT'),('CASHBOOK_CERTIFIED_BY_TITLE',NULL,'Cashbook Report Certified By Title','text','REPORT'),('cashbook_report_allow_multiple_fund_selection','0','Cashbook Report: Allow Multiple Fund Selection','checkbox','TC'),('cashreceipt_reprint_requires_approval','false','CashReceipt Reprinting Requires Approval','checkbox','TC'),('cashreceipt_void_requires_approval','true','CashReceipt Void Requires Approval','checkbox','TC'),('ctc_brgyshare','0.50','CTC Barangay Share',NULL,'CTC'),('current_ry','2013',NULL,'integer','ASSESSOR'),('deposit_collection_by_bank_account','0','Deposit collection by bank account instead of by fund','checkbox','TC'),('deposit_print_date','0',NULL,NULL,'TC'),('faas_affected_rpu_txntype_dp','0','Set affected improvements FAAS txntype to DP e.g. SD and CS','checkbox','ASSESSOR'),('faas_datacapture_allow_edit_av','0',NULL,'checkbox','ASSESSOR'),('faas_effectivity_editable','0','Allow or disallows editing of FAAS effectivity','boolean','ASSESSOR'),('faas_formalize_owner_name','0','Formalize Owner Name upon lookup','checkbox','ASSESSOR'),('gr_ordinance_date','2014-11-10',NULL,'date','ASSESSOR'),('gr_ordinance_no','2014-009',NULL,'text','ASSESSOR'),('gr_renumber_pin','0',NULL,'checkbox','ASSESSOR'),('gr_td_autonumber','true',NULL,'checkbox','ASSESSOR'),('invalid_login_access_date_interval','1m','number of hours/days access date is moved when failed_login_max_retries is reached( d=days, h=hours)',NULL,'SYSTEM'),('invalid_login_action','1','0 - suspend 1-move access to a later date',NULL,'SYSTEM'),('invalid_login_max_retries','5','No. of times a user can retry login before disabling account',NULL,'SYSTEM'),('landtax_certifiedby','-',NULL,'text','LANDTAX'),('landtax_certifiedby_title','ASST. PROVINCIAL TREASURER - OPERATION',NULL,'text','LANDTAX'),('landtax_compromise_show_cutoff_date','0','Show cutoff date for compromise agreement','checkbox','LANDTAX'),('lgu_name','-',NULL,NULL,NULL),('lgu_objid','-',NULL,NULL,NULL),('lgu_type','province',NULL,NULL,NULL),('liquidate_owned_remittance','0','Liquidate owned remittance','checkbox','TC'),('liquidate_remittance_as_of_date','1','Liquidate Remittances as of Date','checkbox','TC'),('liquidation_report_show_accountable_forms','0','Show Accoutable Forms in RCD Liquidation Report ',NULL,'TC'),('pin_autonumber','0',NULL,'checkbox','ASSESSOR'),('pin_type','new','PIN Formatting Type valid values: old or new','text','ASSESSOR'),('pwd_change_cycle','1','No. of times the user cannot use a repeating password',NULL,'SYSTEM'),('pwd_change_date_interval','365M','No. of days/months before a user is required to change their password (d=days, M=months)',NULL,'SYSTEM'),('pwd_change_login_count','0','No. of times a user has successfully logged in before changing their password. (0=no limit) ',NULL,'SYSTEM'),('receipt_item_printout_count','10',NULL,NULL,'SYSTEM'),('rptbilling_assessed_value_fact_years','2002,2013',NULL,NULL,'LANDTAX'),('rptledger_post_ledgerfaas_by_actualuse','0','Post by Ledger FAAS by actual use','checkbox','LANDTAX'),('rptledger_rule_include_ledger_faases','0','Include Ledger FAASes as rule facts','checkbox','LANDTAX'),('rpt_round_to_ten_item_assessed_value','0',NULL,'checkbox','ASSESSOR'),('sangguinan_name','SANGGUNIANG PANLALAWIGAN','sangguinian name','text','ASSESSOR'),('sa_pwd','ba4d084b31b41fbe55302c0429d93c81',NULL,NULL,'SYSTEM'),('secretary_name',NULL,NULL,NULL,NULL),('secretary_title',NULL,NULL,NULL,NULL),('server_timezone','Asia/Shanghai','this must be matched with default timezone of server',NULL,'SYSTEM'),('session_timeout_interval','1d ','expiry dates of inactive session (d=days, h=hours)',NULL,'SYSTEM'),('subdivision_allow_equal_area_only','false','Allow Subdivision with equal area only ','checkbox','ASSESSOR'),('system_pwd','!1234#','system password',NULL,'SYSTEM'),('td_autonumber','true',NULL,'checkbox','ASSESSOR'),('td_autonumber_sequence_count','5',NULL,'integer','ASSESSOR'),('td_format','Y-B','Tax Declaration No. format. Options: Y- revision year, M-municipality index, C - city index, D-district index, B=-barangay index','text','ASSESSOR'),('td_report_display_appraisedby','0',NULL,'checkbox','ASSESSOR'),('td_report_display_recommendedby','0','Display Recommended by ',NULL,'ASSESSOR'),('td_report_item_format','BLGF','Valid Values: BLGF or MODIFIED','text','ASSESSOR'),('td_show_landinfo_on_improvements','1','Show the land information such as boundary etc in the improvement tax declaration. Options: 1 - show; 0 - hide','checkbox','ASSESSOR'),('treasury_remote_orgs','',NULL,'text','TC');
/*!40000 ALTER TABLE `sys_var` ENABLE KEYS */;
UNLOCK TABLES;

--
-- Dumping data for table `sys_wf`
--

LOCK TABLES `sys_wf` WRITE;
/*!40000 ALTER TABLE `sys_wf` DISABLE KEYS */;
INSERT INTO `sys_wf` VALUES ('consolidation','Consolidation Transaction Workflow',NULL),('faas','FAAS Transaction Workflow',NULL),('subdivision','Subdivision Transaction Workflow',NULL);
/*!40000 ALTER TABLE `sys_wf` ENABLE KEYS */;
UNLOCK TABLES;

--
-- Dumping data for table `sys_wf_assignee`
--

LOCK TABLES `sys_wf_assignee` WRITE;
/*!40000 ALTER TABLE `sys_wf_assignee` DISABLE KEYS */;
/*!40000 ALTER TABLE `sys_wf_assignee` ENABLE KEYS */;
UNLOCK TABLES;

--
-- Dumping data for table `sys_wf_node`
--

LOCK TABLES `sys_wf_node` WRITE;
/*!40000 ALTER TABLE `sys_wf_node` DISABLE KEYS */;
INSERT INTO `sys_wf_node` VALUES ('appraiser','batchgr','Appraisal','state',45,NULL,'RPT','APPRAISER',NULL,NULL,NULL),('appraiser','cancelledfaas','Appraisal','state',45,NULL,'RPT','APPRAISER',NULL,NULL,NULL),('appraiser','consolidation','Appraisal','state',45,NULL,'RPT','APPRAISER',NULL,NULL,NULL),('appraiser','faas','Appraisal','state',45,NULL,'RPT','APPRAISER',NULL,NULL,NULL),('appraiser','resection','Appraisal','state',45,NULL,'RPT','APPRAISER',NULL,NULL,NULL),('appraiser','subdivision','Appraisal','state',45,NULL,'RPT','APPRAISER',NULL,NULL,NULL),('appraiser_chief','batchgr','Appraisal Approval','state',55,NULL,'RPT','APPRAISAL_CHIEF',NULL,NULL,NULL),('appraiser_chief','cancelledfaas','Appraisal Chief Approval','state',55,NULL,'RPT','APPRAISAL_CHIEF',NULL,NULL,NULL),('appraiser_chief','consolidation','Appraisal Approval','state',55,NULL,'RPT','APPRAISAL_CHIEF',NULL,NULL,NULL),('appraiser_chief','faas','Appraisal Chief Approval','state',55,NULL,'RPT','APPRAISAL_CHIEF',NULL,NULL,NULL),('appraiser_chief','resection','Appraisal Approval','state',55,NULL,'RPT','APPRAISAL_CHIEF',NULL,NULL,NULL),('appraiser_chief','subdivision','Appraisal Approval','state',55,NULL,'RPT','APPRAISAL_CHIEF',NULL,NULL,NULL),('approver','batchgr','Province Approval','state',90,NULL,'RPT','RECOMMENDER,ASSESSOR',NULL,NULL,NULL),('approver','cancelledfaas','Assessor Approval','state',85,NULL,'RPT','APPROVER,ASSESSOR',NULL,NULL,NULL),('approver','consolidation','Province Approval','state',90,NULL,'RPT','RECOMMENDER,ASSESSOR',NULL,NULL,NULL),('approver','faas','Assessor Approval','state',85,NULL,'RPT','APPROVER,ASSESSOR',NULL,NULL,NULL),('approver','resection','Province Approval','state',90,NULL,'RPT','RECOMMENDER,ASSESSOR',NULL,NULL,NULL),('approver','rptcertification','For Approval','state',4,NULL,'RPT','CERTIFICATION_APPROVER','[fillColor:\"#c0c0c0\",size:[118,42],pos:[604,141],type:\"state\"]','[:]',1),('approver','subdivision','Province Approval','state',90,NULL,'RPT','RECOMMENDER,ASSESSOR',NULL,NULL,NULL),('assign-appraisal-chief','batchgr','For Appraisal Approval','state',50,NULL,'RPT','APPRAISAL_CHIEF',NULL,NULL,NULL),('assign-appraisal-chief','cancelledfaas','For Appraisal Chief Approval','state',50,NULL,'RPT','APPRAISAL_CHIEF',NULL,NULL,NULL),('assign-appraisal-chief','consolidation','For Appraisal Approval','state',50,NULL,'RPT','APPRAISAL_CHIEF',NULL,NULL,NULL),('assign-appraisal-chief','faas','For Appraisal Chief Approval','state',50,NULL,'RPT','APPRAISAL_CHIEF',NULL,NULL,NULL),('assign-appraisal-chief','resection','For Appraisal Approval','state',50,NULL,'RPT','APPRAISAL_CHIEF',NULL,NULL,NULL),('assign-appraisal-chief','subdivision','For Appraisal Approval','state',50,NULL,'RPT','APPRAISAL_CHIEF',NULL,NULL,NULL),('assign-appraiser','batchgr','For Appraisal','state',40,NULL,'RPT','APPRAISER',NULL,NULL,NULL),('assign-appraiser','cancelledfaas','For Appraisal','state',40,NULL,'RPT','APPRAISER',NULL,NULL,NULL),('assign-appraiser','consolidation','For Appraisal','state',40,NULL,'RPT','APPRAISER',NULL,NULL,NULL),('assign-appraiser','faas','For Appraisal','state',40,NULL,'RPT','APPRAISER',NULL,NULL,NULL),('assign-appraiser','resection','For Appraisal','state',40,NULL,'RPT','APPRAISER',NULL,NULL,NULL),('assign-appraiser','subdivision','For Appraisal','state',40,NULL,'RPT','APPRAISER',NULL,NULL,NULL),('assign-approver','cancelledfaas','For Assessor Approval','state',80,NULL,'RPT','APPROVER,ASSESSOR',NULL,NULL,NULL),('assign-approver','faas','For Assessor Approval','state',80,NULL,'RPT','APPROVER,ASSESSOR',NULL,NULL,NULL),('assign-examiner','batchgr','For Examination','state',10,NULL,'RPT','EXAMINER',NULL,NULL,NULL),('assign-examiner','cancelledfaas','For Examination','state',10,NULL,'RPT','EXAMINER',NULL,NULL,NULL),('assign-examiner','consolidation','For Examination','state',10,NULL,'RPT','EXAMINER',NULL,NULL,NULL),('assign-examiner','faas','For Examination','state',10,NULL,'RPT','EXAMINER',NULL,NULL,NULL),('assign-examiner','resection','For Examination','state',10,NULL,'RPT','EXAMINER',NULL,NULL,NULL),('assign-examiner','subdivision','For Examination','state',10,NULL,'RPT','EXAMINER',NULL,NULL,NULL),('assign-provappraiser','cancelledfaas','For Appraisal','state',210,0,'RPT','APPRAISER',NULL,NULL,NULL),('assign-provappraiser','faas','For Appraisal','state',210,0,'RPT','APPRAISER',NULL,NULL,NULL),('assign-provappraiserchief','cancelledfaas','For Appraisal Chief Approval','state',201,0,'RPT','APPRAISAL_CHIEF',NULL,NULL,NULL),('assign-provappraiserchief','faas','For Appraisal Chief Approval','state',201,0,'RPT','APPRAISAL_CHIEF',NULL,NULL,NULL),('assign-provapprover','cancelledfaas','For Provincial Assessor Approval','state',220,0,'RPT','APPROVER',NULL,NULL,NULL),('assign-provapprover','faas','For Provincial Assessor Approval','state',220,0,'RPT','APPROVER',NULL,NULL,NULL),('assign-provrecommender','cancelledfaas','For Recommending Approval','state',71,NULL,'RPT','RECOMMENDER',NULL,NULL,NULL),('assign-provrecommender','faas','For Recommending Approval','state',71,NULL,'RPT','RECOMMENDER',NULL,NULL,NULL),('assign-provtaxmapper','cancelledfaas','For Taxmapping','state',200,0,'RPT','TAXMAPPER',NULL,NULL,NULL),('assign-provtaxmapper','faas','For Taxmapping','state',200,0,'RPT','TAXMAPPER',NULL,NULL,NULL),('assign-provtaxmapperchief','cancelledfaas','For Taxmapping Approval','state',25,0,'RPT','TAXMAPPER_CHIEF',NULL,NULL,NULL),('assign-provtaxmapperchief','faas','For Taxmapping Approval','state',25,0,'RPT','TAXMAPPER_CHIEF',NULL,NULL,NULL),('assign-receiver','cancelledfaas','Assign Receiver','state',2,0,'RPT','RECEIVER',NULL,NULL,NULL),('assign-receiver','faas','Assign Receiver','state',2,0,'RPT','RECEIVER',NULL,NULL,NULL),('assign-recommender','batchgr','For Recommending Approval','state',70,NULL,'RPT','RECOMMENDER,ASSESSOR',NULL,NULL,NULL),('assign-recommender','cancelledfaas','For Recommending Approval','state',70,NULL,'RPT','RECOMMENDER',NULL,NULL,NULL),('assign-recommender','consolidation','For Recommending Approval','state',70,NULL,'RPT','RECOMMENDER,ASSESSOR',NULL,NULL,NULL),('assign-recommender','faas','For Recommending Approval','state',70,NULL,'RPT','RECOMMENDER',NULL,NULL,NULL),('assign-recommender','resection','For Recommending Approval','state',70,NULL,'RPT','RECOMMENDER,ASSESSOR',NULL,NULL,NULL),('assign-recommender','subdivision','For Recommending Approval','state',70,NULL,'RPT','RECOMMENDER,ASSESSOR',NULL,NULL,NULL),('assign-releaser','rptcertification','Releasing','state',6,NULL,'RPT','CERTIFICATION_RELEASER','[fillColor:\"#c0c0c0\",size:[118,42],pos:[604,141],type:\"state\"]','[:]',1),('assign-taxmapper','batchgr','For Taxmapping','state',20,NULL,'RPT','TAXMAPPER',NULL,NULL,NULL),('assign-taxmapper','cancelledfaas','For Taxmapping','state',20,NULL,'RPT','TAXMAPPER',NULL,NULL,NULL),('assign-taxmapper','consolidation','For Taxmapping','state',20,NULL,'RPT','TAXMAPPER',NULL,NULL,NULL),('assign-taxmapper','faas','For Taxmapping','state',20,NULL,'RPT','TAXMAPPER',NULL,NULL,NULL),('assign-taxmapper','resection','For Taxmapping','state',20,NULL,'RPT','TAXMAPPER',NULL,NULL,NULL),('assign-taxmapper','subdivision','For Taxmapping','state',20,NULL,'RPT','TAXMAPPER',NULL,NULL,NULL),('assign-taxmapping-approval','batchgr','For Taxmapping Approval','state',30,NULL,'RPT','TAXMAPPER_CHIEF',NULL,NULL,NULL),('assign-taxmapping-approval','cancelledfaas','For Taxmapper Chief Approval','state',30,NULL,'RPT','TAXMAPPER_CHIEF',NULL,NULL,NULL),('assign-taxmapping-approval','consolidation','For Taxmapping Approval','state',30,NULL,'RPT','TAXMAPPER_CHIEF',NULL,NULL,NULL),('assign-taxmapping-approval','faas','For Taxmapper Chief Approval','state',30,NULL,'RPT','TAXMAPPER_CHIEF',NULL,NULL,NULL),('assign-taxmapping-approval','resection','For Taxmapping Approval','state',30,NULL,'RPT','TAXMAPPER_CHIEF',NULL,NULL,NULL),('assign-taxmapping-approval','subdivision','For Taxmapping Approval','state',30,NULL,'RPT','TAXMAPPER_CHIEF',NULL,NULL,NULL),('cityapprover','batchgr','Assessor Approval','state',95,NULL,'RPT','APPROVER',NULL,NULL,NULL),('end','batchgr','End','end',1000,NULL,'RPT',NULL,NULL,NULL,NULL),('end','cancelledfaas','End','end',1000,NULL,'RPT',NULL,NULL,NULL,NULL),('end','consolidation','End','end',1000,NULL,'RPT',NULL,NULL,NULL,NULL),('end','faas','End','end',1000,NULL,'RPT',NULL,NULL,NULL,NULL),('end','resection','End','end',1000,NULL,'RPT',NULL,NULL,NULL,NULL),('end','subdivision','End','end',1000,NULL,'RPT',NULL,NULL,NULL,NULL),('examiner','batchgr','Examination','state',15,NULL,'RPT','EXAMINER',NULL,NULL,NULL),('examiner','cancelledfaas','Examination','state',15,NULL,'RPT','EXAMINER',NULL,NULL,NULL),('examiner','consolidation','Examination','state',15,NULL,'RPT','EXAMINER',NULL,NULL,NULL),('examiner','faas','Examination','state',15,NULL,'RPT','EXAMINER',NULL,NULL,NULL),('examiner','resection','Examination','state',15,NULL,'RPT','EXAMINER',NULL,NULL,NULL),('examiner','subdivision','Examination','state',15,NULL,'RPT','EXAMINER',NULL,NULL,NULL),('forapproval','batchgr','For Province Approval','state',85,NULL,'RPT','RECOMMENDER,ASSESSOR',NULL,NULL,NULL),('forapproval','consolidation','For Province Approval','state',85,NULL,'RPT','RECOMMENDER,ASSESSOR',NULL,NULL,NULL),('forapproval','resection','For Province Approval','state',85,NULL,'RPT','RECOMMENDER,ASSESSOR',NULL,NULL,NULL),('forapproval','subdivision','For Province Approval','state',85,NULL,'RPT','RECOMMENDER,ASSESSOR',NULL,NULL,NULL),('forprovapproval','batchgr','For Province Approval','state',81,NULL,'RPT','RECOMMENDER,ASSESSOR',NULL,NULL,NULL),('forprovapproval','consolidation','For Province Approval','state',81,NULL,'RPT','RECOMMENDER,ASSESSOR',NULL,NULL,NULL),('forprovapproval','resection','For Province Approval','state',81,NULL,'RPT','RECOMMENDER,ASSESSOR',NULL,NULL,NULL),('forprovapproval','subdivision','For Province Approval','state',81,NULL,'RPT','RECOMMENDER,ASSESSOR',NULL,NULL,NULL),('forprovsubmission','batchgr','For Province Submission','state',80,NULL,'RPT','RECOMMENDER,ASSESSOR',NULL,NULL,NULL),('forprovsubmission','consolidation','For Province Submission','state',80,NULL,'RPT','RECOMMENDER,ASSESSOR',NULL,NULL,NULL),('forprovsubmission','resection','For Province Submission','state',80,NULL,'RPT','RECOMMENDER,ASSESSOR',NULL,NULL,NULL),('forprovsubmission','subdivision','For Province Submission','state',80,NULL,'RPT','RECOMMENDER,ASSESSOR',NULL,NULL,NULL),('provappraiser','cancelledfaas','Appraisal','state',215,0,'RPT','APPRAISER',NULL,NULL,NULL),('provappraiser','faas','Appraisal','state',215,0,'RPT','APPRAISER',NULL,NULL,NULL),('provappraiserchief','cancelledfaas','Appraisal Chief Approval','state',55,NULL,'RPT','APPRAISAL_CHIEF',NULL,NULL,NULL),('provappraiserchief','faas','Appraisal Chief Approval','state',55,NULL,'RPT','APPRAISAL_CHIEF',NULL,NULL,NULL),('provapprover','batchgr','Approved By Province','state',96,NULL,'RPT','APPROVER',NULL,NULL,NULL),('provapprover','cancelledfaas','Provincial Assessor Approval','state',230,NULL,'RPT','APPROVER,ASSESSOR',NULL,NULL,NULL),('provapprover','consolidation','Approved By Province','state',96,NULL,'RPT','APPROVER',NULL,NULL,NULL),('provapprover','faas','Provincial Assessor Approval','state',230,NULL,'RPT','APPROVER,ASSESSOR',NULL,NULL,NULL),('provapprover','resection','Approved By Province','state',96,NULL,'RPT','APPROVER',NULL,NULL,NULL),('provapprover','subdivision','Approved By Province','state',96,NULL,'RPT','APPROVER',NULL,NULL,NULL),('provrecommender','cancelledfaas','Recommending Approval','state',76,NULL,'RPT','RECOMMENDER',NULL,NULL,NULL),('provrecommender','faas','Recommending Approval','state',76,NULL,'RPT','RECOMMENDER',NULL,NULL,NULL),('provtaxmapper','cancelledfaas','Taxmapping','state',205,0,'RPT','TAXMAPPER',NULL,NULL,NULL),('provtaxmapper','faas','Taxmapping','state',205,0,'RPT','TAXMAPPER',NULL,NULL,NULL),('provtaxmapperchief','cancelledfaas','Taxmapping Chief Approval','state',35,NULL,'RPT','TAXMAPPER_CHIEF',NULL,NULL,NULL),('provtaxmapperchief','faas','Taxmapping Chief Approval','state',35,NULL,'RPT','TAXMAPPER_CHIEF',NULL,NULL,NULL),('receiver','batchgr','Review and Verification','state',5,NULL,'RPT','RECEIVER',NULL,NULL,NULL),('receiver','cancelledfaas','Review and Verification','state',5,NULL,'RPT','RECEIVER',NULL,NULL,NULL),('receiver','consolidation','Review and Verification','state',5,NULL,'RPT','RECEIVER',NULL,NULL,NULL),('receiver','faas','Review and Verification','state',5,NULL,'RPT','RECEIVER',NULL,NULL,NULL),('receiver','resection','Review and Verification','state',5,NULL,'RPT','RECEIVER',NULL,NULL,NULL),('receiver','rptcertification','Received','state',2,NULL,'RPT','CERTIFICATION_ISSUER','[fillColor:\"#c0c0c0\",size:[114,40],pos:[206,127],type:\"state\"]','[:]',1),('receiver','subdivision','Review and Verification','state',5,NULL,'RPT','RECEIVER',NULL,NULL,NULL),('recommender','batchgr','Recommending Approval','state',75,NULL,'RPT','RECOMMENDER,ASSESSOR',NULL,NULL,NULL),('recommender','cancelledfaas','Recommending Approval','state',75,NULL,'RPT','RECOMMENDER',NULL,NULL,NULL),('recommender','consolidation','Recommending Approval','state',75,NULL,'RPT','RECOMMENDER,ASSESSOR',NULL,NULL,NULL),('recommender','faas','Recommending Approval','state',75,NULL,'RPT','RECOMMENDER',NULL,NULL,NULL),('recommender','resection','Recommending Approval','state',75,NULL,'RPT','RECOMMENDER,ASSESSOR',NULL,NULL,NULL),('recommender','subdivision','Recommending Approval','state',75,NULL,'RPT','RECOMMENDER,ASSESSOR',NULL,NULL,NULL),('released','rptcertification','Released','end',8,NULL,'RPT','CERTIFICATION_RELEASER','[fillColor:\"#ff0000\",size:[32,32],pos:[797,148],type:\"end\"]','[:]',1),('releaser','rptcertification','For Release','state',7,NULL,'RPT','CERTIFICATION_RELEASER','[fillColor:\"#c0c0c0\",size:[118,42],pos:[604,141],type:\"state\"]','[:]',1),('start','batchgr','Start','start',1,NULL,'RPT',NULL,NULL,NULL,NULL),('start','cancelledfaas','Start','start',1,NULL,'RPT',NULL,NULL,NULL,NULL),('start','consolidation','Start','start',1,NULL,'RPT',NULL,NULL,NULL,NULL),('start','faas','Start','start',1,NULL,'RPT',NULL,NULL,NULL,NULL),('start','resection','Start','start',1,NULL,'RPT',NULL,NULL,NULL,NULL),('start','rptcertification','Start','start',1,NULL,NULL,NULL,'[fillColor:\"#00ff00\",size:[32,32],pos:[102,127],type:\"start\"]','[:]',NULL),('start','subdivision','Start','start',1,NULL,'RPT',NULL,NULL,NULL,NULL),('taxmapper','batchgr','Taxmapping','state',25,NULL,'RPT','TAXMAPPER',NULL,NULL,NULL),('taxmapper','cancelledfaas','Taxmapping','state',25,NULL,'RPT','TAXMAPPER',NULL,NULL,NULL),('taxmapper','consolidation','Taxmapping','state',25,NULL,'RPT','TAXMAPPER',NULL,NULL,NULL),('taxmapper','faas','Taxmapping','state',25,NULL,'RPT','TAXMAPPER',NULL,NULL,NULL),('taxmapper','resection','Taxmapping','state',25,NULL,'RPT','TAXMAPPER',NULL,NULL,NULL),('taxmapper','subdivision','Taxmapping','state',25,NULL,'RPT','TAXMAPPER',NULL,NULL,NULL),('taxmapper_chief','batchgr','Taxmapping Approval','state',35,NULL,'RPT','TAXMAPPER_CHIEF',NULL,NULL,NULL),('taxmapper_chief','cancelledfaas','Taxmapping Approval','state',35,NULL,'RPT','TAXMAPPER_CHIEF',NULL,NULL,NULL),('taxmapper_chief','consolidation','Taxmapping Approval','state',35,NULL,'RPT','TAXMAPPER_CHIEF',NULL,NULL,NULL),('taxmapper_chief','faas','Taxmapping Approval','state',35,NULL,'RPT','TAXMAPPER_CHIEF',NULL,NULL,NULL),('taxmapper_chief','resection','Taxmapping Approval','state',35,NULL,'RPT','TAXMAPPER_CHIEF',NULL,NULL,NULL),('taxmapper_chief','subdivision','Taxmapping Approval','state',35,NULL,'RPT','TAXMAPPER_CHIEF',NULL,NULL,NULL),('verifier','rptcertification','For Verification','state',3,NULL,'RPT','CERTIFICATION_VERIFIER','[fillColor:\"#c0c0c0\",size:[129,44],pos:[412,127],type:\"state\"]','[:]',1);
/*!40000 ALTER TABLE `sys_wf_node` ENABLE KEYS */;
UNLOCK TABLES;

--
-- Dumping data for table `sys_wf_subtask`
--

LOCK TABLES `sys_wf_subtask` WRITE;
/*!40000 ALTER TABLE `sys_wf_subtask` DISABLE KEYS */;
/*!40000 ALTER TABLE `sys_wf_subtask` ENABLE KEYS */;
UNLOCK TABLES;

--
-- Dumping data for table `sys_wf_task`
--

LOCK TABLES `sys_wf_task` WRITE;
/*!40000 ALTER TABLE `sys_wf_task` DISABLE KEYS */;
/*!40000 ALTER TABLE `sys_wf_task` ENABLE KEYS */;
UNLOCK TABLES;

--
-- Dumping data for table `sys_wf_transition`
--

LOCK TABLES `sys_wf_transition` WRITE;
/*!40000 ALTER TABLE `sys_wf_transition` DISABLE KEYS */;
INSERT INTO `sys_wf_transition` VALUES ('approver','batchgr','','provapprover',90,NULL,'[caption:\'Manually Approve Consolidation\', confirm:\'Approve?\', messagehandler:\'rptmessage:approval\']',NULL,NULL,NULL),('approver','consolidation','','provapprover',90,NULL,'[caption:\'Manually Approve Consolidation\', confirm:\'Approve?\', messagehandler:\'rptmessage:approval\']',NULL,NULL,NULL),('approver','resection','','processing-approval',90,NULL,'[caption:\'Manually Approve\', confirm:\'Approve?\', messagehandler:\'rptmessage:approval\']','',NULL,NULL),('approver','subdivision','','provapprover',90,NULL,'[caption:\'Manually Approve Subdivision\', confirm:\'Approve?\', messagehandler:\'rptmessage:approval\']','',NULL,NULL),('assign-appraiser','batchgr','','appraiser',40,NULL,'[caption:\'Assign To Me\', confirm:\'Assign task to you?\']',NULL,NULL,NULL),('assign-appraiser','consolidation','','appraiser',40,NULL,'[caption:\'Assign To Me\', confirm:\'Assign task to you?\']',NULL,NULL,NULL),('assign-appraiser','faas','','appraiser',40,NULL,'[caption:\'Assign To Me\', confirm:\'Assign task to you?\']',NULL,NULL,NULL),('assign-appraiser','resection','','appraiser',40,NULL,'[caption:\'Assign To Me\', confirm:\'Assign task to you?\']',NULL,NULL,NULL),('assign-appraiser','subdivision','','appraiser',40,NULL,'[caption:\'Assign To Me\', confirm:\'Assign task to you?\']',NULL,NULL,NULL),('assign-approver','cancelledfaas','','approver',80,NULL,'[caption:\'Assign To Me\', confirm:\'Assign task to you?\']',NULL,NULL,NULL),('assign-examiner','batchgr','','examiner',10,NULL,'[caption:\'Assign To Me\', confirm:\'Assign task to you?\']',NULL,NULL,NULL),('assign-examiner','consolidation','','examiner',10,NULL,'[caption:\'Assign To Me\', confirm:\'Assign task to you?\']',NULL,NULL,NULL),('assign-examiner','faas','','examiner',15,NULL,'[caption:\'Assign To Me\', confirm:\'Assign task to you?\']',NULL,NULL,NULL),('assign-examiner','resection','','examiner',10,NULL,'[caption:\'Assign To Me\', confirm:\'Assign task to you?\']',NULL,NULL,NULL),('assign-examiner','subdivision','','examiner',10,NULL,'[caption:\'Assign To Me\', confirm:\'Assign task to you?\']',NULL,NULL,NULL),('assign-recommender','cancelledfaas','','recommender',70,NULL,'[caption:\'Assign To Me\', confirm:\'Assign task to you?\']',NULL,NULL,NULL),('assign-recommender','consolidation','','recommender',70,NULL,'[caption:\'Assign To Me\', confirm:\'Assign task to you?\']',NULL,NULL,NULL),('assign-recommender','faas','','recommender',70,NULL,'[caption:\'Assign To Me\', confirm:\'Assign task to you?\']',NULL,NULL,NULL),('assign-recommender','resection','','recommender',70,NULL,'[caption:\'Assign To Me\', confirm:\'Assign task to you?\']',NULL,NULL,NULL),('assign-recommender','subdivision','','recommender',70,NULL,'[caption:\'Assign To Me\', confirm:\'Assign task to you?\']',NULL,NULL,NULL),('assign-taxmapper','batchgr','','taxmapper',20,NULL,'[caption:\'Assign To Me\', confirm:\'Assign task to you?\']',NULL,NULL,NULL),('assign-taxmapper','cancelledfaas','','taxmapper',20,NULL,'[caption:\'Assign To Me\', confirm:\'Assign task to you?\']',NULL,NULL,NULL),('assign-taxmapper','consolidation','','taxmapper',20,NULL,'[caption:\'Assign To Me\', confirm:\'Assign task to you?\']',NULL,NULL,NULL),('assign-taxmapper','faas','','taxmapper',20,NULL,'[caption:\'Assign To Me\', confirm:\'Assign task to you?\']',NULL,NULL,NULL),('assign-taxmapper','resection','','taxmapper',20,NULL,'[caption:\'Assign To Me\', confirm:\'Assign task to you?\']',NULL,NULL,NULL),('assign-taxmapper','subdivision','','taxmapper',20,NULL,'[caption:\'Assign To Me\', confirm:\'Assign task to you?\']',NULL,NULL,NULL),('start','batchgr','','receiver',1,NULL,NULL,NULL,NULL,NULL),('start','cancelledfaas','','receiver',1,NULL,NULL,NULL,NULL,NULL),('start','consolidation','','receiver',1,NULL,NULL,NULL,NULL,NULL),('start','faas','','receiver',1,NULL,NULL,NULL,NULL,NULL),('start','resection','','receiver',1,NULL,NULL,NULL,NULL,NULL),('start','subdivision','','receiver',1,NULL,NULL,NULL,NULL,NULL),('approver','cancelledfaas','approve','end',110,NULL,'[caption:\'Manually Approve\',confirm:\'Manually approve cancellation?\']',NULL,NULL,NULL),('approver','faas','approve','end',100,NULL,'[caption:\'Approve\', confirm:\'Approve FAAS?\', closeonend:false, messagehandler:\'rptmessage:create\']',NULL,NULL,NULL),('provapprover','faas','approve','end',110,NULL,'[caption:\'Approve\', visible:false]',NULL,NULL,NULL),('assign-releaser','rptcertification','assign','releaser',20,NULL,'[caption:\'Assign to Me\', confirm:\'Assign task to you?\']',NULL,'Assign To Me','[size:[63,4],pos:[541,152],type:\"arrow\",points:[541,152,604,156]]'),('start','rptcertification','assign','receiver',1,NULL,'[:]',NULL,'Assign','[size:[72,0],pos:[134,142],type:\"arrow\",points:[134,142,206,142]]'),('provapprover','batchgr','backforprovapproval','approver',95,NULL,'[caption:\'Cancel Posting\', confirm:\'Cancel posting record?\']',NULL,NULL,NULL),('provapprover','consolidation','backforprovapproval','approver',95,NULL,'[caption:\'Cancel Posting\', confirm:\'Cancel posting record?\']',NULL,NULL,NULL),('provapprover','resection','backforprovapproval','approver',95,'#{data != null && data.state != \'APROVED\'}','[caption:\'Cancel Posting\', confirm:\'Cancel posting record?\', visibleWhen=\"#{entity.state != \'APPROVED\'}\"]','',NULL,NULL),('provapprover','subdivision','backforprovapproval','approver',95,NULL,'[caption:\'Cancel Posting\', confirm:\'Cancel posting record?\']','',NULL,NULL),('receiver','rptcertification','cancelissuance','end',5,NULL,'[caption:\'Cancel Issuance\', confirm:\'Cancel issuance?\',closeonend:true]',NULL,'Cancel Issuance','[size:[559,116],pos:[258,32],type:\"arrow\",points:[262,127,258,32,817,40,813,148]]'),('forprovsubmission','batchgr','completed','approver',81,NULL,'[caption:\'Completed\', visible:false]',NULL,NULL,NULL),('forprovsubmission','consolidation','completed','approver',81,NULL,'[caption:\'Completed\', visible:false]',NULL,NULL,NULL),('forprovsubmission','resection','completed','approver',81,NULL,'[caption:\'Completed\', visible:false]','',NULL,NULL),('forprovsubmission','subdivision','completed','approver',81,NULL,'[caption:\'Completed\', visible:false]','',NULL,NULL),('provapprover','batchgr','completed','end',100,NULL,'[caption:\'Approved\', visible:false]',NULL,NULL,NULL),('provapprover','consolidation','completed','end',100,NULL,'[caption:\'Approved\', visible:false]',NULL,NULL,NULL),('provapprover','resection','completed','end',100,NULL,'[caption:\'Approved\', visible:false]','',NULL,NULL),('provapprover','subdivision','completed','end',100,NULL,'[caption:\'Approved\', visible:false]','',NULL,NULL),('receiver','batchgr','delete','end',6,NULL,'[caption:\'Delete\', confirm:\'Delete?\', closeonend:true]',NULL,NULL,NULL),('receiver','cancelledfaas','delete','end',5,NULL,'[caption:\'Delete\', confirm:\'Delete record?\', closeonend:true]',NULL,NULL,NULL),('receiver','consolidation','delete','end',6,NULL,'[caption:\'Delete\', confirm:\'Delete?\', closeonend:true]',NULL,NULL,NULL),('receiver','faas','delete','end',5,NULL,'[caption:\'Delete\', confirm:\'Delete record?\', closeonend:true]',NULL,NULL,NULL),('receiver','resection','delete','end',6,NULL,'[caption:\'Delete\', confirm:\'Delete?\', closeonend:true]',NULL,NULL,NULL),('receiver','subdivision','delete','end',6,NULL,'[caption:\'Delete\', confirm:\'Delete?\', closeonend:true]',NULL,NULL,NULL),('recommender','batchgr','returnappraiser','appraiser',77,NULL,'[caption:\'Return to Appraiser\', confirm:\'Return to appraiser?\', messagehandler:\'default\']',NULL,NULL,NULL),('recommender','consolidation','returnappraiser','appraiser',77,NULL,'[caption:\'Return to Appraiser\', confirm:\'Return to appraiser?\', messagehandler:\'default\']',NULL,NULL,NULL),('recommender','resection','returnappraiser','appraiser',77,NULL,'[caption:\'Return to Appraiser\', confirm:\'Return to appraiser?\', messagehandler:\'default\']',NULL,NULL,NULL),('recommender','subdivision','returnappraiser','appraiser',77,NULL,'[caption:\'Return to Appraiser\', confirm:\'Return to appraiser?\', messagehandler:\'default\']',NULL,NULL,NULL),('forprovsubmission','batchgr','returnapprover','recommender',80,NULL,'[caption:\'Cancel Posting\', confirm:\'Cancel posting record?\']',NULL,NULL,NULL),('forprovsubmission','consolidation','returnapprover','recommender',80,NULL,'[caption:\'Cancel Posting\', confirm:\'Cancel posting record?\']',NULL,NULL,NULL),('forprovsubmission','resection','returnapprover','recommender',80,NULL,'[caption:\'Cancel Posting\', confirm:\'Cancel posting record?\']','',NULL,NULL),('forprovsubmission','subdivision','returnapprover','recommender',80,NULL,'[caption:\'Cancel Posting\', confirm:\'Cancel posting record?\']','',NULL,NULL),('appraiser','batchgr','returnexaminer','examiner',46,NULL,'[caption:\'Return to Examiner\', confirm:\'Return to examiner?\', messagehandler:\'default\']',NULL,NULL,NULL),('appraiser','consolidation','returnexaminer','examiner',46,NULL,'[caption:\'Return to Examiner\', confirm:\'Return to examiner?\', messagehandler:\'default\']',NULL,NULL,NULL),('appraiser','resection','returnexaminer','examiner',46,NULL,'[caption:\'Return to Examiner\', confirm:\'Return to examiner?\', messagehandler:\'default\']',NULL,NULL,NULL),('appraiser','subdivision','returnexaminer','examiner',46,NULL,'[caption:\'Return to Examiner\', confirm:\'Return to examiner?\', messagehandler:\'default\']',NULL,NULL,NULL),('recommender','batchgr','returnexaminer','examiner',75,NULL,'[caption:\'Return to Examiner\', confirm:\'Return to examiner?\', messagehandler:\'default\']',NULL,NULL,NULL),('recommender','consolidation','returnexaminer','examiner',75,NULL,'[caption:\'Return to Examiner\', confirm:\'Return to examiner?\', messagehandler:\'default\']',NULL,NULL,NULL),('recommender','resection','returnexaminer','examiner',75,NULL,'[caption:\'Return to Examiner\', confirm:\'Return to examiner?\', messagehandler:\'default\']',NULL,NULL,NULL),('recommender','subdivision','returnexaminer','examiner',75,NULL,'[caption:\'Return to Examiner\', confirm:\'Return to examiner?\', messagehandler:\'default\']',NULL,NULL,NULL),('taxmapper','batchgr','returnexaminer','examiner',26,NULL,'[caption:\'Return to Examiner\', confirm:\'Return to examiner?\', messagehandler:\'default\']',NULL,NULL,NULL),('taxmapper','consolidation','returnexaminer','examiner',26,NULL,'[caption:\'Return to Examiner\', confirm:\'Return to examiner?\', messagehandler:\'default\']',NULL,NULL,NULL),('taxmapper','resection','returnexaminer','examiner',26,NULL,'[caption:\'Return to Examiner\', confirm:\'Return to examiner?\', messagehandler:\'default\']',NULL,NULL,NULL),('taxmapper','subdivision','returnexaminer','examiner',26,NULL,'[caption:\'Return to Examiner\', confirm:\'Return to examiner?\', messagehandler:\'default\']',NULL,NULL,NULL),('examiner','batchgr','returnreceiver','receiver',15,NULL,'[caption:\'Return to Receiver\', confirm:\'Return to receiver?\', messagehandler:\'default\']',NULL,NULL,NULL),('examiner','consolidation','returnreceiver','receiver',15,NULL,'[caption:\'Return to Receiver\', confirm:\'Return to receiver?\', messagehandler:\'default\']',NULL,NULL,NULL),('examiner','faas','returnreceiver','receiver',16,NULL,'[caption:\'Return to Receiver\', confirm:\'Return to receiver?\', messagehandler:\'default\']',NULL,NULL,NULL),('examiner','resection','returnreceiver','receiver',15,NULL,'[caption:\'Return to Receiver\', confirm:\'Return to receiver?\', messagehandler:\'default\']',NULL,NULL,NULL),('examiner','subdivision','returnreceiver','receiver',15,NULL,'[caption:\'Return to Receiver\', confirm:\'Return to receiver?\', messagehandler:\'default\']',NULL,NULL,NULL),('taxmapper','batchgr','returnreceiver','receiver',25,NULL,'[caption:\'Return to Receiver\', confirm:\'Return to receiver?\', messagehandler:\'default\']','',NULL,NULL),('taxmapper','consolidation','returnreceiver','receiver',25,NULL,'[caption:\'Return to Receiver\', confirm:\'Return to receiver?\', messagehandler:\'default\']',NULL,NULL,NULL),('taxmapper','resection','returnreceiver','receiver',25,NULL,'[caption:\'Return to Receiver\', confirm:\'Return to receiver?\', messagehandler:\'default\']','',NULL,NULL),('taxmapper','subdivision','returnreceiver','receiver',25,NULL,'[caption:\'Return to Receiver\', confirm:\'Return to receiver?\', messagehandler:\'default\']','',NULL,NULL),('appraiser','batchgr','returntaxmapper','taxmapper',45,NULL,'[caption:\'Return to Taxmapper\', confirm:\'Return to taxmapper?\', messagehandler:\'default\']',NULL,NULL,NULL),('appraiser','consolidation','returntaxmapper','taxmapper',45,NULL,'[caption:\'Return to Taxmapper\', confirm:\'Return to taxmapper?\', messagehandler:\'default\']',NULL,NULL,NULL),('appraiser','resection','returntaxmapper','taxmapper',45,NULL,'[caption:\'Return to Taxmapper\', confirm:\'Return to taxmapper?\', messagehandler:\'default\']',NULL,NULL,NULL),('appraiser','subdivision','returntaxmapper','taxmapper',45,NULL,'[caption:\'Return to Taxmapper\', confirm:\'Return to taxmapper?\', messagehandler:\'default\']',NULL,NULL,NULL),('recommender','batchgr','returntaxmapper','taxmapper',76,NULL,'[caption:\'Return to Taxmapper\', confirm:\'Return to taxmapper?\', messagehandler:\'default\']',NULL,NULL,NULL),('recommender','consolidation','returntaxmapper','taxmapper',76,NULL,'[caption:\'Return to Taxmapper\', confirm:\'Return to taxmapper?\', messagehandler:\'default\']',NULL,NULL,NULL),('recommender','resection','returntaxmapper','taxmapper',76,NULL,'[caption:\'Return to Taxmapper\', confirm:\'Return to taxmapper?\', messagehandler:\'default\']',NULL,NULL,NULL),('recommender','subdivision','returntaxmapper','taxmapper',76,NULL,'[caption:\'Return to Taxmapper\', confirm:\'Return to taxmapper?\', messagehandler:\'default\']',NULL,NULL,NULL),('approver','faas','return_appraiser','appraiser',87,NULL,'[caption:\'Return to Appraiser\',confirm:\'Return to Appraiser?\', messagehandler:\'default\']',NULL,NULL,NULL),('recommender','cancelledfaas','return_appraiser','appraiser',72,NULL,'[caption:\'Return to Appraiser\',confirm:\'Return to appraiser?\', messagehandler:\'default\']',NULL,NULL,NULL),('recommender','faas','return_appraiser','appraiser',72,NULL,'[caption:\'Return to Appraiser\',confirm:\'Return to appraiser?\', messagehandler:\'default\']',NULL,NULL,NULL),('appraiser','faas','return_receiver','receiver',45,NULL,'[caption:\'Return to Receiver\',confirm:\'Return to receiver?\', messagehandler:\'default\']',NULL,NULL,NULL),('approver','rptcertification','return_receiver','receiver',15,NULL,'[caption:\'Return to Issuer\', confirm:\'Return to issuer?\', messagehandler:\'default\']',NULL,'Return to Receiver','[size:[333,113],pos:[285,167],type:\"arrow\",points:[618,183,414,280,285,167]]'),('recommender','cancelledfaas','return_receiver','receiver',71,NULL,'[caption:\'Return to Receiver\',confirm:\'Return to receiver?\', messagehandler:\'default\']','',NULL,NULL),('taxmapper','cancelledfaas','return_receiver','receiver',25,NULL,'[caption:\'Return to Receiver\',confirm:\'Return to receiver?\',messagehandler:\'default\']',NULL,NULL,NULL),('taxmapper','faas','return_receiver','receiver',25,NULL,'[caption:\'Return to Receiver\',confirm:\'Return to receiver?\',messagehandler:\'default\']',NULL,NULL,NULL),('verifier','rptcertification','return_receiver','receiver',10,NULL,'[caption:\'Return to Issuer\', confirm:\'Return to issuer?\', messagehandler:\'default\']',NULL,'Return to Receiver','[size:[160,63],pos:[292,64],type:\"arrow\",points:[452,127,385,64,292,127]]'),('approver','faas','return_recommender','recommender',85,NULL,'[caption:\'Return to Recommender\',confirm:\'Return to Recommender?\', messagehandler:\'default\']',NULL,NULL,NULL),('appraiser','faas','return_taxmapper','taxmapper',46,NULL,'[caption:\'Return to Taxmapper\',confirm:\'Return to taxmapper?\', messagehandler:\'default\']',NULL,NULL,NULL),('approver','faas','return_taxmapper','taxmapper',86,NULL,'[caption:\'Return to Taxmapper\',confirm:\'Return to Taxmapper?\', messagehandler:\'default\']',NULL,NULL,NULL),('recommender','cancelledfaas','return_taxmapper','taxmapper',73,NULL,'[caption:\'Return to Taxmapper\',confirm:\'Return to taxmapper?\', messagehandler:\'default\']',NULL,NULL,NULL),('recommender','faas','return_taxmapper','taxmapper',73,NULL,'[caption:\'Return to Taxmapper\',confirm:\'Return to taxmapper?\', messagehandler:\'default\']',NULL,NULL,NULL),('appraiser','batchgr','submit','assign-recommender',47,NULL,'[caption:\'Submit for Recommending Approval\', confirm:\'Submit?\', messagehandler:\'rptmessage:sign\']',NULL,NULL,NULL),('appraiser','consolidation','submit','assign-recommender',47,NULL,'[caption:\'Submit for Recommending Approval\', confirm:\'Submit?\', messagehandler:\'rptmessage:create\']',NULL,NULL,NULL),('appraiser','faas','submit','assign-recommender',47,NULL,'[caption:\'Submit to Assessor\', confirm:\'Submit for approval?\', messagehandler:\'rptmessage:create\']',NULL,NULL,NULL),('appraiser','resection','submit','assign-recommender',47,NULL,'[caption:\'Submit for Recommending Approval\', confirm:\'Submit?\', messagehandler:\'rptmessage:create\']',NULL,NULL,NULL),('appraiser','subdivision','submit','assign-recommender',47,NULL,'[caption:\'Submit for Recommending Approval\', confirm:\'Submit?\', messagehandler:\'rptmessage:create\']',NULL,NULL,NULL),('approver','rptcertification','submit','assign-releaser',16,NULL,'[caption:\'Approve\', confirm:\'Approve?\', messagehandler:\'rptmessage:sign\']',NULL,'Approve','[size:[75,0],pos:[722,162],type:\"arrow\",points:[722,162,797,162]]'),('examiner','batchgr','submit','assign-taxmapper',16,NULL,'[caption:\'Submit for Taxmapping\', confirm:\'Submit?\']',NULL,NULL,NULL),('examiner','consolidation','submit','assign-taxmapper',16,NULL,'[caption:\'Submit for Taxmapping\', confirm:\'Submit?\']',NULL,NULL,NULL),('examiner','faas','submit','assign-taxmapper',17,NULL,'[caption:\'Submit for Taxmapping\', confirm:\'Submit?\']',NULL,NULL,NULL),('examiner','resection','submit','assign-taxmapper',16,NULL,'[caption:\'Submit for Taxmapping\', confirm:\'Submit?\']',NULL,NULL,NULL),('examiner','subdivision','submit','assign-taxmapper',16,NULL,'[caption:\'Submit for Taxmapping\', confirm:\'Submit?\']',NULL,NULL,NULL),('receiver','batchgr','submit','assign-taxmapper',5,NULL,'[caption:\'Submit For Taxmapping\', confirm:\'Submit?\']',NULL,NULL,NULL),('receiver','cancelledfaas','submit','assign-taxmapper',16,NULL,'[caption:\'Submit for Taxmapping\', confirm:\'Submit for taxmapping?\', messagehandler:\'default\']',NULL,NULL,NULL),('receiver','consolidation','submit','assign-examiner',5,NULL,'[caption:\'Submit For Examination\', confirm:\'Submit?\']',NULL,NULL,NULL),('receiver','resection','submit','assign-examiner',5,NULL,'[caption:\'Submit For Examination\', confirm:\'Submit?\']',NULL,NULL,NULL),('receiver','rptcertification','submit','verifier',6,NULL,'[caption:\'Submit to Verifier\', confirm:\'Submit to verifier?\', messagehandler:\'rptmessage:info\',targetrole:\'RPT.CERTIFICATION_VERIFIER\']',NULL,'Submit to Verifier','[size:[92,0],pos:[320,146],type:\"arrow\",points:[320,146,412,146]]'),('receiver','subdivision','submit','assign-examiner',5,NULL,'[caption:\'Submit For Examination\', confirm:\'Submit?\']',NULL,NULL,NULL),('recommender','batchgr','submit','forprovsubmission',78,NULL,'[caption:\'Submit to Province\', confirm:\'Submit to Province?\', messagehandler:\'rptmessage:create\']',NULL,NULL,NULL),('recommender','consolidation','submit','forprovsubmission',78,NULL,'[caption:\'Submit to Province\', confirm:\'Submit to Province?\', messagehandler:\'rptmessage:create\']',NULL,NULL,NULL),('recommender','resection','submit','forprovsubmission',78,NULL,'[caption:\'Submit to Province\', confirm:\'Submit to Province?\', messagehandler:\'rptmessage:create\']','',NULL,NULL),('recommender','subdivision','submit','forprovsubmission',78,NULL,'[caption:\'Submit to Province\', confirm:\'Submit to Province?\', messagehandler:\'rptmessage:create\']','',NULL,NULL),('releaser','rptcertification','submit','released',100,'','[caption:\'Release Certification\', confirm:\'Release certifications?\', closeonend:false, messagehandler:\'rptmessage:info\']','','Release Certification','[:]'),('taxmapper','batchgr','submit','assign-appraiser',26,NULL,'[caption:\'Submit for Appraisal\', confirm:\'Submit?\', messagehandler:\'rptmessage:sign\']',NULL,NULL,NULL),('taxmapper','cancelledfaas','submit','assign-recommender',27,NULL,'[caption:\'Submit for Recommending Approval\', confirm:\'Submit?\', messagehandler:\'rptmessage:create\']',NULL,NULL,NULL),('taxmapper','consolidation','submit','assign-appraiser',26,NULL,'[caption:\'Submit for Appraisal\', confirm:\'Submit?\', messagehandler:\'rptmessage:create\']',NULL,NULL,NULL),('taxmapper','faas','submit','assign-appraiser',27,NULL,'[caption:\'Submit for Appraisal\', confirm:\'Submit for appraisal?\', messagehandler:\'rptmessage:create\']',NULL,NULL,NULL),('taxmapper','resection','submit','assign-appraiser',26,NULL,'[caption:\'Submit for Appraisal\', confirm:\'Submit?\', messagehandler:\'rptmessage:create\']',NULL,NULL,NULL),('taxmapper','subdivision','submit','assign-appraiser',26,NULL,'[caption:\'Submit for Appraisal\', confirm:\'Submit?\', messagehandler:\'rptmessage:create\']',NULL,NULL,NULL),('verifier','rptcertification','submit','approver',11,NULL,'[caption:\'Submit for Approval\', confirm:\'Submit for approval?\', messagehandler:\'rptmessage:sign\',targetrole:\'RPT.CERTIFICATION_APPROVER\']',NULL,'Submit to Approver','[size:[63,4],pos:[541,152],type:\"arrow\",points:[541,152,604,156]]'),('recommender','cancelledfaas','submit_approver','assign-approver',74,NULL,'[caption:\'Submit for Assessor Approval\', confirm:\'Submit to assessor approval?\', messagehandler:\'default\']',NULL,NULL,NULL),('receiver','faas','submit_examiner','assign-examiner',11,NULL,'[caption:\'Submit for Examination\', confirm:\'Submit for examination?\', messagehandler:\'default\']',NULL,NULL,NULL),('receiver','faas','submit_taxmapper','assign-taxmapper',12,NULL,'[caption:\'Submit for Taxmapping\', confirm:\'Submit for taxmapping?\', messagehandler:\'default\']',NULL,NULL,NULL),('recommender','cancelledfaas','submit_to_province','approver',75,NULL,'[caption:\'Submit to Province\', confirm:\'Submit to Province?\', messagehandler:\'rptmessage:create\']',NULL,NULL,NULL),('recommender','faas','submit_to_province','provapprover',75,NULL,'[caption:\'Submit to Province\', confirm:\'Submit to Province?\', messagehandler:\'rptmessage:create\']',NULL,NULL,NULL);
/*!40000 ALTER TABLE `sys_wf_transition` ENABLE KEYS */;
UNLOCK TABLES;

--
-- Dumping data for table `sys_wf_workitemtype`
--

LOCK TABLES `sys_wf_workitemtype` WRITE;
/*!40000 ALTER TABLE `sys_wf_workitemtype` DISABLE KEYS */;
/*!40000 ALTER TABLE `sys_wf_workitemtype` ENABLE KEYS */;
UNLOCK TABLES;

--
-- Dumping data for table `treasury_variableinfo`
--

LOCK TABLES `treasury_variableinfo` WRITE;
/*!40000 ALTER TABLE `treasury_variableinfo` DISABLE KEYS */;
/*!40000 ALTER TABLE `treasury_variableinfo` ENABLE KEYS */;
UNLOCK TABLES;

--
-- Dumping data for table `txnlog`
--

LOCK TABLES `txnlog` WRITE;
/*!40000 ALTER TABLE `txnlog` DISABLE KEYS */;
/*!40000 ALTER TABLE `txnlog` ENABLE KEYS */;
UNLOCK TABLES;

--
-- Dumping data for table `txnref`
--

LOCK TABLES `txnref` WRITE;
/*!40000 ALTER TABLE `txnref` DISABLE KEYS */;
/*!40000 ALTER TABLE `txnref` ENABLE KEYS */;
UNLOCK TABLES;

--
-- Dumping data for table `txnsignatory`
--

LOCK TABLES `txnsignatory` WRITE;
/*!40000 ALTER TABLE `txnsignatory` DISABLE KEYS */;
/*!40000 ALTER TABLE `txnsignatory` ENABLE KEYS */;
UNLOCK TABLES;

--
-- Dumping data for table `variableinfo`
--

LOCK TABLES `variableinfo` WRITE;
/*!40000 ALTER TABLE `variableinfo` DISABLE KEYS */;
/*!40000 ALTER TABLE `variableinfo` ENABLE KEYS */;
UNLOCK TABLES;

--
-- Dumping data for table `workflowstate`
--

LOCK TABLES `workflowstate` WRITE;
/*!40000 ALTER TABLE `workflowstate` DISABLE KEYS */;
/*!40000 ALTER TABLE `workflowstate` ENABLE KEYS */;
UNLOCK TABLES;
/*!40103 SET TIME_ZONE=@OLD_TIME_ZONE */;

/*!40101 SET SQL_MODE=@OLD_SQL_MODE */;
/*!40014 SET FOREIGN_KEY_CHECKS=@OLD_FOREIGN_KEY_CHECKS */;
/*!40014 SET UNIQUE_CHECKS=@OLD_UNIQUE_CHECKS */;
/*!40101 SET CHARACTER_SET_CLIENT=@OLD_CHARACTER_SET_CLIENT */;
/*!40101 SET CHARACTER_SET_RESULTS=@OLD_CHARACTER_SET_RESULTS */;
/*!40101 SET COLLATION_CONNECTION=@OLD_COLLATION_CONNECTION */;
/*!40111 SET SQL_NOTES=@OLD_SQL_NOTES */;

-- Dump completed on 2022-11-28 21:10:36
